artist.familiarity,artist.hotttnesss,artist.id,artist.latitude,artist.location,artist.longitude,artist.name,artist.similar,artist.terms,artist.terms_freq,release.id,release.name,song.artist_mbtags,song.artist_mbtags_count,song.bars_confidence,song.bars_start,song.beats_confidence,song.beats_start,song.duration,song.end_of_fade_in,song.hotttnesss,song.id,song.key,song.key_confidence,song.loudness,song.mode,song.mode_confidence,song.start_of_fade_out,song.tatums_confidence,song.tatums_start,song.tempo,song.time_signature,song.time_signature_confidence,song.title,song.year,artist_clean,release_name_clean
0.630630038,0.417499645,ARMJAGH1187FB546F3,35.14968,0,-90.04892,The Box Tops,0.0,blue-eyed soul,1.0,300822,0,0.0,1.0,0.007,0.71054,1.0,0.20627,148.03546,0.148,-1.0,SOCIWDW12A8C13D406,6.0,0.169,-9.843,0,0.43,137.915,0.969,0.20627,121.274,4.0,0.384,0,1969,the box tops,0
0.630382334,0.454231157,AR7G5I41187FB4CE6C,0.0,0,0.0,Adam Ant,0.0,pop rock,0.988583863,287650,0,0.0,1.0,0.017,1.30621,0.809,0.81002,233.40363,0.0,-1.0,SONHOTT12A8C13493C,0.0,0.751,-9.013,1,0.749,217.124,0.601,0.56254,119.293,4.0,0.0,0,1982,adam ant,0
0.651045661,0.401723686,ARXR32B1187FB57099,0.0,0,0.0,Gob,0.0,pop punk,0.887288301,611336,0,0.0,0.0,0.175,1.06368,0.883,0.13576,209.60608,0.066,0.604500739,SOFSOCN12A8C143F5D,2.0,0.092,-4.501,1,0.371,198.699,1.0,0.13576,129.738,4.0,0.562,0,2007,gob,0
0.426667857,0.332275747,AR8ZCNI1187B9A069B,0.0,0,0.0,Planet P Project,0.0,new wave,0.959766246,358182,0,0.0,0.0,0.806,1.91886,0.44,1.22595,269.81832,5.3,0.265861049,SOIAZJW12AB01853F1,4.0,0.717,-13.496,1,0.652,258.99,0.121,1.22595,86.643,4.0,0.487,0,1984,planet p project,0
0.776675856,0.553071992,ARIK43K1187B9AE54C,0.0,0,0.0,Lionel Richie,0.0,quiet storm,1.0,25811,0,0.0,1.0,0.191,0.82842,1.0,0.82842,307.3824,0.612,-1.0,SOBONFF12A6D4F84D8,3.0,0.524,-8.346,1,0.533,296.658,0.389,0.58901,125.197,3.0,0.211,0,1986,lionel richie,0
0.636423645,0.447935481,ARD842G1187B997376,43.64856,0,-79.38533,Blue Rodeo,0.0,country rock,1.0,135122,0,0.0,2.0,0.507,1.32118,0.0,0.30065,491.12771,0.0,0.405115722,SOHUOAP12A8AE488E9,7.0,1.0,-8.576,1,0.829,486.034,0.377,0.05047,119.826,4.0,0.756,0,1987,blue rodeo,0
0.707199764,0.51346329,ARYKCQI1187FB3B18F,0.0,0,0.0,Tesla,0.0,hard rock,1.0,372309,0,0.0,0.0,0.03,0.8752,1.0,0.05728,290.29832,0.145,0.684136191,SOXLBJT12A8C140925,7.0,0.725,-5.271,1,0.756,285.605,0.238,0.05728,150.062,4.0,0.931,0,2004,tesla,0
0.839962768,0.541888972,ARMAC4T1187FB3FA4C,40.82624,0,-74.47995,The Dillinger Escape Plan,0.0,math-core,0.944381208,223365,0,0.0,1.0,0.027,1.06698,0.931,0.33578,207.77751,0.061,0.666527846,SOBBUGU12A8C13E95D,7.0,0.381,-4.264,1,0.453,204.696,0.654,0.15349,166.862,4.0,0.0,0,2004,the dillinger escape plan,0
0.435415818,0.306242264,AR47JEX1187B995D81,37.83721,0,-94.35868,SUE THOMPSON,0.0,pop rock,0.979853486,652784,0,0.0,0.0,0.006,0.70311,0.587,0.26706,124.86485,0.0,0.495293621,SOBLGCN12AB0183212,10.0,0.697,-12.332,1,0.541,115.74,1.0,0.04025,137.522,4.0,0.0,0,1985,sue thompson,0
0.459797129,0.349912612,ARDNS031187B9924F0,32.67828,0,-83.22295,Tim Wilson,0.0,filk,1.0,160881,0,0.0,0.0,0.0,0.52648,0.0,0.52648,186.48771,1.083,-1.0,SONYPOM12A8C13B2D7,5.0,0.762,-4.516,1,0.539,175.467,0.231,0.07391,90.022,1.0,0.971,0,2005,tim wilson,0
0.588827101,0.379671125,AROUOZZ1187B9ABE51,40.79195,0,-73.94512,Willie Bobo,0.0,latin jazz,0.965406124,59744,0,0.0,0.0,0.02,1.01964,1.0,0.06314,168.25424,0.2,-1.0,SOBZBAZ12A6D4F8742,8.0,0.812,-9.616,1,0.736,161.89,0.959,0.06314,127.025,4.0,0.792,0,1997,willie bobo,0
0.396455254,0.299230368,ARH4Z031187B9A71F2,40.73197,0,-74.17418,Faye Adams,0.0,jump blues,1.0,373723,0,0.0,0.0,0.096,0.97531,0.987,0.3393,156.39465,0.562,0.0,SOVYKGO12AB0187199,8.0,0.569,-18.051,1,0.495,150.634,0.67,0.3393,95.957,3.0,0.689,0,1961,faye adams,0
0.706827671,0.416173065,ARB29H41187B98F0EF,41.88415,0,-87.63241,Terry Callier,0.0,soul jazz,0.985011245,228326,0,0.0,1.0,0.145,0.96908,0.708,0.42073,342.56934,0.063,0.413739836,SOGNCJP12A58A80271,6.0,0.381,-11.939,1,0.538,333.154,0.462,0.13836,110.189,3.0,0.353,0,1972,terry callier,0
0.640807102,0.418216518,ARAJPHH1187FB5566A,40.7038,0,-73.83168,The Shangri-Las,0.0,doo-wop,0.922774628,643400,0,0.0,0.0,0.812,0.10131,0.812,0.10131,164.80608,0.0,0.443291312,SOYTPEP12AB0180E7B,10.0,0.254,-10.922,1,0.042,156.177,0.879,0.10131,130.1,1.0,0.0,0,1964,the shangri-las,0
0.523714637,0.384611084,AR0RCMP1187FB3F427,30.08615,0,-94.10158,Billie Jo Spears,0.0,classic country,0.984993496,663761,0,0.0,0.0,0.0,0.24118,0.0,0.24118,133.32853,0.0,0.0,SOGXHEG12AB018653E,4.0,0.384,-9.983,1,0.402,130.009,0.515,0.04851,160.839,1.0,0.0,0,1992,billie jo spears,0
0.501544777,0.392733676,ARGUVEV1187B98BA17,0.0,0,0.0,Sierra Maestra,0.0,charanga,1.0,270281,0,0.0,0.0,0.291,0.76895,0.219,0.09309,313.12934,0.0,-1.0,SOGOSOV12AF72A285E,9.0,0.724,-9.512,1,0.364,307.688,0.372,0.09309,189.646,3.0,0.674,0,1997,sierra maestra,0
0.527865076,0.393121934,ARLGWFM1187FB4AC9F,34.05349,0,-118.24532,Scarlet's Remains,0.0,gothic metal,0.974033549,709879,0,0.0,0.0,0.379,0.73465,0.268,0.28881,198.73914,0.0,0.450992312,SOMSBGZ12AB018C4CB,7.0,0.673,-7.469,1,0.579,193.016,0.461,0.14044,115.061,4.0,0.731,0,2007,scarlet's remains,0
0.668674533,0.467538444,ARWYVP51187B98C516,42.33168,0,-83.04792,The Suicide Machines,0.0,ska punk,1.0,706005,0,0.0,0.0,0.987,0.90181,0.471,0.38075,95.68608,0.0,0.528782481,SONYRZV12AB018AF70,2.0,0.421,-2.022,1,0.589,87.806,0.84,0.12215,115.887,4.0,0.744,0,2003,the suicide machines,0
0.661080168,0.442765842,ARV1JVD1187B9AD195,35.91463,0,-79.05661,Loudon Wainwright III,0.0,modern rock,1.0,28723,0,0.0,1.0,0.077,1.56662,0.799,0.37554,190.48444,0.258,0.510119314,SOINBCU12A6D4F94C0,3.0,0.544,-15.663,1,0.596,177.029,0.537,0.37554,102.428,4.0,0.496,0,1995,loudon wainwright iii,0
0.701180874,0.466628889,AR7TTS41187B9B42D3,34.36401,0,-89.51877,R.L. Burnside,0.0,delta blues,0.980350471,557761,0,0.0,1.0,0.002,0.93659,0.885,0.275,277.78567,0.24,0.482137585,SOTWVQT12A58A79650,2.0,0.0,-6.944,1,0.0,267.453,0.963,0.275,89.984,4.0,0.0,0,2004,r.l. burnside,0
0.73379894,0.544257506,ART3O5Z1187B9AB043,32.77815,0,-96.7954,Stevie Ray Vaughan,0.0,texas blues,0.999791772,417945,0,0.0,1.0,0.008,0.74277,1.0,0.2077,248.78975,0.183,-1.0,SOTSEJY12AB0180F56,1.0,0.754,-7.805,1,0.597,246.19,0.867,0.2077,116.721,4.0,0.522,0,1992,stevie ray vaughan,0
0.590692918,0.452817838,AR5U94U1187FB5CDCF,0.0,0,0.0,John Hammond,0.0,blues,1.0,575531,0,0.0,1.0,0.058,0.32071,0.651,0.32071,195.3171,0.0,-1.0,SOTSETT12AB01863B8,7.0,0.98,-10.7,1,0.753,187.617,0.672,0.32071,123.142,4.0,0.678,0,2002,john hammond,0
0.665322162,0.394217199,ARRJNTE1187FB44E12,0.0,0,0.0,Casiotone For The Painfully Alone,0.0,trip hop,0.877629027,234425,0,0.0,1.0,0.002,0.74575,0.706,0.32409,175.72526,0.734,0.785892288,SOTUNMH12A6D4FA3E6,0.0,0.522,-10.93,1,0.474,168.699,1.0,0.11431,141.919,4.0,0.445,0,2006,casiotone for the painfully alone,0
0.50407567,0.33457736,AR6IRG41187B9A4D98,52.51607,0,13.37698,Ec8or,0.0,hardcore techno,1.0,505301,0,0.0,0.0,0.024,0.47086,0.0,0.47086,217.23383,1.042,-1.0,SOEPPKB12AB018418B,10.0,0.005,-9.493,0,0.305,213.496,0.283,0.15342,95.596,4.0,1.0,0,1995,ec8or,0
0.717670525,0.479308459,ARS1OWB1187B99EEAD,0.0,0,0.0,The New York Dolls,0.0,glam rock,0.998786077,74655,0,0.0,1.0,0.877,0.12284,0.877,0.12284,344.05832,0.068,0.561692411,SOGKIWV12A6D4F86C4,11.0,0.425,-9.253,1,0.486,335.029,0.56,0.12284,154.953,1.0,0.0,0,1974,the new york dolls,0
0.669726188,0.427914247,ARGMXQW1187FB54C34,-23.56287,0,-46.65466,Eliane Elias,0.0,brazilian jazz,1.0,322532,0,0.0,1.0,0.068,2.90946,0.675,0.14772,251.42812,0.071,0.43483809,SOPHYIS12AAF3B35A3,7.0,0.391,-12.009,1,0.319,237.598,0.228,0.14772,86.091,5.0,0.551,0,2009,eliane elias,0
0.569741152,0.412240601,AROEL1B1187B988B90,0.0,0,0.0,Lost Boyz,0.0,gangster rap,1.0,14592,0,0.0,1.0,0.267,0.34237,1.0,0.34237,269.7922,0.218,0.405115722,SOFHBAR12A6701D0FE,7.0,0.715,-11.043,1,0.614,257.416,0.466,0.34237,90.218,4.0,1.0,0,1997,lost boyz,0
0.640048357,0.40439264,AR8W8DN1187FB35ED0,34.05349,0,-118.24532,The Germs,0.0,rock,1.0,515081,0,0.0,1.0,0.276,0.05314,0.276,0.05314,206.05342,0.0,-1.0,SOCPRKM12AB018A2FD,11.0,0.641,-11.506,0,0.597,206.053,0.48,0.05314,133.144,1.0,0.0,0,1977,the germs,0
0.643182773,0.500691341,AR3793X1187FB50CB3,0.0,0,0.0,Chris Rea,0.0,soft rock,0.961375214,17220,0,0.0,1.0,0.386,0.42366,0.0,0.0889,241.162,0.549,0.767727748,SODHVES12A6701CE6B,9.0,0.222,-8.531,1,0.403,230.342,0.587,0.0889,180.149,4.0,0.0,0,1986,chris rea,0
0.411421048,0.338414819,ARINEWW1187FB5577E,0.0,0,0.0,Perrey And Kingsley,0.0,easy listening,0.947930118,617077,0,0.0,0.0,0.102,0.49054,0.0,0.49054,122.64444,0.99,0.43483809,SOXIATP12AAF3B2184,0.0,0.61,-8.541,0,0.489,109.627,0.411,0.05812,102.538,4.0,0.869,0,1966,perrey and kingsley,0
0.75100762,0.523699078,ARDGB6U1187FB3AD07,51.50632,0,-0.12714,Eurythmics,0.0,dance rock,0.947914829,278999,0,0.0,2.0,0.453,8.99358,0.777,2.31778,207.0722,2.583,0.38293509,SOGNQWU12A8AE4868F,0.0,0.442,-6.629,1,0.371,202.757,0.516,2.31778,84.164,4.0,0.853,0,1985,eurythmics,0
0.54858513,0.383524247,AR2J2WF1187FB46271,54.48303,0,-3.53444,Francis Dunnery,0.0,singer-songwriter,1.0,19601,0,0.0,0.0,0.008,1.1612,0.379,0.67535,300.79955,0.0,0.610474258,SOYQOFI12A6D4F76E1,7.0,0.666,-13.33,1,0.658,298.347,0.249,0.42142,124.175,4.0,0.698,0,1995,francis dunnery,0
0.749317801,0.481655862,ARUI8651187B9ACF52,0.0,0,0.0,John Cale,0.0,experimental rock,1.0,38599,0,0.0,2.0,0.632,0.02909,0.632,0.02909,228.46649,0.0,0.226555314,SOVOLGY12A6D4F822B,7.0,0.458,-12.412,1,0.602,228.466,0.513,0.02909,137.004,1.0,0.0,0,1997,john cale,0
0.668370612,0.45755391,AR0VZWC1187B99BA57,-37.81753,0,144.96715,The Berzerker,0.0,speedcore,0.932857594,681639,0,0.0,1.0,0.234,0.38387,0.0,0.38387,165.61587,2.171,0.0,SOYWZTU12AB0180E26,1.0,0.108,-6.222,1,0.256,165.616,0.115,0.21142,174.287,3.0,0.132,0,2000,the berzerker,0
0.845768866,0.788805935,ARF2EHS1187B994F4E,36.16778,0,-86.77836,Kings Of Leon,0.0,southern rock,1.0,449471,0,0.0,2.0,0.109,1.18583,1.0,0.15226,187.92444,0.328,0.685940227,SOLGHDZ12AB0183B11,0.0,0.612,-5.907,1,0.735,180.344,0.784,0.15226,116.823,4.0,0.347,0,2003,kings of leon,0
0.778816717,0.554291489,AR06EB01187FB40150,0.0,0,0.0,NOFX,0.0,punk,1.0,104765,0,0.0,3.0,0.081,0.76754,0.644,0.29609,144.50893,0.237,0.671236027,SOPIKEG12A58291636,4.0,0.093,-7.787,0,0.423,140.057,0.829,0.0586,152.622,4.0,0.358,0,1992,nofx,0
0.711165787,0.466826993,ARBJSO81187B9BA09B,0.0,0,0.0,Soda Stereo,0.0,rock,1.0,509770,0,0.0,1.0,0.393,1.74155,0.872,0.67947,246.69995,0.322,0.62616576,SOSBDSF12AB0189007,7.0,0.161,-9.603,1,0.205,224.049,0.399,0.42263,112.903,4.0,1.0,0,1990,soda stereo,0
0.443162398,0.30045446,ARRC2JF1187B9B6A93,-24.9162,0,133.39311,Bruce Rowland,0.0,easy listening,1.0,223779,0,0.0,0.0,0.066,0.36508,0.948,0.36508,84.03546,0.328,0.0,SOIJXXM12A8C1416D6,7.0,0.469,-26.266,1,0.591,75.79,0.386,0.11188,115.642,4.0,0.44,0,1985,bruce rowland,0
0.400433514,0.266275286,ARNIFX51187FB418EA,0.0,0,0.0,Xcultures,0.0,gabba,0.942755424,466577,0,0.0,0.0,0.023,1.21595,1.0,0.25377,273.52771,2.177,0.199238262,SOHMMMC12AB0181C42,1.0,0.652,-6.305,1,0.694,268.893,0.641,0.25377,125.013,4.0,1.0,0,2000,xcultures,0
0.617870116,0.36366811,ARNVH8S1187FB52F86,18.11526,0,-77.27348,Heavy D / McGruff,0.0,pop rap,0.892334368,423012,0,0.0,0.0,0.036,0.98426,0.883,0.36334,161.38404,0.165,0.237733942,SOFZCTA12AB0188D8F,5.0,0.665,-9.161,0,0.606,161.384,0.262,0.05327,96.979,4.0,0.895,0,1997,heavy d / mcgruff,0
0.845601887,1.005941966,ARTDQRC1187FB4EFD4,0.0,0,0.0,Black Eyed Peas,0.0,hip hop,1.0,358442,0,0.0,1.0,0.933,1.1904,0.692,0.63902,229.61587,0.0,0.624425493,SOCHRXB12A8AE48069,11.0,0.205,-4.882,0,0.332,213.664,0.41,0.36332,105.206,4.0,1.0,0,2004,black eyed peas,0
0.905776889,0.598458501,ARK9TRQ1187B99C095,41.50471,0,-81.69074,Nine Inch Nails,0.0,industrial metal,0.999945289,15567,0,0.0,7.0,0.018,1.76242,1.0,0.80838,426.89261,0.286,0.635536649,SOKBBXO12A6701DEA0,0.0,0.05,-12.951,0,0.395,399.9,1.0,0.33137,63.017,4.0,0.378,0,2000,nine inch nails,0
0.606925359,0.389100776,ARWY7I71187FB36C3D,40.71455,0,-74.00712,Lesley Gore,0.0,brill building pop,1.0,26902,0,0.0,1.0,1.0,0.06727,1.0,0.06727,136.48934,0.229,-1.0,SOOOROX12A6D4F8400,9.0,0.386,-9.091,1,0.632,130.026,0.782,0.06727,129.122,1.0,0.0,0,1963,lesley gore,0
0.562463784,0.322485106,AR6Y22S1187B99906F,0.0,0,0.0,Smartbomb,0.0,melodic hardcore,0.981267204,633532,0,0.0,0.0,0.009,0.64544,1.0,0.19348,233.27302,0.386,0.0,SONSPZE12AB01819CE,0.0,0.53,-2.658,1,0.501,231.178,0.89,0.19348,132.022,4.0,0.782,0,2001,smartbomb,0
0.481004583,0.335651839,ARI5P4N1187FB3F44D,0.0,0,0.0,Suburbs,0.0,british pop,0.939709535,435830,0,0.0,0.0,0.87,0.302,0.87,0.302,187.24526,0.107,0.249065795,SOHWGFU12AB017B036,1.0,0.842,-4.42,1,0.721,178.625,0.598,0.13943,183.92,1.0,0.063,0,2005,suburbs,0
0.449323615,0.343281882,ARLWR721187B9A03C9,35.82213,0,-88.91599,T.G. Sheppard,0.0,country rock,0.998410062,200689,0,0.0,0.0,0.635,0.52519,0.635,0.52519,194.11546,0.089,0.382723281,SORABMD12A8C136672,5.0,1.0,-15.581,1,0.886,182.729,0.479,0.15887,82.343,1.0,0.387,0,2002,t.g. sheppard,0
0.51644378,0.386669092,ARF4V431187FB3AA41,27.94653,0,-82.45927,Slim Whitman,0.0,folk-pop,1.0,682725,0,0.0,0.0,0.52,1.87142,0.431,0.61665,195.91791,0.165,-1.0,SOTUBVH12AB018D2EC,3.0,0.883,-11.98,1,0.735,192.087,0.444,0.20411,91.487,4.0,0.0,0,1990,slim whitman,0
0.728209707,0.538070295,ARBGWMW1187B9AEA3E,0.0,0,0.0,Savage Garden,0.0,easy listening,0.896826245,287804,0,0.0,3.0,0.083,3.56292,0.489,0.22888,118.33424,0.0,-1.0,SOMQAGT12A8C132DB4,9.0,0.0,-11.215,0,0.0,118.334,0.105,0.22888,84.69,5.0,0.678,0,1999,savage garden,0
0.798645179,0.552413346,AR6G4V01187B9AD086,0.0,0,0.0,Queens Of The Stone Age,0.0,stoner metal,0.920686051,220917,0,0.0,3.0,0.002,0.68393,1.0,0.15338,288.41751,0.113,0.725121284,SOKLLOH12A67020F2C,2.0,0.08,-8.165,1,0.665,279.179,1.0,0.15338,115.606,4.0,0.0,0,2005,queens of the stone age,0
0.605109702,0.398547535,AR9AM2N1187B9AD2F1,53.4796,0,-2.24881,Inspiral Carpets,0.0,indie rock,0.99732938,11305,0,0.0,2.0,0.02,0.72006,0.779,0.18905,283.76771,0.0,0.665172241,SODDZAD12A6701DC4C,2.0,0.823,-8.7,1,0.69,271.83,1.0,0.18905,113.677,4.0,1.0,0,1990,inspiral carpets,0
0.743129776,0.493566843,ARXWAQQ1187B9AE954,0.0,0,0.0,Redman,0.0,hip hop,1.0,8552,0,0.0,1.0,0.058,2.95336,0.579,0.65164,124.18567,0.0,0.57010593,SORWHWY12A6702038E,1.0,0.074,-10.296,0,0.492,121.005,0.0,0.16161,85.008,5.0,1.0,0,2001,redman,0
0.430538907,0.316354001,AR3C3C01187B98E800,56.153,0,10.20452,Kai Winding,0.0,hard bop,0.942971915,495041,0,0.0,0.0,0.043,1.38242,0.761,0.33359,223.4771,0.291,0.0,SOUVRGZ12A58A77F90,0.0,0.0,-14.438,1,0.138,220.026,0.783,0.33359,112.006,4.0,0.844,0,1961,kai winding,0
0.545110951,0.345751247,ARJGNV61187B98F3B5,0.0,0,0.0,Mira,0.0,shoegaze,0.893803057,473710,0,0.0,0.0,0.159,1.66153,0.848,0.96449,177.81506,0.554,-1.0,SOUQVUD12A8C142DCE,4.0,0.695,-12.004,1,0.673,167.48,0.859,0.61541,85.621,4.0,0.612,0,2006,mira,0
0.483339422,0.277561738,ARSVI4L1187B996181,0.0,0,0.0,Citizen Kaned,0.0,chill-out,0.961490955,710902,0,0.0,0.0,0.148,1.59705,0.0,0.49298,385.33179,3.048,-1.0,SOCRPDR12AB0185B75,8.0,0.822,-8.37,0,0.503,382.647,0.168,0.07835,108.061,4.0,1.0,0,2000,citizen kaned,0
0.559278494,0.432011947,ARVJ0JK1187B98C9C0,0.0,0,0.0,The Brooklyn Tabernacle Choir,0.0,gospel,1.0,341940,0,0.0,0.0,0.233,0.95031,0.0,0.38454,324.44036,0.0,0.405115722,SOXVBVL12AF72A600C,7.0,0.558,-11.829,1,0.718,312.239,0.0,0.38454,216.195,5.0,1.0,0,1995,the brooklyn tabernacle choir,0
0.541975108,0.384184259,ARBQBZV1187B99D29E,0.0,0,0.0,Carl Cox Vs Yousef,0.0,tech house,0.947705021,548374,0,0.0,1.0,0.053,0.6235,1.0,0.16237,357.82485,0.131,0.511254835,SORAVUP12AB018556E,1.0,0.485,-5.701,1,0.427,353.785,1.0,0.16237,130.016,5.0,1.0,0,1991,carl cox vs yousef,0
0.683719468,0.412671631,AR9ODB41187FB459B2,0.0,0,0.0,Organized Konfusion,0.0,hip hop,1.0,704183,0,0.0,1.0,0.005,0.41054,1.0,0.0684,198.3473,0.201,0.460484845,SOFXNQP12AB0184F1A,11.0,0.306,-8.709,0,0.22,182.184,0.603,0.0684,175.769,4.0,0.7,0,1997,organized konfusion,0
0.614870934,0.628246419,ARF3GX71187FB3EB66,0.0,0,0.0,Martina McBride,0.0,country,0.939349522,307618,0,0.0,2.0,0.082,0.2688,0.871,0.2688,261.95546,0.0,0.488289876,SOGQTRZ12A8C13C8B0,7.0,0.96,-13.627,1,0.634,253.452,0.799,0.2688,100.194,3.0,1.0,0,2005,martina mcbride,0
0.626436382,0.374271174,AR3PN3R1187FB4CEBD,18.01571,0,-76.79731,Horace Andy,0.0,roots reggae,1.0,784530,0,0.0,1.0,0.025,0.87289,1.0,0.4435,176.27383,0.183,-1.0,SOBHVZQ12AC9618285,2.0,0.171,-11.479,1,0.239,166.911,1.0,0.23251,151.911,4.0,0.231,0,1985,horace andy,0
0.567278871,0.405178359,AREOGMA1187B9908EF,37.77916,0,-122.42005,Hot Tuna,0.0,blues-rock,1.0,372122,0,0.0,1.0,1.0,0.18671,1.0,0.18671,239.59465,0.31,-1.0,SOOGQWR12A8C142505,0.0,0.601,-9.275,1,0.563,231.3,0.551,0.18671,172.398,1.0,0.0,0,1971,hot tuna,0
0.790922848,0.601184942,ARR9XGB1187B9912E6,0.0,0,0.0,Boyz II Men,0.0,new jack swing,1.0,523481,0,0.0,1.0,0.666,1.00904,0.853,0.49144,329.27302,0.45,0.345802234,SOFRAZJ12A8C143CDB,8.0,0.497,-7.103,1,0.491,322.101,0.94,0.23264,116.473,4.0,1.0,0,1994,boyz ii men,0
0.657406765,0.422472423,ARTB5PP1187FB523B7,41.88415,0,-87.63241,Donny Hathaway,0.0,jazz funk,0.923552601,266932,0,0.0,1.0,0.212,1.46125,0.741,0.36893,283.21914,0.258,0.617365618,SOYZOXW12A8C13E195,2.0,0.499,-15.144,1,0.652,277.467,0.462,0.0982,111.191,3.0,0.851,0,1971,donny hathaway,0
0.652367864,0.437964733,ARVEJ9M1187FB4DC44,0.0,0,0.0,Les Ogres De Barback,0.0,chanson,1.0,421962,0,0.0,0.0,0.812,0.49594,0.812,0.49594,254.06649,0.43,0.394394856,SOBQBWP12AB018611B,4.0,0.446,-6.01,0,0.383,249.562,0.875,0.24195,137.888,1.0,0.0,0,1999,les ogres de barback,0
0.79225559,0.566971566,ARDF8K01187FB37200,0.0,0,0.0,Wolfmother,0.0,stoner metal,0.999931453,722546,0,0.0,1.0,0.08,1.31008,0.0,0.22523,212.37506,0.868,-1.0,SOCHXAE12AF72A25D6,4.0,0.372,-5.931,0,0.207,209.438,0.895,0.08957,110.745,4.0,1.0,0,2009,wolfmother,0
0.573605491,0.372251208,AR11NP91187B9901B4,0.0,0,0.0,The Roches,0.0,singer-songwriter,1.0,46647,0,0.0,2.0,0.816,1.06691,0.065,0.59466,338.33751,0.0,0.265861049,SOCRHCQ12A58A7C8C6,2.0,0.626,-14.248,0,0.575,328.986,0.065,0.59466,130.027,4.0,0.509,0,1995,the roches,0
0.662649695,0.363177861,ARV1P811187FB3CFC6,0.0,0,0.0,Jupiter Rising,0.0,pop rap,1.0,128198,0,0.0,0.0,0.058,0.62823,0.535,0.62823,193.4624,2.717,0.215080319,SOGMXBW12A6D4FB8D7,0.0,0.373,-5.913,0,0.548,184.274,0.218,0.62823,119.979,4.0,1.0,0,2007,jupiter rising,0
0.594779904,0.318902078,ARB4D891187B9954F7,0.0,0,0.0,Saafir,0.0,hip hop,1.0,762520,0,0.0,0.0,0.026,0.61434,0.768,0.29768,234.762,0.101,-1.0,SOFDTRZ12AB018DD11,5.0,0.172,-6.019,1,0.026,227.84,0.578,0.13935,188.886,4.0,1.0,0,1999,saafir,0
0.70334944,0.498395338,ARQOC971187B9910FA,42.73383,0,-84.59334,The Verve Pipe,0.0,post-grunge,1.0,293668,0,0.0,0.0,0.016,0.65257,0.0,0.20769,292.8322,3.344,0.466304831,SOOGNJP12A8C1381AD,9.0,0.295,-4.953,1,0.196,273.589,0.105,0.20769,133.306,4.0,0.338,0,2001,the verve pipe,0
0.434272038,0.301502462,AR19SOA1187B98F6E6,40.71455,0,-74.00712,Bob Neuwirth,0.0,singer-songwriter,1.0,117983,0,0.0,1.0,0.178,0.92398,0.618,0.92398,241.10975,2.659,0.480610618,SOFUBCP12A8C13D5EF,4.0,0.965,-18.114,1,0.744,230.429,0.618,0.92398,152.267,3.0,1.0,0,1990,bob neuwirth,0
0.406187449,0.273453727,ARIOSKN1257509BCE1,0.0,0,0.0,Cama,0.0,los angeles,0.845881025,329135,0,0.0,0.0,0.718,0.27702,0.718,0.27702,210.36363,0.364,-1.0,SOBUWPY12A8C1446C0,1.0,0.645,-5.904,0,0.683,201.497,0.772,0.08387,155.074,1.0,0.0,0,2009,cama,0
0.661001337,0.446890727,ARI0PUX1187FB3F215,54.31392,0,-2.23218,Maxi Priest,0.0,lovers rock,0.908228194,276924,0,0.0,0.0,0.0,0.03212,0.0,0.03212,301.81832,2.566,0.345802234,SORWXUP12A58A79E65,10.0,0.683,-8.095,0,0.549,289.332,0.124,0.03212,61.971,1.0,0.397,0,1991,maxi priest,0
0.830252262,0.507965802,ARYO9BU1187B9ADA88,0.0,0,0.0,Porcupine Tree,0.0,experimental rock,1.0,193554,0,0.0,4.0,0.151,0.34798,0.387,0.34798,416.80934,0.0,0.82517354,SOJEVZW12A8C133988,6.0,0.644,-7.982,0,0.607,396.533,0.69,0.0276,124.04,5.0,0.82,0,1997,porcupine tree,0
0.839275393,0.550762085,AR6XPWV1187B9ADAEB,0.0,0,0.0,Foo Fighters,0.0,grunge,0.953021558,440990,0,0.0,4.0,0.35,0.58065,0.896,0.16757,117.002,0.0,-1.0,SODOLVO12B0B80B2F4,7.0,0.458,-5.699,1,0.44,114.712,0.415,0.16757,152.127,4.0,0.651,0,2005,foo fighters,0
0.604820432,0.383877494,AR7BMMV1187FB5B2D7,39.15093,0,-123.2079,Robben Ford,0.0,blues-rock,0.983628765,762519,0,0.0,1.0,0.368,0.78649,0.382,0.38868,203.98975,0.161,0.47212112,SOOSYMY12AB01888CD,11.0,0.236,-11.976,0,0.384,182.921,0.732,0.19413,154.322,4.0,0.0,0,1988,robben ford,0
0.711165787,0.466826993,ARBJSO81187B9BA09B,0.0,0,0.0,Soda Stereo,0.0,rock,1.0,512234,0,0.0,1.0,0.0,0.14825,0.0,0.14825,225.12281,0.0,-1.0,SOFBQIA12AB0182219,11.0,0.0,-3.818,0,0.036,203.593,0.151,0.14825,175.421,1.0,0.0,0,1984,soda stereo,0
0.737972528,0.555968804,ARAEX7Y1187FB42D36,0.0,0,0.0,Toni Braxton Featuring Shaggy,0.0,dance pop,0.999854548,281713,0,0.0,1.0,0.047,0.28332,0.669,0.28332,219.01016,0.235,-1.0,SOEXSIN12A8C133B0A,0.0,0.782,-5.21,1,0.662,203.233,0.863,0.0827,149.94,4.0,0.128,0,2001,toni braxton featuring shaggy,0
0.530605798,0.350327605,ARK2G5U1187FB46B34,0.0,0,0.0,Perrey And Kingsley,0.0,easy listening,0.995553751,492999,0,0.0,1.0,0.477,0.20197,0.868,0.20197,127.9473,0.165,0.444401715,SOTSMNJ12AB018365E,0.0,0.655,-12.717,1,0.525,123.222,0.485,0.20197,135.78,4.0,0.087,0,2001,perrey and kingsley,0
0.593416049,0.395709548,ARZEWUR1187FB53DC8,50.45663,0,4.87137,Enthroned,0.0,black metal,1.0,785362,0,0.0,0.0,0.137,0.89888,0.279,0.48245,240.74404,0.0,0.543052864,SOXCWTT12AC9075756,2.0,0.735,-4.878,0,0.838,240.744,0.378,0.48245,135.535,7.0,0.583,0,2010,enthroned,0
0.631946666,0.380704536,AR89DTT1187B9A7ED5,37.77916,0,-122.42005,Suzanne Ciani,0.0,meditation,0.920584126,298921,0,0.0,1.0,0.322,0.1659,1.0,0.1659,192.20853,0.357,0.608500079,SOAFIPD12A8C13A261,2.0,0.523,-23.988,1,0.537,183.229,0.511,0.1659,139.189,3.0,0.418,0,1989,suzanne ciani,0
0.618765786,0.409134869,ARJDMBO1187B9AD118,0.0,0,0.0,Johnny Osbourne,0.0,roots reggae,0.910303408,605167,0,0.0,0.0,0.031,1.07333,0.541,0.35811,215.30077,0.588,0.0,SOCVDYI12AC4687DDB,3.0,0.445,-9.741,0,0.496,208.376,0.315,0.18068,163.445,4.0,0.015,0,2004,johnny osbourne,0
0.707335681,0.603876487,ARYJSY01187B9B7C65,0.0,0,0.0,Dolly Parton,0.0,bluegrass,1.0,474726,0,0.0,2.0,0.084,1.14709,1.0,0.07152,155.21914,0.0,-1.0,SOEVGMZ12A8C1421B5,7.0,0.0,-11.965,0,0.181,147.673,1.0,0.07152,114.027,3.0,1.0,0,1971,dolly parton,0
0.81444811,0.60797181,ARFVYJI1187B9B8E13,47.60356,0,-122.32944,Pearl Jam,0.0,grunge,0.954857727,307651,0,0.0,4.0,0.562,2.24039,0.238,1.67818,428.56444,4.267,0.659304669,SOHTWLT12A8C13CFE1,4.0,0.743,-8.403,0,0.727,414.697,0.069,1.67818,105.994,3.0,1.0,0,2006,pearl jam,0
0.780461749,0.574274731,ARMQHX71187B9890D3,0.0,0,0.0,Mastodon,0.0,alternative metal,0.999863626,538734,0,0.0,2.0,0.02,0.80159,0.385,0.29973,654.28853,3.048,0.626612803,SOHHANU12A58A77C66,7.0,0.539,-5.884,0,0.617,638.462,0.351,0.29973,118.433,4.0,0.802,0,2009,mastodon,0
0.712098902,0.413393911,AROTIMO1187FB532BF,0.0,0,0.0,DJ Quik,0.0,gangster rap,1.0,528941,0,0.0,0.0,0.512,0.23293,0.058,0.23293,205.58322,0.0,-1.0,SOSGXRU12AAF3B2B07,7.0,0.025,-6.998,0,0.312,202.931,0.759,0.23293,181.115,4.0,0.701,0,1991,dj quik,0
0.622829997,0.426944256,ARA0H5U1187FB47949,0.0,0,0.0,2-4 Grooves feat. Reki D.,0.0,vocal house,0.93474553,763206,0,0.0,0.0,0.041,1.15739,0.72,0.69791,203.83302,2.067,-1.0,SOKPHVH12AB0187460,4.0,0.648,-7.661,0,0.629,195.117,0.301,0.69791,126.941,4.0,1.0,0,2009,2-4 grooves feat. reki d.,0
0.727230316,0.476559379,ARANOZN1187B9B373E,0.0,0,0.0,Descendents,0.0,hardcore punk,0.999743837,329967,0,0.0,2.0,0.37,0.82038,0.0,0.04246,140.66893,0.078,0.519448582,SOAYYDM12AB01817E6,6.0,0.006,-28.347,0,0.127,135.285,0.0,0.04246,89.495,4.0,0.614,0,1986,descendents,0
0.665728336,0.456940558,ARHONG11187FB3B120,29.78772,0,-95.82333,L.A. Guns,0.0,heavy metal,0.998509337,71267,0,0.0,0.0,0.085,0.36695,0.463,0.36695,201.09016,0.0,-1.0,SORAJXA12A58A7A4C9,5.0,0.608,-2.869,0,0.505,201.09,0.609,0.05221,102.259,3.0,1.0,0,1988,l.a. guns,0
0.53938059,0.360583582,ARRA2F91187B9B4061,0.0,0,0.0,Bare Jr.,0.0,post-grunge,0.96793713,282150,0,0.0,0.0,0.185,0.7081,0.0,0.09479,254.79791,0.0,0.0,SODJUNF12A8C13337F,10.0,0.647,-7.309,1,0.54,236.141,0.491,0.09479,107.529,3.0,1.0,0,1998,bare jr.,0
0.567814264,0.376688631,AR1GYND1187B9A9CD3,38.43773,0,-122.71242,Diesel Boy,0.0,pop rock,0.901868403,558289,0,0.0,1.0,0.849,0.30566,0.849,0.30566,124.15955,0.38,0.405652196,SOLBIIE12AB0184DFC,11.0,0.724,-4.793,1,0.583,122.015,0.12,0.10118,133.729,1.0,0.046,0,1998,diesel boy,0
0.784820389,0.572583336,ARF0W6Z1187B9AC325,0.0,0,0.0,Cradle Of Filth,0.0,sympho black metal,0.998098407,179267,0,0.0,2.0,0.192,0.93541,0.616,0.32747,321.35791,0.0,-1.0,SOFPYXC12A58A7A4B9,2.0,0.341,-6.2,0,0.369,312.761,0.114,0.17724,193.693,4.0,0.617,0,1994,cradle of filth,0
0.905776889,0.598458501,ARK9TRQ1187B99C095,41.50471,0,-81.69074,Nine Inch Nails,0.0,industrial metal,0.999945289,15567,0,0.0,7.0,0.372,0.70514,0.541,0.11379,168.56771,0.0,-1.0,SOKIGWD12A6701DE9D,7.0,0.576,-16.968,0,0.621,159.637,0.538,0.11379,130.284,4.0,0.706,0,1999,nine inch nails,0
0.352212817,0.297949266,ARGTUWC1187B9904A0,0.0,0,0.0,Susana Seivane,0.0,gaita,1.0,789959,0,0.0,0.0,0.018,0.57605,0.815,0.15761,350.71955,0.519,0.0,SOHXKAN12AC46872F1,10.0,0.881,-13.038,1,0.901,334.17,0.477,0.15761,152.013,4.0,1.0,0,2010,susana seivane,0
0.682045692,0.373464228,ARGWIHH1187B9A79B0,0.0,0,0.0,Test Icicles,0.0,grime,0.86898109,534031,0,0.0,1.0,0.904,1.65865,0.607,0.20148,190.24934,0.0,0.543052864,SOLEYPL12A6D4F83CE,4.0,0.441,-4.172,0,0.326,185.289,0.479,0.20148,75.031,4.0,1.0,0,2005,test icicles,0
0.630928608,0.461558452,AR5MK521187B98E0B8,51.50632,0,-0.12714,Heaven 17,0.0,new romantic,0.832842044,23134,0,0.0,2.0,0.021,0.87245,1.0,0.19248,255.16363,2.67,-1.0,SOZFCNC12A6D4F76F3,7.0,0.473,-10.756,1,0.505,248.337,0.681,0.19248,150.837,4.0,0.466,0,1981,heaven 17,0
0.450852685,0.33238987,AR93RTI1187B98ECFB,30.38815,0,-96.0878,Mance Lipscomb,0.0,texas blues,1.0,237520,0,0.0,0.0,0.383,0.80806,0.383,0.80806,187.53261,0.0,0.350979506,SOGTLVU12A8AE47D5D,11.0,0.681,-23.527,1,0.541,180.355,0.145,0.40014,97.981,1.0,0.0,0,2000,mance lipscomb,0
0.602555589,0.389535576,AR567PN1187FB4B4F2,0.0,0,0.0,Moss,0.0,future jazz,0.906283576,737947,0,0.0,0.0,0.432,1.64757,0.153,0.3732,329.35138,0.0,0.570850642,SONNOCP12A8C145220,2.0,0.144,-7.672,1,0.287,316.883,0.296,0.05381,111.079,4.0,0.599,0,2009,moss,0
0.826075467,0.599602643,ARLSF8H1187B9A76B0,0.0,0,0.0,Dimmu Borgir,0.0,black metal,1.0,264857,0,0.0,4.0,0.166,1.34587,0.809,0.47161,282.53995,0.351,-1.0,SOJBYGW12A8C13A497,6.0,0.34,-4.2,0,0.34,275.522,0.321,0.25359,140.458,3.0,0.595,0,1996,dimmu borgir,0
0.684994897,0.415517083,ARDG9Z71187B997023,51.50632,0,-0.12714,Public Image Ltd,0.0,dance rock,1.0,23178,0,0.0,2.0,0.06,1.43656,0.854,0.98655,388.28363,2.49,0.26396982,SOQDTQP12A6D4F793F,0.0,0.551,-16.433,1,0.583,383.994,0.148,0.75243,132.506,4.0,0.195,0,1983,public image ltd,0
0.761362238,0.467110649,AR56P361187B9AC4DB,54.5958,0,-5.93494,Gary Moore,0.0,blues-rock,1.0,52141,0,0.0,2.0,0.083,1.09248,0.65,0.70219,345.93914,0.416,0.447135796,SOJHKYL12A6D4FA0AC,2.0,0.04,-6.951,1,0.148,339.754,0.83,0.50562,153.862,4.0,0.404,0,1997,gary moore,0
0.464481282,0.0,ARDDHGI126E2B3AA76,0.0,0,0.0,Pascal Sangla,0.0,french pop,1.0,755756,0,0.0,0.0,0.151,0.57581,0.981,0.57581,243.1473,0.525,0.0,SOJVWBA12AB018C326,9.0,0.847,-14.737,1,0.639,235.886,0.851,0.57581,93.238,4.0,0.521,0,2010,pascal sangla,0
0.681598553,0.537537201,ARVML631187B99E90D,0.0,0,0.0,The B-52's,0.0,dance rock,1.0,53826,0,0.0,1.0,0.555,0.45372,0.0,0.45372,261.74649,3.489,0.714046553,SONRSQW12A6D4F6D1C,0.0,0.427,-9.628,1,0.398,250.921,0.386,0.20062,124.086,4.0,0.366,0,1986,the b-52's,0
0.73118423,0.549204384,ARD3LXU1187B9ABFC5,0.0,0,0.0,Sex Pistols,0.0,punk,1.0,754188,0,0.0,4.0,0.233,0.65479,0.887,0.24895,216.60689,0.177,0.413739836,SOMKMPB12A8C1447D0,9.0,0.558,-3.736,1,0.533,214.192,0.598,0.0445,145.518,4.0,0.675,0,1988,sex pistols,0
0.332330882,0.0,ARMG6K31187FB55677,0.0,0,0.0,Deekline & Wizard,0.0,breakbeat,1.0,409251,0,0.0,0.0,0.105,1.69231,0.558,0.3668,271.77751,0.0,0.319565987,SOKENJQ12AB017EC8C,0.0,0.674,-6.947,1,0.556,267.761,1.0,0.14552,90.648,3.0,1.0,0,2004,deekline & wizard,0
0.632242851,0.453435791,ARC6UC81187B989062,40.71455,0,-74.00712,Hem,0.0,folk-pop,1.0,603055,0,0.0,1.0,0.0,0.34565,0.0,0.34565,133.27628,0.0,0.360370583,SOIKIJC12AC3DFB3D2,5.0,0.783,-15.736,1,0.674,117.661,0.0,0.34565,89.86,1.0,0.368,0,2005,hem,0
0.916058239,0.535408379,ARKZJ301187FB521B2,0.0,0,0.0,Lily Allen,0.0,ska,1.0,435050,0,0.0,2.0,0.1,0.43373,0.995,0.05059,264.69832,0.0,0.566988444,SOFJNQR12A6D4FAE92,9.0,0.594,-5.871,1,0.509,251.141,0.995,0.05059,156.097,4.0,1.0,0,2006,lily allen,0
0.618002715,0.349476327,ARU9KWP1187B98B2A7,0.0,0,0.0,Busdriver,0.0,alternative hip hop,0.871237163,105115,0,0.0,1.0,0.026,0.68185,1.0,0.2964,192.1824,0.27,0.519403046,SOCQWKZ12A8C13CE4C,6.0,0.211,-6.258,1,0.363,192.182,0.936,0.10319,155.038,4.0,0.41,0,2007,busdriver,0
0.465194733,0.36228409,ARZ05QG1187FB3843E,31.55379,0,-90.10785,Byther Smith,0.0,chicago blues,1.0,142192,0,0.0,0.0,0.199,1.58983,0.611,0.39362,418.87302,0.264,0.437351761,SONETAN12A58A7ACEB,1.0,0.826,-11.702,1,0.912,411.481,0.0,0.09325,117.168,3.0,1.0,0,1989,byther smith,0
0.483703807,0.351624469,ARTEGHH1187FB435C8,0.0,0,0.0,Bebo & Cigala,0.0,latin jazz,1.0,296995,0,0.0,1.0,0.0,0.17434,0.0,0.17434,198.26893,0.0,0.676548906,SOKEXTF12A8C13AE7E,2.0,0.414,-14.509,0,0.485,193.782,0.0,0.17434,132.967,1.0,0.405,0,2003,bebo & cigala,0
0.633817882,0.354725755,ARASSX21187FB528B7,52.8029,0,-2.10633,Bizarre Inc,0.0,breakbeat,0.928908881,146503,0,0.0,0.0,0.016,1.72068,0.693,1.29819,420.10077,7.367,-1.0,SOUJISW12CF4E09416,11.0,1.0,-9.062,1,0.726,412.473,0.05,1.07786,139.91,4.0,1.0,0,1996,bizarre inc,0
0.574400789,0.446071584,ARRH2S81187B98C8AA,43.07295,0,-89.38669,Bongzilla,0.0,stoner metal,1.0,223472,0,0.0,1.0,0.88,1.86974,0.687,0.57631,397.26975,0.392,0.460541281,SOJKDKH12A58A761A2,9.0,0.535,-6.788,1,0.333,397.27,0.325,0.25336,95.882,4.0,0.0,0,1999,bongzilla,0
0.44104996,0.353000688,ARSF4161187B9B449F,0.0,0,0.0,The Gone Jackals,0.0,blues-rock,0.796353591,457879,0,0.0,0.0,0.244,0.68126,0.638,0.23462,229.79873,0.205,0.495293621,SOTWWBZ12AB01845E0,4.0,0.685,-12.772,1,0.418,226.441,0.411,0.08525,135.175,3.0,0.639,0,1995,the gone jackals,0
0.406166635,0.27238546,ARWAPYC1187FB3FCAF,0.0,0,0.0,S.U.P,0.0,doom metal,1.0,333103,0,0.0,1.0,0.104,0.74275,0.402,0.30755,384.70485,0.254,-1.0,SOIFOLA12AB017CDA1,11.0,0.582,-8.161,0,0.606,351.01,0.655,0.30755,137.862,4.0,0.0,0,2001,s.u.p,0
0.918451789,0.819588282,ARVG4OK1187B9B6BD3,0.0,0,0.0,The Killers,0.0,rock,1.0,624887,0,0.0,1.0,0.071,1.03982,0.938,0.25338,284.3424,0.206,-1.0,SOGOQGE12AB0182907,4.0,0.49,-6.546,1,0.469,267.685,0.306,0.05455,151.953,4.0,0.198,0,2008,the killers,0
0.693009204,0.498668875,ARD5K161187B9AC784,51.27562,0,0.17898,Orbital,0.0,techno,1.0,2016,0,0.0,3.0,0.039,0.89509,1.0,0.4155,327.8624,0.38,0.688521844,SOFSKON12A8C13B3B5,0.0,0.509,-6.531,1,0.519,316.447,0.528,0.17571,125.975,4.0,0.794,0,2001,orbital,0
0.81592342,0.555138322,ARUZRFN1187B98AC05,0.0,0,0.0,Bone Thugs-N-Harmony / Akon,0.0,gangster rap,0.946255702,74586,0,0.0,0.0,0.056,0.44481,0.879,0.05666,286.30159,0.177,0.557880389,SOBOCAG12A6BD55D56,1.0,0.529,-6.933,1,0.317,273.601,0.289,0.05666,154.09,4.0,0.625,0,2007,bone thugs-n-harmony / akon,0
0.646618529,0.442652003,ARSTH0R1187B98951E,0.0,0,0.0,Moonsorrow,0.0,viking metal,0.972187827,312976,0,0.0,1.0,0.408,0.93982,0.875,0.46604,356.49261,0.276,-1.0,SONCYFS12A8C14261E,9.0,0.764,-4.178,1,0.561,356.493,0.547,0.14177,124.237,4.0,0.0,0,2001,moonsorrow,0
0.747708669,0.52040786,ARSL5SP1187B9A7AE0,34.05349,0,-118.24532,N.W.A.,0.0,gangster rap,0.882434774,160605,0,0.0,1.0,0.088,0.95072,1.0,0.33341,168.75057,0.281,0.0,SOTNBNN12A6D4F6CC7,9.0,0.445,-8.91,1,0.419,165.86,1.0,0.33341,97.099,4.0,1.0,0,1989,n.w.a.,0
0.783458021,0.5890868,ARCE0H01187B9AF741,0.0,0,0.0,Rage Against The Machine,0.0,rap metal,0.999859221,282493,0,0.0,2.0,0.0,0.46699,0.0,0.46699,201.56036,0.0,-1.0,SOXZLDX12A58A7CE52,9.0,0.539,-2.069,1,0.379,201.56,0.296,0.25665,140.63,1.0,0.0,0,2000,rage against the machine,0
0.847081688,0.625080481,ARZWK2R1187B98F09F,0.0,0,0.0,Rise Against,0.0,hardcore punk,0.947856132,559004,0,0.0,1.0,0.264,0.54425,0.794,0.25604,218.8273,0.194,0.696469437,SOSKUNI12AB0187F12,4.0,0.355,-3.803,1,0.354,218.827,0.576,0.113,186.254,4.0,0.526,0,2003,rise against,0
0.499939221,0.374449431,ARDOOH01187B991055,0.0,0,0.0,Ultraviolence,0.0,gabba,1.0,681616,0,0.0,0.0,0.122,0.5551,0.854,0.26867,303.04608,0.102,0.215080319,SOSLFMU12AB018FFEA,1.0,0.745,-10.57,1,0.556,292.664,0.426,0.12794,210.47,4.0,0.418,0,1995,ultraviolence,0
0.829135422,0.558298348,ARMBTFC1187FB56343,0.0,0,0.0,Korn,0.0,rap metal,0.921075999,405643,0,0.0,2.0,0.447,0.74834,0.299,0.11878,224.522,0.0,-1.0,SOOKISK12AB0180667,7.0,0.435,-6.694,1,0.467,214.941,1.0,0.11878,94.057,4.0,1.0,0,1999,korn,0
0.679519208,0.491828704,ARBM57Q1187B9AF97C,34.05349,0,-118.24532,James Horner,0.0,rock,1.0,64098,0,0.0,2.0,0.347,2.91664,0.347,2.91664,191.81669,3.146,0.545230294,SOVTGXQ12A6D4FB9CA,9.0,0.137,-38.525,1,0.399,179.868,0.05,2.91664,90.084,1.0,0.342,0,1986,james horner,0
0.720808698,0.467133519,ARED2DG1187FB3CB4D,0.0,0,0.0,Tantric,0.0,post-grunge,1.0,570488,0,0.0,0.0,0.689,0.14825,0.689,0.14825,177.24036,0.107,0.447135796,SOLKTEK12AB018BE1A,2.0,0.796,-1.843,1,0.732,171.404,0.727,0.14825,106.698,1.0,0.792,0,2009,tantric,0
0.780461749,0.574274731,ARMQHX71187B9890D3,0.0,0,0.0,Mastodon,0.0,alternative metal,0.999863626,223563,0,0.0,2.0,0.447,2.49921,0.614,0.20127,233.58649,0.229,0.784194616,SODYZIU12A8C13FBD9,2.0,0.604,-3.937,1,0.402,233.586,0.282,0.20127,89.78,4.0,0.0,0,2001,mastodon,0
0.843526543,0.750311503,ARUJ5A41187FB3F5F1,0.0,0,0.0,U2,0.0,dance rock,1.0,53563,0,0.0,3.0,0.041,1.4142,0.937,0.52971,485.19791,4.923,-1.0,SOZWHVZ12A6D4F90E7,3.0,0.878,-7.614,1,0.916,474.517,0.081,0.52971,134.083,4.0,0.662,0,2007,u2,0
0.829135422,0.558298348,ARMBTFC1187FB56343,0.0,0,0.0,Korn,0.0,rap metal,0.921075999,282711,0,0.0,2.0,0.193,0.34848,0.927,0.34848,288.49587,0.107,-1.0,SOVHRBI12A81C22E02,10.0,0.439,-5.912,1,0.383,276.95,0.446,0.15981,160.022,3.0,0.719,0,2007,korn,0
0.609816403,0.560380805,AR4B3RX1187B9A868A,0.0,0,0.0,Alexandre Desplat,0.0,soundtrack,1.0,263915,0,0.0,1.0,0.059,0.56464,0.667,0.10177,70.26893,0.0,-1.0,SOJTIKK12A8C13B15E,7.0,0.417,-16.942,0,0.524,64.505,0.785,0.10177,128.173,4.0,0.189,0,2004,alexandre desplat,0
0.804523521,0.586433379,AR6892W1187B9AC71B,0.0,0,0.0,Placebo,0.0,british pop,0.999766449,314,0,0.0,3.0,0.381,1.03723,0.775,0.48534,241.52771,0.0,0.873702495,SODWXQV12A6310F10D,10.0,0.532,-7.255,0,0.523,229.837,0.585,0.07522,108.264,4.0,0.902,0,2003,placebo,0
0.444926413,0.344814469,ARQDYV0119B866800F,0.0,0,0.0,Gertrudis,0.0,big beat,0.956568016,448373,500,0.0,0.0,0.056,1.24011,0.564,0.63239,106.52689,4.104,0.323112121,SOQPPKZ12A58A7B1EC,9.0,0.0,-12.385,0,0.0,106.527,0.155,0.34167,97.76,4.0,0.832,0,2009,gertrudis,500
0.588370653,0.413237884,ARN5W1B1187B98BE10,0.0,0,0.0,Warrior King,0.0,roots reggae,0.926108914,146292,0,0.0,0.0,0.008,0.2753,0.989,0.2753,224.28689,2.409,0.537503904,SOXSUNF12A8C134195,10.0,0.693,-4.779,1,0.501,217.623,0.989,0.2753,241.877,4.0,0.947,0,2002,warrior king,0
0.711165787,0.466826993,ARBJSO81187B9BA09B,0.0,0,0.0,Soda Stereo,0.0,rock,1.0,509726,0,0.0,1.0,0.1,1.9407,0.995,0.63157,340.29669,0.374,0.547324832,SOVRJYX12AB01844E1,7.0,0.403,-11.356,1,0.196,327.396,0.442,0.46721,91.328,4.0,0.884,0,1988,soda stereo,0
0.690080124,0.466775622,ARQXR6R1187FB46FD6,0.0,0,0.0,Soul Asylum,0.0,hard rock,1.0,287672,0,0.0,1.0,0.013,1.9281,0.983,1.05993,279.2224,2.009,0.360370583,SOOGRLD12A8C132B2F,11.0,0.905,-6.582,0,0.883,265.834,0.725,0.47298,68.734,4.0,0.0,0,1998,soul asylum,0
0.626436382,0.374271174,AR3PN3R1187FB4CEBD,18.01571,0,-76.79731,Horace Andy,0.0,roots reggae,1.0,206882,0,0.0,1.0,0.636,0.55116,0.636,0.55116,234.44853,0.374,0.345802234,SOAESJW12A8C137CC2,10.0,0.166,-10.173,0,0.211,222.546,0.842,0.55116,102.055,1.0,0.0,0,2005,horace andy,0
0.39413854,0.291539727,ARQGYP71187FB44566,34.31109,0,-94.02978,Jimmy Wakely,0.0,classic country,1.0,493266,0,0.0,0.0,0.901,0.24263,0.901,0.24263,155.95057,0.299,0.462643183,SOHCYVK12AB017BBF2,2.0,0.745,-14.123,1,0.704,144.283,0.447,0.24263,109.065,1.0,0.04,0,2001,jimmy wakely,0
0.583231605,0.411448143,ARV2V751187FB4330F,40.14323,0,-74.72671,Rah Digga (Featuring Outsidaz),0.0,hip hop,1.0,611258,0,0.0,0.0,0.135,0.03033,0.0,0.03033,256.80934,0.0,0.405115722,SOSYVIZ12A8C141964,7.0,0.638,-7.307,1,0.684,242.95,0.362,0.03033,201.802,3.0,0.896,0,2000,rah digga (featuring outsidaz),0
0.686988955,0.606630152,ARX9YIP1187B98A656,0.0,0,0.0,RUN-DMC,0.0,hip hop,1.0,293884,0,0.0,1.0,0.043,1.46506,0.593,0.9623,234.65751,0.638,-1.0,SOTVEKK12A8C1392E1,1.0,0.572,-12.75,1,0.382,217.281,0.992,0.71179,119.67,4.0,0.686,0,1984,run-dmc,0
0.808784962,0.593624366,AR74Q3R1187B9B24C3,0.0,0,0.0,Nightwish,0.0,sympho black metal,0.999713741,386120,0,0.0,5.0,0.215,1.09625,0.531,0.26708,301.06077,0.0,-1.0,SOAKXET12CF5F86E71,3.0,0.569,-4.144,1,0.591,290.743,0.664,0.06075,143.97,4.0,0.456,0,2007,nightwish,0
0.698770478,0.399451724,AR1PCLK1187FB5BBFF,40.14323,0,-74.72671,Angelo Badalamenti,0.0,chill-out,0.916559613,63865,0,0.0,3.0,0.853,1.1755,0.853,1.1755,109.37424,2.258,0.615372256,SOYDHCW12A6D4F9A2E,6.0,0.163,-18.349,1,0.348,101.825,0.174,0.68035,61.883,1.0,0.56,0,1987,angelo badalamenti,0
0.473626728,0.378498493,ARHRP6Q1187FB3F016,43.04181,0,-87.90684,Buzzhorn,0.0,post-grunge,1.0,762292,0,0.0,0.0,0.194,1.06912,0.481,0.27715,239.98649,5.939,0.193857803,SOLHFZF12AB018AB3E,9.0,0.03,-5.627,0,0.39,226.476,0.071,0.0787,144.836,3.0,0.442,0,2002,buzzhorn,0
0.80113645,0.605507136,AR10USD1187B99F3F1,0.0,0,0.0,Silverstein,0.0,post-hardcore,0.999818045,128122,0,0.0,0.0,0.551,0.82669,0.391,0.30176,229.642,0.0,0.658623927,SOZEHMC12A6D4F9F30,2.0,0.548,-1.998,1,0.602,226.22,0.655,0.30176,108.499,4.0,0.785,0,2005,silverstein,0
0.609538992,0.482131081,ARTW7I31187B9A4CA9,0.0,0,0.0,!!!,0.0,dance-punk,0.985856331,532741,0,0.0,1.0,0.136,1.09797,0.299,0.78697,143.98649,0.0,0.0,SOYHNTG12A6D4F5703,11.0,0.673,-7.901,0,0.677,134.6,0.864,0.63224,193.978,4.0,0.0,0,2007,!!!,0
0.668509447,0.50654532,ARSZ6MA1187FB43D29,0.0,0,0.0,The Notorious B.I.G.,0.0,gangster rap,0.937520268,327425,0,0.0,1.0,0.016,1.18037,0.843,0.53116,316.65587,0.164,0.274281704,SOLCPEB12A58A7BF47,4.0,0.613,-5.934,1,0.462,311.664,0.96,0.20573,91.69,4.0,0.825,0,2007,the notorious b.i.g.,0
0.787098356,0.634412385,ARDIBRT1187B9AF176,0.0,0,0.0,Led Zeppelin,0.0,blues-rock,0.998128657,171820,0,0.0,6.0,0.117,1.30509,0.526,0.11465,182.09914,0.0,0.31276992,SOFOGMR12A8C140FFF,1.0,0.076,-10.7,1,0.342,182.099,0.902,0.11465,210.8,7.0,0.411,0,1982,led zeppelin,0
0.655359115,0.405031298,ARY80281187FB3E380,56.65286,0,-3.99667,Sandi Thom,0.0,british pop,0.912323738,382970,0,0.0,1.0,0.174,1.75476,0.764,0.2587,205.21751,0.386,0.419674279,SOBJYXZ12A8AE45FF1,4.0,0.666,-4.332,1,0.578,195.785,0.376,0.06753,82.205,4.0,0.945,0,2008,sandi thom,0
0.60542429,0.409292117,ARR2TI31187FB380FE,0.0,0,0.0,The Field Mice,0.0,twee pop,0.883212566,216819,0,0.0,1.0,0.02,0.5877,0.91,0.21538,316.73424,0.165,0.531612769,SOCVGQS12A8C13D7DF,3.0,0.356,-15.54,1,0.524,307.177,0.453,0.21538,162.682,4.0,0.0,0,1989,the field mice,0
0.483243067,0.324430892,ARH4N0N1187FB3E1F1,0.0,0,0.0,Malkit Singh,0.0,broken beat,0.969921695,99987,0,0.0,1.0,0.071,0.66029,0.809,0.1062,324.51873,0.073,-1.0,SOHCENZ12A8C13AC85,5.0,0.75,-11.273,1,0.675,320.372,0.247,0.1062,210.305,4.0,0.561,0,1993,malkit singh,0
0.415784608,0.307902094,ARDQO721187FB3C6D9,0.0,0,0.0,Rodney O & Joe Cooley,0.0,miami bass,0.931449931,662558,0,0.0,0.0,0.189,1.03068,0.477,0.33489,172.01587,0.331,0.0,SOIKVVS12AB0184063,1.0,0.035,-9.745,0,0.607,167.869,0.139,0.33489,175.393,4.0,0.751,0,1991,rodney o & joe cooley,0
0.708439814,0.623970266,ARIFGKC1187B9B04D5,0.0,0,0.0,Dean Martin,0.0,vocal,0.80351834,375715,0,0.0,1.0,0.076,1.64218,0.195,0.22963,165.66812,0.154,-1.0,SOYCTBG12A8C144341,0.0,0.301,-10.917,0,0.358,160.508,0.195,0.22963,128.459,5.0,0.937,0,2005,dean martin,0
0.612837504,0.482298832,AR4IWYN1187FB47DF6,37.28848,0,-121.94486,Strata,0.0,post-grunge,1.0,380099,0,0.0,0.0,0.131,1.42728,0.828,0.2964,377.67791,0.537,0.0,SOMCCPJ12A8C142B6B,2.0,0.656,-21.787,1,0.463,364.037,0.387,0.2964,109.671,5.0,0.824,0,2004,strata,0
0.564512291,0.3268453,ARV3IN31187FB4AAAE,0.0,0,0.0,Till West & DJ Delicious,0.0,funky house,0.907419918,345570,0,0.0,0.0,0.099,1.4013,0.947,0.44651,153.28608,0.0,0.721572661,SOONOZL12A6D4FC475,1.0,0.087,-7.535,1,0.468,147.696,1.0,0.20795,125.558,4.0,1.0,0,2006,till west & dj delicious,0
0.535702528,0.384986117,ARCID1N1187FB51DA0,0.0,0,0.0,Carlos NuA+-ez,0.0,flamenco,0.807502753,441344,0,0.0,0.0,0.151,0.75785,0.114,0.4704,215.35302,2.868,-1.0,SOIHZMH12AB017DF93,9.0,0.779,-10.918,0,0.773,205.636,0.114,0.4704,211.327,3.0,1.0,0,2005,carlos nua+-ez,0
0.685125411,0.527066335,AR7JBP41187FB3EA8A,0.0,0,0.0,Gene Clark,0.0,country rock,0.991228695,285631,0,0.0,0.0,0.858,0.20873,0.858,0.20873,168.38485,0.0,-1.0,SOMWLCK12A8C135D69,9.0,0.327,-12.77,1,0.578,156.032,0.605,0.20873,98.49,1.0,0.0,0,1998,gene clark,0
0.66229871,0.379137556,ARALP6I1187B989E27,40.86034,0,-74.12374,The Shirelles,0.0,doo-wop,0.961606024,332859,0,0.0,2.0,0.771,1.69872,0.821,0.82306,159.76444,0.229,-1.0,SOEMLQO12AB01808B6,0.0,0.603,-9.79,1,0.134,155.527,0.886,0.38414,68.283,4.0,0.692,0,1960,the shirelles,0
0.362358559,0.298372721,ARLDW6Z1187FB3F2A0,19.4319,0,-99.13285,Abraham Laboriel,0.0,jazz,1.0,552899,0,0.0,0.0,0.01,1.83315,0.299,0.52075,368.16934,0.288,0.319565987,SOIRGRL12AB0186BC2,11.0,0.252,-8.489,0,0.393,351.469,1.0,0.08404,93.106,4.0,0.0,0,1995,abraham laboriel,0
0.542512528,0.403784235,AR1QXAQ1187FB47FAC,0.0,0,0.0,Sticky Fingaz,0.0,hip hop,1.0,355081,0,0.0,0.0,0.252,4.45887,0.536,0.64848,266.4224,0.0,0.636287224,SODTRPJ12A8C1377E9,6.0,0.358,-5.947,0,0.324,266.422,0.073,0.13044,80.149,4.0,1.0,0,2000,sticky fingaz,0
0.716854352,0.414236248,AR76DOS1187FB5AE78,0.0,0,0.0,The Jeff Healey Band,0.0,blues-rock,0.962148617,711137,0,0.0,1.0,0.362,0.53173,0.55,0.53173,313.7824,0.427,-1.0,SOFVRCJ12AB018B4DA,7.0,0.241,-11.488,1,0.362,308.094,0.331,0.53173,107.197,3.0,1.0,0,1989,the jeff healey band,0
0.559991415,0.362902986,AR6QQY41187B990574,56.46137,0,-2.96761,Danny Wilson,0.0,british pop,0.91052814,160060,0,0.0,1.0,0.242,0.81851,0.844,0.50946,167.20934,0.0,-1.0,SOFHQCR12A8C138A74,7.0,0.605,-7.928,1,0.677,156.34,0.347,0.3557,196.034,4.0,0.868,0,1989,danny wilson,0
0.679654239,0.380756416,ARXG6L11187FB5695E,52.47859,0,-1.9086,SWAMI featuring Asuivre,0.0,downtempo,1.0,650697,0,0.0,1.0,0.04,0.20797,1.0,0.20797,260.28363,0.16,-1.0,SOLWQFA12AB01899E8,10.0,0.014,-2.939,0,0.32,257.869,1.0,0.0406,90.008,4.0,0.676,0,2007,swami featuring asuivre,0
0.6051397,0.420937755,ARU0HTX1187B98B4C6,34.05349,0,-118.24532,Lisa Lynne,0.0,chill-out,0.892937884,296873,0,0.0,0.0,0.019,0.26197,0.0,0.26197,316.49914,2.061,0.761303218,SOENDOQ12A8C139A41,2.0,0.6,-14.544,1,0.657,303.148,0.37,0.26197,95.981,4.0,0.186,0,1999,lisa lynne,0
0.68550363,0.446732968,ARDW5AW1187FB55708,42.78668,0,-96.92803,Shawn Colvin,0.0,country rock,0.975207319,424081,0,0.0,2.0,0.022,0.65984,0.59,0.09582,224.60036,0.085,0.425124658,SOTTXNS12AB0187861,8.0,0.719,-13.256,1,0.565,219.214,0.458,0.09582,210.871,4.0,1.0,0,1989,shawn colvin,0
0.851417629,0.592614927,AR3JMC51187B9AE49D,28.53823,0,-81.37739,Backstreet Boys,0.0,teen pop,1.0,307477,0,0.0,2.0,0.249,0.26987,0.0,0.26987,236.25098,4.569,-1.0,SOPVXLX12A8C1402D5,0.0,0.005,-5.12,1,0.51,226.569,0.128,0.26987,112.787,4.0,0.572,0,1999,backstreet boys,0
0.593496044,0.404897336,ARPBNLO1187FB3D52F,40.71455,0,-74.00712,Tiny Tim,0.0,cabaret,0.859456677,627950,0,0.0,0.0,0.142,2.12633,0.835,0.80142,43.36281,0.0,0.0,SOAOIBZ12AB01815BE,6.0,0.02,-23.996,1,0.361,43.363,0.212,0.46098,93.779,3.0,0.666,0,2000,tiny tim,0
0.524265131,0.372232889,AR7ZKHQ1187B98DD73,0.0,0,0.0,Glad,0.0,ccm,1.0,488293,0,0.0,1.0,0.098,1.82138,0.85,0.57911,270.602,0.504,0.473346541,SOTUKVB12AB0181477,2.0,0.69,-10.754,1,0.693,265.752,0.85,0.57911,192.702,5.0,0.922,0,1993,glad,0
0.654594982,0.396356237,AR62SOJ1187FB47BB5,0.0,0,0.0,Chase & Status,0.0,breakbeat,1.0,546323,0,0.0,1.0,0.056,0.36965,0.617,0.02683,337.68444,0.0,0.392008772,SOGVQGJ12AB017F169,4.0,0.409,-5.134,0,0.414,326.995,1.0,0.02683,174.993,4.0,0.753,0,2005,chase & status,0
0.779838092,0.568350503,ARBEBBY1187B9B43DB,0.0,0,0.0,Tom Petty,0.0,heartland rock,1.0,542173,0,0.0,1.0,0.353,0.65355,1.0,0.187,236.17261,0.131,-1.0,SOFFKZS12AB017F194,9.0,0.58,-4.954,1,0.539,227.875,1.0,0.187,129.122,4.0,0.0,0,1994,tom petty,0
0.476747681,0.294053193,ARP6N5A1187B99D1A3,0.0,0,0.0,Mitch Ryder,0.0,blues-rock,0.864554183,615284,0,0.0,1.0,0.034,1.82394,1.0,0.57608,207.43791,0.537,0.419125893,SOXILUQ12A58A7C72A,9.0,0.674,-11.255,1,0.559,198.159,0.608,0.10426,97.538,4.0,0.727,0,2004,mitch ryder,0
0.331874147,0.3228233,AR0IAWL1187B9A96D0,8.4177,0,-80.11278,Danilo Perez,0.0,latin jazz,1.0,92936,0,0.0,0.0,0.111,0.1353,0.111,0.1353,197.19791,0.0,0.253834736,SONSKXP12A8C13A2C9,7.0,0.525,-16.113,1,0.365,185.481,0.496,0.1353,159.233,1.0,0.039,0,2003,danilo perez,0
0.713274972,0.377593082,ARNF6401187FB57032,40.79086,0,-73.96644,Sophie B. Hawkins,0.0,ballad,0.891101304,282914,0,0.0,0.0,0.01,0.58138,0.954,0.58138,305.162,0.189,0.599660358,SONWXQJ12A8C134D94,9.0,0.582,-6.301,1,0.583,283.527,0.206,0.29461,105.003,4.0,0.669,0,1994,sophie b. hawkins,0
0.510010871,0.378442737,AR8IEZO1187B99055E,0.0,0,0.0,Marc Shaiman,0.0,soundtrack,1.0,190811,0,0.0,1.0,0.099,0.57619,1.0,0.1319,149.86404,0.322,-1.0,SOINLJW12A8C13314C,4.0,0.151,-18.341,1,0.263,144.765,1.0,0.1319,134.566,4.0,0.915,0,2008,marc shaiman,0
0.451977717,0.331351565,AR558FS1187FB45658,0.0,0,0.0,40 Grit,0.0,nu metal,0.995807676,559989,0,0.0,0.0,0.286,1.85881,0.77,1.22593,75.67628,0.0,0.427446572,SOGDBUF12A8C140FAA,11.0,0.154,-22.752,1,0.301,75.676,0.148,1.07213,186.882,3.0,0.734,0,2003,40 grit,0
0.837872047,0.532803542,ARVBRGZ1187FB4675A,0.0,0,0.0,Gwen Stefani,0.0,rock,1.0,1818,0,0.0,1.0,0.398,0.33963,1.0,0.33963,290.55955,0.119,0.684613086,SORRZGD12A6310DBC3,1.0,0.212,-4.169,1,0.338,290.56,0.653,0.13028,113.995,4.0,0.654,0,2004,gwen stefani,0
0.589903022,0.420692588,ARWB3G61187FB49404,0.0,0,0.0,Steve Morse,0.0,blues-rock,0.915187711,219272,0,0.0,0.0,0.148,0.60033,0.148,0.60033,363.85914,0.233,0.64068403,SODAUVL12A8C13D184,4.0,0.311,-6.977,1,0.439,355.776,0.52,0.08124,90.199,1.0,1.0,0,2000,steve morse,0
0.806762596,0.580095045,ARF6ZTO1187FB3684F,0.0,0,0.0,Story Of The Year,0.0,screamo,0.9994248,138157,0,0.0,0.0,0.032,1.19076,0.449,0.55784,75.57179,0.0,0.215080319,SOLCALW12A8C132870,6.0,0.016,-7.626,1,0.331,75.572,0.269,0.21825,100.032,4.0,1.0,0,2005,story of the year,0
0.44802055,0.369535728,ARPYBWQ1187B989C0D,0.0,0,0.0,Natural Elements,0.0,hip hop,1.0,15327,0,0.0,0.0,0.012,0.53136,0.66,0.21433,338.1024,0.0,0.401486711,SOPOIQJ12A6701C8CF,1.0,0.417,-6.318,1,0.359,333.769,0.596,0.05257,185.88,4.0,0.728,0,1998,natural elements,0
0.6051397,0.420937755,ARU0HTX1187B98B4C6,34.05349,0,-118.24532,Lisa Lynne,0.0,chill-out,0.892937884,296872,0,0.0,0.0,0.355,2.13676,0.787,0.2295,298.10893,0.177,0.673875572,SOUMWOQ12A8C13A949,0.0,0.63,-12.811,1,0.749,288.044,0.345,0.2295,94.031,5.0,0.328,0,1998,lisa lynne,0
0.720842183,0.444025681,ARUE3AK1187B9AC923,0.0,0,0.0,Neil Sedaka,0.0,brill building pop,1.0,307149,0,0.0,1.0,0.093,1.61515,0.385,0.08166,170.84036,0.0,-1.0,SOIUJEF12A8C13C878,4.0,0.44,-9.448,0,0.542,165.32,0.91,0.08166,76.013,3.0,0.303,0,1999,neil sedaka,0
0.758678715,0.557562472,ARQ05GM1187B990512,33.99604,0,-117.75801,A Static Lullaby,0.0,post-hardcore,1.0,658324,0,0.0,0.0,0.044,0.5373,0.986,0.24217,213.49832,0.374,0.590252715,SOLUIMX12AB0189599,2.0,0.819,-5.537,1,0.645,213.498,0.585,0.09424,202.233,4.0,0.078,0,2008,a static lullaby,0
0.56246685,0.354934743,ARXN7S71187B9941BE,0.0,0,0.0,Coph Nia,0.0,dark ambient,0.967844545,323381,0,0.0,0.0,0.559,6.65575,0.0,6.65575,658.02404,14.582,-1.0,SOCTPFZ12AAF3B45AE,5.0,0.136,-17.16,0,0.261,638.618,0.04,6.65575,116.819,3.0,0.686,0,2000,coph nia,0
0.628886848,0.310754057,ARXIIEY1187FB44EAF,35.14968,0,-90.04892,Nights Like These,0.0,doom metal,0.964111224,212353,0,0.0,0.0,0.0,0.59293,0.0,0.59293,305.89342,0.0,0.334706549,SOMYOQU12A8C13C2B4,5.0,0.283,-4.053,1,0.369,302.817,0.608,0.34978,124.872,1.0,0.93,0,2006,nights like these,0
0.541077953,0.304547713,ARGC7FQ1187FB409CC,40.71455,0,-74.00712,Stew,0.0,cabaret,0.964134923,252341,0,0.0,0.0,0.0,0.30834,0.0,0.30834,179.9571,0.198,-1.0,SOADEBB12A8C1345D9,7.0,0.926,-10.968,1,0.842,166.98,0.76,0.30834,100.621,1.0,0.0,0,2003,stew,0
0.56412895,0.397775654,AR14CJ91187FB3A994,35.52069,0,-84.36354,Eddy Arnold,0.0,honky tonk,1.0,691036,0,0.0,0.0,0.036,0.46482,0.0,0.09084,166.16444,0.99,-1.0,SOMGTTY12AB0185986,11.0,0.292,-14.014,1,0.401,160.403,0.365,0.09084,157.779,4.0,0.483,0,1967,eddy arnold,0
0.842431482,0.526458224,ARJV0U41187B9AB715,0.0,0,0.0,All Time Low,0.0,pop punk,1.0,665347,0,0.0,0.0,0.196,0.77969,0.0,0.77969,221.67465,0.0,0.270775999,SOIKYMH12AB0186452,2.0,0.403,-2.838,1,0.548,202.374,0.291,0.26828,91.483,4.0,0.537,0,2007,all time low,0
0.571422802,0.423356106,ARWI6LR1187FB46E9F,43.57607,0,7.01815,Richard Galliano,0.0,tango,0.979051263,463706,0,0.0,0.0,0.145,1.3845,0.569,0.5561,261.74649,0.2,0.340922756,SOAXGUT12AB0184D53,9.0,0.503,-15.008,1,0.206,250.16,0.0,0.28411,76.296,3.0,0.51,0,1999,richard galliano,0
0.566024302,0.384601686,AR0AVIB1187FB37D01,0.0,0,0.0,Regina Belle,0.0,vocal jazz,0.932742729,282385,0,0.0,0.0,0.02,1.64604,0.691,1.00805,307.33016,4.261,-1.0,SOWHNGE12A8C133D07,7.0,0.716,-8.916,0,0.699,289.448,0.168,1.00805,92.672,4.0,0.962,0,1993,regina belle,0
0.528835698,0.343133497,AR7OCK81187B98D1F1,34.05349,0,-118.24532,Debbie Davies,0.0,blues-rock,1.0,597320,0,0.0,0.0,0.214,0.5358,0.865,0.5358,225.67138,0.392,0.265861049,SOLULNS12A8C13008E,7.0,0.036,-6.908,1,0.57,219.87,0.619,0.5358,116.984,4.0,0.672,0,1998,debbie davies,0
0.473963333,0.35070666,AR08GQF1187B98E316,0.0,0,0.0,Daath,0.0,technical death metal,0.874545527,138009,0,0.0,2.0,0.261,0.28761,0.717,0.28761,230.86975,0.078,-1.0,SOISHVF12A8AE496BB,0.0,0.67,-3.325,1,0.508,224.299,0.477,0.12958,97.151,4.0,0.824,0,2006,daath,0
0.897178039,0.438234414,ARBXIDR1187B9AB77E,0.0,0,0.0,Avril - Remix By Ana Rago,0.0,trip hop,0.916080634,123825,0,0.0,1.0,0.335,0.71728,0.331,0.71728,188.39465,0.392,-1.0,SOVCZHI12A6D4FAB0D,6.0,0.405,-18.397,1,0.395,184.448,0.065,0.35924,85.282,3.0,0.941,0,2002,avril - remix by ana rago,0
0.686452083,0.517259283,ARMD6JB1187FB3B0E7,0.0,0,0.0,Die Fantastischen Vier,0.0,pop rap,0.980635536,601992,0,0.0,2.0,0.055,0.64742,0.874,0.15129,149.99465,0.129,-1.0,SOISSLO12AC96185B0,9.0,0.634,-5.165,0,0.525,146.036,0.394,0.15129,120.001,4.0,0.548,0,1991,die fantastischen vier,0
0.851218064,0.510490081,AROHMXL1187B9AF4B2,0.0,0,0.0,Yung Joc,0.0,gangster rap,0.999734197,124147,0,0.0,0.0,0.019,0.69168,0.657,0.34694,193.64526,4.29,0.304169503,SOOBSJW12A6D4FA2B2,4.0,0.004,-5.797,0,0.123,184.082,1.0,0.17501,174.019,4.0,0.034,0,2007,yung joc,0
0.508731241,0.332930951,ARRVUWA1187B9A0FE2,21.51102,0,-77.80679,Orquesta AragA3n,0.0,charanga,1.0,508063,0,0.0,0.0,0.036,1.50904,0.798,0.27194,173.68771,0.314,-1.0,SOACHGQ12AB018590E,7.0,0.0,-7.113,1,0.0,170.91,0.0,0.27194,92.606,4.0,1.0,0,2003,orquesta araga3n,0
0.79309437,0.568491815,ARD2NDU1187B99B615,0.0,0,0.0,Dropkick Murphys,0.0,celtic punk,0.947278167,204315,0,0.0,2.0,0.031,0.89598,0.0,0.23685,196.72771,0.0,0.528782481,SOQGZBE12A8C139160,9.0,0.008,-5.386,0,0.254,183.687,0.441,0.07084,183.808,4.0,0.0,0,2002,dropkick murphys,0
0.560882279,0.345063467,AREJO121187B995676,0.0,0,0.0,Taint,0.0,power electronics,1.0,244757,0,0.0,0.0,0.382,0.69115,0.085,0.69115,281.46893,0.357,0.425124658,SONMGHJ12A8C137426,1.0,0.346,-4.583,0,0.361,275.725,0.42,0.37772,92.044,3.0,1.0,0,2009,taint,0
0.67161064,0.421973968,AR5WPYF1187B9B40DA,38.25486,0,-85.7664,VHS Or Beta,0.0,disco,0.97641938,152147,0,0.0,0.0,0.43,1.03893,0.716,0.56712,224.20853,0.0,0.524969055,SOFRROW12A6701CBEA,9.0,0.634,-5.893,0,0.492,214.866,0.656,0.32384,126.806,4.0,0.969,0,2004,vhs or beta,0
0.446326628,0.425728131,ARW040W1187FB51082,0.0,0,0.0,Les Hurlements D'leo,0.0,folk rock,0.979970718,623410,0,0.0,1.0,0.006,1.58355,0.529,0.34238,182.04689,0.277,-1.0,SOPWBZR12AB017C46D,7.0,0.142,-7.693,1,0.392,176.721,0.797,0.34238,104.307,3.0,1.0,0,1999,les hurlements d'leo,0
0.338173032,0.279901462,ARQ7XJG1187B991CEC,0.0,0,0.0,Charanga Forever,0.0,salsa,1.0,380552,0,0.0,0.0,0.089,1.0497,0.731,0.1423,367.43791,0.357,0.0,SORSTBQ12A8C144986,1.0,0.173,-6.622,1,0.303,362.458,0.374,0.1423,203.964,5.0,0.0,0,2000,charanga forever,0
0.815437803,0.613443198,ARM7C1Q1187FB471C8,0.0,0,0.0,Bullet For My Valentine,0.0,alternative metal,1.0,389989,0,0.0,1.0,0.058,0.87556,0.546,0.258,215.53587,0.0,-1.0,SOHXSRS12CF530E601,0.0,0.806,-2.315,1,0.696,213.008,0.555,0.10284,188.924,4.0,0.0,0,2005,bullet for my valentine,0
0.695416519,0.412110495,ARGEKDX1187FB3A5BF,40.65507,0,-73.94888,Marcus Miller,0.0,jazz funk,1.0,627807,0,0.0,0.0,0.003,0.89205,0.876,0.41383,280.13669,0.148,0.503381236,SOQZWXR12AB017FDE3,0.0,1.0,-13.078,1,0.632,270.501,0.678,0.17531,125.147,4.0,0.898,0,1983,marcus miller,0
0.522590185,0.390641236,ARN03F71187FB4E3F4,0.0,0,0.0,Ayo,0.0,neo soul,0.948532447,350343,0,0.0,1.0,0.063,0.92358,0.894,0.44535,212.71465,0.427,0.0,SOGXQRO12A8AE47D50,0.0,0.713,-11.26,1,0.578,205.311,0.88,0.44535,128.689,4.0,0.433,0,2006,ayo,0
0.749395045,0.464517526,ARJ9B1V1187FB4DD1F,0.0,0,0.0,Kid Sister,0.0,hip house,0.882638133,814253,0,0.0,1.0,0.09,0.46686,0.81,0.03482,277.2371,0.0,0.573019828,SOFDHHB12AB0187788,11.0,0.151,-3.573,0,0.368,272.881,0.564,0.03482,140.026,4.0,0.085,0,2009,kid sister,0
0.684994897,0.415517083,ARDG9Z71187B997023,51.50632,0,-0.12714,Public Image Ltd,0.0,dance rock,1.0,23176,0,0.0,2.0,0.411,0.90254,0.478,0.27244,492.30322,5.254,0.639248489,SOPDAMI12A58A782EA,9.0,0.674,-12.091,1,0.612,480.403,0.098,0.11473,193.56,4.0,0.357,0,1985,public image ltd,0
0.847081688,0.625080481,ARZWK2R1187B98F09F,0.0,0,0.0,Rise Against,0.0,hardcore punk,0.947856132,216087,0,0.0,1.0,0.041,1.20013,0.772,0.16706,260.8322,0.242,-1.0,SORZHIP12A8C13EEB8,11.0,0.156,-8.576,1,0.298,252.755,0.0,0.16706,122.006,4.0,0.695,0,2001,rise against,0
0.732571745,0.457981674,ARNNQ9E1187FB3C82F,0.0,0,0.0,Sizzla,0.0,dancehall,0.97102593,743543,0,0.0,1.0,0.237,0.40139,0.857,0.08357,203.96363,0.212,-1.0,SOIHMBZ12AC4688FD5,7.0,0.352,-6.832,0,0.485,195.785,0.966,0.08357,190.01,4.0,1.0,0,2005,sizzla,0
0.581884359,0.347006921,ARWSMC91187B9AD369,51.48126,0,-3.18067,Helen Love,0.0,power pop,0.926846872,594771,0,0.0,1.0,0.006,1.19474,0.0,0.59622,81.97179,0.2,0.299877488,SOWEMDM12AC3DFA56B,2.0,0.007,-6.746,0,0.289,76.167,0.368,0.14677,100.76,4.0,0.905,0,1994,helen love,0
0.756063871,0.491468882,AR82DJK1187B991107,34.05349,0,-118.24532,The Pharcyde,0.0,rap,1.0,519747,0,0.0,1.0,0.0,0.0,0.614,0.77759,11.59791,0.0,-1.0,SOLZTXD12AB0189AEB,0.0,0.114,-19.461,1,0.357,11.598,0.0,0.127,38.233,4.0,0.0,0,2004,the pharcyde,0
0.499302193,0.387294172,ARMUC731187B9A172D,0.0,0,0.0,Azis,0.0,pop folk,1.0,65820,0,0.0,0.0,0.037,1.21176,0.708,0.48572,281.88689,0.09,0.407901717,SOKBJCQ12A6D4F9DCB,0.0,0.422,-6.608,1,0.458,272.765,0.941,0.12926,98.151,4.0,0.586,0,2006,azis,0
0.899709853,0.583732613,ARWD25M1187FB4C563,0.0,0,0.0,Amy Winehouse,0.0,vocal jazz,0.905919844,133,0,0.0,1.0,0.943,1.32507,0.798,0.65733,256.10404,0.206,-1.0,SOXLVKX12A6310E1C9,10.0,0.312,-7.758,1,0.371,249.156,1.0,0.33163,91.198,4.0,0.0,0,2003,amy winehouse,0
0.668020249,0.516963731,ARYF20K1187B9B76BD,0.0,0,0.0,George Lopez,0.0,california,1.0,679314,0,0.0,0.0,0.089,1.10415,0.499,0.30652,345.23383,0.0,-1.0,SOOWWPQ12AB018E4B7,4.0,0.604,-8.832,1,0.383,341.455,0.841,0.30652,75.467,5.0,0.724,0,2009,george lopez,0
0.50373879,0.359290849,ARIHI8H1187B9B0058,18.11526,0,-77.27348,Jackie Edwards,0.0,rock steady,0.884814709,480173,0,0.0,0.0,0.044,0.66416,0.619,0.29069,256.62649,0.0,0.225940273,SOZQKUN12A58A7BE4B,1.0,0.0,-12.102,1,0.0,241.801,0.438,0.10395,161.796,4.0,0.0,0,2006,jackie edwards,0
0.710203377,0.51484988,ARUWB5W1187B98D7A1,0.0,0,0.0,Ensiferum,0.0,power metal,1.0,347283,0,0.0,1.0,0.428,0.91238,0.0,0.2397,291.02975,0.0,0.660344383,SOCOQUZ12AB0181A1E,7.0,0.448,-4.507,1,0.564,271.72,0.478,0.2397,179.988,3.0,1.0,0,1999,ensiferum,0
0.756063871,0.491468882,AR82DJK1187B991107,34.05349,0,-118.24532,The Pharcyde / Big Boy / Schmooche Cat / Randy Mack,0.0,rap,1.0,279813,0,0.0,1.0,0.143,0.2439,0.335,0.2439,334.78485,0.236,0.578658188,SOXTQOC12A6D4F6C56,1.0,0.601,-9.636,1,0.395,322.554,0.567,0.2439,95.816,4.0,1.0,0,1995,the pharcyde / big boy / schmooche cat / randy mack,0
0.758678715,0.557562472,ARQ05GM1187B990512,33.99604,0,-117.75801,A Static Lullaby,0.0,post-hardcore,1.0,292356,0,0.0,0.0,0.74,1.44437,0.484,0.68966,237.42649,2.786,0.542307526,SOXHJSE12A8C1364FF,7.0,0.145,-4.621,1,0.329,227.498,0.205,0.68966,80.41,4.0,0.402,0,2005,a static lullaby,0
0.718381342,0.455825979,ARBD4QW1187FB42153,62.19845,0,17.55142,Scar Symmetry,0.0,death metal,1.0,125805,0,0.0,1.0,0.182,0.57828,0.842,0.18169,271.5424,0.119,0.716321271,SODUYOC12A67ADC8ED,6.0,0.051,-3.536,0,0.612,267.633,0.175,0.18169,150.086,4.0,0.894,0,2006,scar symmetry,0
0.450877778,0.313171602,AR8QW7Y119B866993A,0.0,0,0.0,Oztara,0.0,musette,1.0,435836,0,0.0,0.0,0.079,0.14405,0.937,0.14405,207.51628,0.2,-1.0,SOTAGIH12AB018152A,3.0,0.023,-5.786,0,0.259,203.395,0.838,0.14405,191.929,4.0,0.38,0,2005,oztara,0
0.375962133,0.349873381,ARJAVK71187B989FEF,0.0,0,0.0,Sonia Dersion,0.0,zouklove,1.0,400543,0,0.0,0.0,0.121,0.70037,0.515,0.35338,269.87057,0.113,0.247625764,SONKANV12AB017E5F0,5.0,0.1,-8.089,0,0.12,258.728,0.512,0.18032,173.936,4.0,0.461,0,2004,sonia dersion,0
0.831240277,0.737884133,AR0S7TA1187FB4D024,0.0,0,0.0,Christina Aguilera,0.0,dance pop,1.0,299146,0,0.0,1.0,0.463,2.10678,0.798,1.5987,266.73587,2.566,0.622435137,SOBCKIM12A8C13936C,6.0,0.434,-7.834,1,0.443,252.54,0.349,1.5987,117.984,4.0,1.0,0,2000,christina aguilera,0
0.752365974,0.440107997,ARV1ALU1187FB4D77E,33.6671,0,-117.76505,Eighteen Visions,0.0,alternative metal,0.980767933,310421,0,0.0,0.0,0.002,0.45847,0.939,0.45847,172.19873,0.415,0.660369706,SOPYZLU12A8C14193C,6.0,0.274,-4.806,1,0.466,170.156,0.702,0.23015,131.079,4.0,0.664,0,2006,eighteen visions,0
0.561487776,0.333596878,ARVZPW91187FB4D73C,0.0,0,0.0,Baby Huey & The Baby Sitters,0.0,funk,1.0,34603,0,0.0,0.0,0.699,0.40307,0.699,0.40307,288.36526,0.543,0.476248227,SOVSLSQ12A6D4F8F77,2.0,0.634,-10.895,0,0.609,280.729,0.469,0.17727,132.973,1.0,0.0,0,1971,baby huey & the baby sitters,0
0.830884642,0.776167742,AR633SY1187B9AC3B9,0.0,0,0.0,Weezer,0.0,pop rock,0.999988619,15588,0,0.0,3.0,0.85,0.47673,0.0,0.0545,180.97587,2.635,0.784712266,SOHSGTX12A67020685,2.0,0.63,-3.637,1,0.63,172.054,0.358,0.0545,142.68,4.0,0.591,0,2001,weezer,0
0.415784608,0.307902094,ARDQO721187FB3C6D9,0.0,0,0.0,Rodney O & Joe Cooley,0.0,miami bass,0.931449931,662089,0,0.0,0.0,0.185,1.31138,1.0,0.18588,217.41669,0.147,0.451934553,SOARVHI12AB018C588,1.0,0.329,-7.041,1,0.249,214.367,1.0,0.18588,107.185,4.0,1.0,0,1993,rodney o & joe cooley,0
0.544835431,0.331863557,ARUF71J1187FB511C1,37.08571,0,-88.59583,Boots Randolph,0.0,instrumental rock,0.942583448,285677,0,0.0,1.0,0.219,3.1226,0.345,2.53131,150.20363,2.426,0.375984302,SOQLNGZ12A8C1314E8,0.0,0.826,-11.927,1,0.672,144.126,0.375,2.23332,101.485,3.0,1.0,0,1963,boots randolph,0
0.574984394,0.317016495,AREP8KM1187B9A3A7B,0.0,0,0.0,Jackson United,0.0,surf music,0.857471606,328589,0,0.0,0.0,0.08,1.15183,0.884,0.49909,204.93016,0.305,0.445454526,SOUOYDQ12AB017EFFC,11.0,0.378,-4.941,1,0.598,195.141,0.814,0.17733,90.636,4.0,0.0,0,2008,jackson united,0
0.582460567,0.38479891,ARQXAUH1187B9BA010,33.90698,0,-88.95535,Bobbie Gentry,0.0,country blues,0.975475975,60339,0,0.0,1.0,0.783,0.08249,0.783,0.08249,177.57995,0.125,-1.0,SONETAK12A6D4FB69A,2.0,0.724,-13.134,1,0.647,167.544,0.0,0.08249,152.434,1.0,0.066,0,1968,bobbie gentry,0
0.633313609,0.419860994,ARHBYTA1187FB3C812,0.0,0,0.0,Luar Na Lubre,0.0,freestyle,0.927168672,113380,0,0.0,1.0,0.16,0.22929,0.304,0.22929,251.81995,0.0,0.400039657,SOPJIAU12A8C13DF3A,2.0,0.44,-8.654,0,0.431,238.51,0.111,0.09834,229.913,3.0,0.493,0,2001,luar na lubre,0
0.533724477,0.370747684,ARHEQ501187FB4F898,0.0,0,0.0,Fruko Y Sus Tesos,0.0,salsa,1.0,230945,0,0.0,0.0,0.001,0.9737,0.403,0.39931,261.90322,0.212,0.697181542,SOWCGOU12A81C2194D,10.0,0.098,-6.206,0,0.243,257.62,0.662,0.11426,106.769,4.0,1.0,0,2004,fruko y sus tesos,0
0.563845985,0.344540601,AR19GQN1187FB3ACF5,40.71455,0,-74.00712,The Bucketheads,0.0,vocal house,1.0,28356,0,0.0,1.0,0.406,1.33986,0.926,0.85224,365.71383,0.0,0.375984302,SOAQFIX12A6D4F8A72,9.0,0.457,-14.979,1,0.37,360.124,0.203,0.60099,120.876,5.0,1.0,0,1995,the bucketheads,0
0.484893131,0.344871922,AR3752L1187FB4B67E,0.0,0,0.0,The Real Kids,0.0,power pop,0.933309953,180481,0,0.0,1.0,0.002,0.70192,0.778,0.28806,222.11873,0.0,0.492299861,SOLHMFG12A81C21E88,11.0,0.181,-8.471,1,0.652,215.568,0.516,0.08267,147.661,4.0,0.179,0,1996,the real kids,0
0.547938241,0.374791219,AR37ILI1187B98E27B,0.0,0,0.0,Shriekback,0.0,alternative dance,0.918613059,221012,0,0.0,1.0,0.797,0.45556,0.797,0.45556,113.60608,0.223,0.23979456,SOBXYZM12A8C140450,2.0,0.57,-11.661,1,0.48,110.022,0.656,0.05741,100.15,1.0,0.305,0,2005,shriekback,0
0.832757431,0.546383748,ARPKATM1187B9B76E6,41.30711,0,-72.92496,Hatebreed,0.0,hardcore punk,1.0,141769,0,0.0,0.0,0.069,0.82745,0.894,0.1307,136.95955,0.09,0.0,SOJISRJ12A8C1323D7,0.0,0.452,-3.806,0,0.499,133.341,0.69,0.1307,85.771,4.0,0.687,0,2006,hatebreed,0
0.432839367,0.366905853,ARFZSPU1187B9B5BA9,0.0,0,0.0,John Frizzell,0.0,soundtrack,1.0,286870,0,0.0,1.0,0.037,0.70299,0.128,0.41784,133.19791,3.048,-1.0,SOXTTCW12A8C1331EF,10.0,0.028,-23.685,0,0.369,119.867,0.128,0.41784,210.898,4.0,0.31,0,2002,john frizzell,0
0.731065756,0.509878708,AREPD8D1187FB3F5BC,0.0,0,0.0,Sister Hazel,0.0,post-grunge,1.0,555552,0,0.0,0.0,0.039,0.56403,0.697,0.14109,195.36934,0.107,0.603030145,SOKMFTY12AB0183216,5.0,0.809,-6.481,1,0.733,184.941,0.958,0.14109,140.259,4.0,0.019,0,2010,sister hazel,0
0.675766804,0.435468899,AR93D4D1187FB3ACAD,35.472,0,-97.52033,J.J. Cale,0.0,blues-rock,1.0,22096,0,0.0,1.0,1.0,0.31164,1.0,0.31164,202.94485,0.264,-1.0,SONUYNP12C41E0741F,6.0,0.407,-18.863,0,0.411,194.502,0.958,0.08238,133.398,1.0,0.0,0,1983,j.j. cale,0
0.462996094,0.329391949,AR858UO1187FB437B4,35.21962,0,-80.01955,Precious Bryant,0.0,blues,1.0,484857,0,0.0,0.0,0.026,1.67512,1.0,0.34332,193.72363,0.763,0.241524482,SOSOQET12AB0181A68,4.0,0.489,-9.131,1,0.487,185.707,0.245,0.34332,91.538,4.0,1.0,0,2005,precious bryant,0
0.845768866,0.788805935,ARF2EHS1187B994F4E,36.16778,0,-86.77836,Kings Of Leon,0.0,southern rock,1.0,315023,0,0.0,2.0,0.117,1.59146,0.189,1.05968,466.65098,0.0,-1.0,SOCOICY12A8C140D18,9.0,0.0,-7.714,1,0.0,462.222,0.158,0.78652,114.73,4.0,0.572,0,2007,kings of leon,0
0.705745818,0.359064296,AR8LMZM1187B9A8160,0.0,0,0.0,Brooke Valentine,0.0,crunk,0.942215914,151246,0,0.0,0.0,0.083,1.36283,0.751,0.2834,261.53751,0.253,0.215080319,SORCBRS12A8C138350,1.0,0.826,-6.825,1,0.53,257.295,1.0,0.2834,111.936,4.0,0.955,0,2005,brooke valentine,0
0.508636229,0.372119119,AREUYDJ1187B9BA040,0.0,0,0.0,Krystof,0.0,soft rock,0.998367287,72103,0,0.0,1.0,0.03,1.13332,0.606,0.49138,262.55628,0.396,0.457447167,SOTKKSP12A6BD53D32,2.0,0.41,-7.499,1,0.449,251.699,0.783,0.16709,93.015,4.0,0.901,0,2006,krystof,0
0.731208047,0.547506775,ARQ76LG1187B9ACD84,34.05349,0,-118.24532,Black Flag,0.0,hardcore punk,1.0,150242,0,0.0,2.0,0.078,1.70869,0.48,0.1629,1030.19057,0.189,0.499445835,SOGJYZW12A8C134DBD,0.0,0.587,-18.91,1,0.655,1027.483,0.0,0.1629,70.649,5.0,0.99,0,1982,black flag,0
0.658016592,0.472495477,ARBZHTB1187FB3A725,0.0,0,0.0,Aaron Watson,0.0,honky tonk,1.0,321603,0,0.0,0.0,0.051,0.10541,0.906,0.10541,217.39057,0.205,-1.0,SOYRLBG12A8C145AD9,4.0,0.563,-8.942,1,0.532,208.834,0.613,0.10541,155.896,4.0,0.0,0,2008,aaron watson,0
0.597113363,0.376556981,AR82GTS1187FB5662F,53.41961,0,-8.24055,Mary Black,0.0,country rock,0.950485156,209913,0,0.0,1.0,0.005,0.66054,0.729,0.29459,293.92934,0.212,0.511424326,SOXBGFT12A8C13B4BF,5.0,0.08,-9.464,0,0.322,276.59,0.668,0.11162,163.567,4.0,0.564,0,1999,mary black,0
0.7957297,0.69352472,AR0WLH6119B8669027,0.0,0,0.0,Owl City,0.0,synthpop,0.90020874,391899,0,0.0,1.0,0.011,1.01502,1.0,0.21589,187.6371,0.194,-1.0,SOEVPYU12CF5827356,5.0,0.015,-7.188,0,0.106,178.672,1.0,0.21589,150.066,4.0,0.648,0,2007,owl city,0
0.57944035,0.390981124,ARDK5LC1187B9AB681,35.36302,0,-89.77895,Bobby Bland,0.0,soul blues,1.0,384736,0,0.0,0.0,0.102,0.9597,0.925,0.42173,181.49832,0.316,0.0,SODPTKR12AAFF43568,2.0,0.592,-10.269,0,0.43,176.152,0.955,0.15408,105.927,3.0,1.0,0,2006,bobby bland,0
0.530631077,0.326235946,AR5BLB01187FB57E99,0.0,0,0.0,Headliners,0.0,hard house,1.0,114406,0,0.0,0.0,0.272,0.07802,0.0,0.07802,169.56036,0.0,0.0,SOLTRLC12A8C13E710,4.0,0.373,-4.969,1,0.423,157.727,0.775,0.07802,88.001,3.0,1.0,0,2006,headliners,0
0.510783846,0.349013498,ARGWFMR1187B98D0E7,-19.59634,0,-40.77105,CA3mplices,0.0,pop rock,0.994799453,303880,0,0.0,0.0,0.197,1.34242,0.859,0.15128,307.56526,0.259,0.565451012,SOUSQZF12A8C13BBB9,0.0,0.164,-5.959,1,0.376,300.716,0.31,0.15128,100.051,4.0,0.95,0,1991,ca3mplices,0
0.513108193,0.399372672,ARXY0SI1187B9B3064,0.0,0,0.0,Kasia Stankiewicz,0.0,chill-out,1.0,52709,0,0.0,0.0,0.42,0.18609,1.0,0.18609,304.06485,0.398,-1.0,SOQXUJL12A6D4FA238,0.0,0.613,-7.114,1,0.638,290.226,0.41,0.18609,134.051,4.0,0.112,0,2006,kasia stankiewicz,0
0.664182058,0.502848779,ARNDBEM1187B9A2918,64.95014,0,26.06739,Turisas,0.0,viking metal,0.956696623,734716,0,0.0,0.0,0.03,0.6525,0.359,0.26364,146.59873,0.0,0.653815561,SOKTTZL12A67ADC7CD,0.0,0.146,-7.249,1,0.284,143.139,0.527,0.07484,160.009,4.0,0.485,0,2004,turisas,0
0.563048689,0.34822673,ARDNW1B1187FB4ABBB,0.0,0,0.0,ChA(c)co Feliciano And Joe King,0.0,salsa,1.0,428735,0,0.0,0.0,0.098,1.2554,0.275,0.57284,273.65832,0.241,0.319565987,SOZDUEQ12A8C14440E,5.0,0.494,-3.865,0,0.541,269.183,0.835,0.30106,87.976,7.0,0.409,0,2006,cha(c)co feliciano and joe king,0
0.511711973,0.33256773,AROBERX1187B9B437A,0.0,0,0.0,Stars Like Fleas,0.0,glitch,0.941634805,529798,0,0.0,0.0,0.494,0.24324,0.494,0.24324,264.51546,0.0,0.0,SOUYCPO12AAF3B3E0B,5.0,0.588,-7.401,1,0.394,249.736,0.162,0.24324,103.936,1.0,0.0,0,2007,stars like fleas,0
0.833178526,0.804219797,AR6PJ8R1187FB5AD70,0.0,0,0.0,Shakira,0.0,dance pop,1.0,439614,0,0.0,1.0,0.523,0.69876,0.523,0.69876,148.1922,0.0,0.701124286,SOSMXVH12A58A7CA6C,4.0,0.97,-19.976,1,0.935,141.398,0.523,0.69876,115.066,1.0,0.0,0,1995,shakira,0
0.589694605,0.383863704,AR21YNH1187FB49649,51.50632,0,-0.12714,Ms. Dynamite,0.0,grime,0.921561762,19265,0,0.0,1.0,0.0,3.17277,0.0,3.17277,286.32771,7.668,0.408110884,SOBSKJV12A67AE0CC4,9.0,0.53,-9.903,0,0.669,259.884,0.029,2.92165,125.916,3.0,0.262,0,2005,ms. dynamite,0
0.851351443,0.582346374,ARA3I0J1187FB57869,0.0,0,0.0,Blink-182,0.0,power pop,1.0,371,0,0.0,3.0,0.314,0.29534,0.314,0.29534,225.12281,0.17,0.674164747,SODPLYE12AB01898FB,7.0,0.725,-7.315,1,0.688,219.655,0.366,0.14272,200.716,1.0,0.0,0,1997,blink-182,0
0.646021343,0.408801073,AR4CH531187FB4EA21,0.0,0,0.0,Abysmal Dawn,0.0,blackened death metal,1.0,237545,0,0.0,0.0,0.998,0.11849,0.998,0.11849,250.3571,0.071,0.538200452,SOMTZYN12A8AE471C0,7.0,0.877,-5.766,1,0.614,250.357,0.848,0.11849,125.086,1.0,0.0,0,2008,abysmal dawn,0
0.558475816,0.40788797,ARJIWJH1187FB3F6B9,34.14632,0,-118.24802,Elvin Bishop,0.0,blues-rock,1.0,226854,0,0.0,0.0,0.167,0.72705,0.17,0.33496,254.56281,0.0,0.405115722,SOLRRKL12A6D4F9A14,7.0,0.817,-5.208,1,0.683,254.563,0.17,0.33496,150.013,4.0,0.918,0,2005,elvin bishop,0
0.634441713,0.423117944,ARSTSEH121318C5B01,0.0,0,0.0,Siouxsie,0.0,dark wave,0.945835711,130556,0,0.0,0.0,0.045,1.07133,0.0,0.03691,234.55302,1.042,0.590240598,SOVXNAP12A81C234AE,8.0,0.893,-6.931,1,0.656,226.267,0.337,0.03691,115.033,4.0,0.0,0,2007,siouxsie,0
0.629301806,0.450779891,ARFFDZU1187FB50682,40.71455,0,-74.00712,Alan Silvestri,0.0,country rock,0.939105287,538812,0,0.0,1.0,0.166,0.3209,0.0,0.3209,504.05832,0.0,0.301681757,SOKCFEJ12AB017BE83,8.0,0.087,-10.586,1,0.246,497.348,0.389,0.12774,154.172,4.0,0.198,0,2009,alan silvestri,0
0.465194733,0.36228409,ARZ05QG1187FB3843E,31.55379,0,-90.10785,Byther Smith,0.0,chicago blues,1.0,495943,0,0.0,0.0,0.189,0.97761,0.0,0.30675,269.7922,0.241,0.535575222,SORMWFU12AB0185891,0.0,0.706,-10.483,1,0.692,258.142,1.0,0.30675,94.554,3.0,0.661,0,2004,byther smith,0
0.546788717,0.37082899,AR0693R1187FB59D32,0.0,0,0.0,Dusminguet,0.0,rumba,0.97356304,154936,0,0.0,1.0,0.013,0.72708,0.496,0.42959,199.13098,0.0,0.288481643,SOMXSEH12A8C1371EA,5.0,0.813,-4.314,1,0.593,192.441,0.633,0.27741,196.188,4.0,1.0,0,2001,dusminguet,0
0.393947413,0.282775063,ARBON001187B99BAD8,0.0,0,0.0,Rudolph Valentino,0.0,ballad,1.0,584767,0,0.0,0.0,0.197,0.83548,0.131,0.24321,184.73751,0.392,-1.0,SOTSZZK12AB0189F9D,7.0,0.543,-20.846,1,0.597,177.046,0.131,0.24321,101.621,5.0,0.937,0,1992,rudolph valentino,0
0.644519692,0.405618982,ARQDWBG1187B9891D7,0.0,0,0.0,Zeromancer,0.0,industrial rock,0.855788212,522008,0,0.0,1.0,0.126,1.76462,0.0,1.09463,362.31791,3.065,0.675696807,SOSQIQU12A8C143A53,2.0,0.674,-6.762,1,0.583,350.372,0.112,0.75922,90.027,4.0,0.97,0,2009,zeromancer,0
0.566024302,0.384601686,AR0AVIB1187FB37D01,0.0,0,0.0,Regina Belle,0.0,vocal jazz,0.932742729,323408,0,0.0,0.0,0.911,1.17062,0.0,0.23889,274.80771,0.0,-1.0,SOVGKBD12AAF3B4FFB,0.0,0.416,-10.72,1,0.471,265.514,0.275,0.23889,67.745,4.0,0.0,0,2004,regina belle,0
0.859513993,0.812307796,ARV3CRH1187B9A1B21,0.0,0,0.0,Green Day,0.0,alternative rock,0.952368521,138100,0,0.0,3.0,0.0,2.22992,0.421,1.63006,340.79302,3.93,0.437909889,SOWQROJ12A8AE47400,7.0,0.801,-5.66,1,0.711,331.952,0.104,1.33459,101.08,4.0,0.88,0,2005,green day,0
0.697887822,0.435144672,AR6GJDZ1187B991E46,19.4319,0,-99.13285,KALIMBA,0.0,death core,0.922358594,662932,0,0.0,1.0,0.599,0.42579,0.649,0.42579,352.67873,0.0,0.450762242,SOZBOLJ12AB018B0EC,0.0,0.558,-6.282,1,0.504,344.213,0.285,0.16535,80.484,4.0,0.497,0,2009,kalimba,0
0.593262655,0.372069058,AR0DSOO1187B9B855E,0.0,0,0.0,Wailing Souls,0.0,roots reggae,0.975065931,805384,0,0.0,0.0,0.034,0.73938,0.0,0.26148,214.38649,1.025,-1.0,SOHFVFR12AB0186969,0.0,0.0,-10.275,1,0.0,201.271,0.587,0.02431,124.788,4.0,0.049,0,1979,wailing souls,0
0.668087296,0.459387425,AR6AGJV1187FB504BA,0.0,0,0.0,Kitaro,0.0,chill-out,0.810626342,226149,0,0.0,1.0,0.678,0.24211,0.678,0.24211,81.50159,0.0,0.345802234,SOXDEEZ12A6D4FBB9A,8.0,0.372,-14.891,0,0.46,73.903,0.266,0.24211,143.291,1.0,0.0,0,1993,kitaro,0
0.79633706,0.582921577,ARSW5F51187FB4CFC9,0.0,0,0.0,Alice In Chains,0.0,grunge,0.99997762,583091,0,0.0,2.0,0.076,0.92741,0.345,0.3692,256.522,0.0,0.824432869,SOABLAF12AB018E1D9,10.0,0.346,-3.91,0,0.422,245.609,0.873,0.0894,107.845,4.0,1.0,0,2009,alice in chains,0
0.704411407,0.469425908,ARD0FN11187B9B25CD,40.85715,0,-73.85678,Bobby Darin,0.0,brill building pop,1.0,24673,0,0.0,2.0,0.088,1.35065,0.612,0.68264,163.52608,0.637,0.0,SOWOHNT12A6D4F60EA,5.0,0.206,-13.876,1,0.491,153.269,0.727,0.68264,90.18,3.0,0.307,0,1995,bobby darin,0
0.621825362,0.507962145,ARXGWNG1187FB503A5,0.0,0,0.0,Ini Kamoze,0.0,dancehall,1.0,277866,0,0.0,1.0,0.003,1.53089,1.0,0.32747,248.92036,0.281,-1.0,SOVLDWE12A8AE47F3E,9.0,0.36,-9.586,0,0.571,244.355,0.801,0.32747,100.342,4.0,1.0,0,1995,ini kamoze,0
0.80955221,0.583147022,ARQATWU1187B98EE26,40.14323,0,-74.72671,Ill Nino,0.0,alternative metal,1.0,138006,0,0.0,1.0,0.0,0.56068,0.55,0.56068,180.50567,3.251,0.0,SOQYKJX12A8AE4968F,8.0,0.13,-4.44,1,0.298,162.22,0.0,0.13142,104.984,4.0,0.893,0,2006,ill nino,0
0.739099282,0.471126715,ARKLA8V1187B999B68,0.0,0,0.0,Baroness,0.0,sludge metal,1.0,618681,0,0.0,1.0,0.112,0.40371,0.0,0.05452,270.52363,0.0,0.742185319,SOTMYBJ12A58A7A667,10.0,0.15,-7.803,0,0.297,270.524,0.289,0.05452,176.066,3.0,0.592,0,2009,baroness,0
0.822316236,0.508813195,ARTE9CG1187B99B1AF,0.0,0,0.0,DMX / Eve / Jadakiss,0.0,hip hop,1.0,8497,0,0.0,1.0,0.093,0.80333,0.782,0.16228,265.22077,0.096,0.604088178,SOTVHQT12AB0181279,10.0,0.179,-2.542,0,0.213,254.108,0.282,0.16228,185.094,4.0,0.344,0,2003,dmx / eve / jadakiss,0
0.555966789,0.338110388,AR9KWJK1187FB4A531,18.22328,0,-66.42889,Willie Rosario,0.0,salsa,1.0,227007,0,0.0,0.0,0.013,0.46608,0.884,0.1547,281.41669,0.148,0.569275651,SOZVBBA12A6D4FD1A8,7.0,0.602,-5.799,1,0.501,276.364,0.355,0.1547,197.458,4.0,0.0,0,1999,willie rosario,0
0.3454137,0.233780466,ARBPXW61187B99D5D9,0.0,0,0.0,Jude Taylor & His Burning Flames,0.0,zydeco,1.0,609165,0,0.0,1.0,0.005,0.59627,0.65,0.59627,260.46649,0.0,-1.0,SOJDXID12A8C140A22,10.0,0.448,-11.937,0,0.619,256.923,0.554,0.59627,102.731,4.0,0.0,0,1994,jude taylor & his burning flames,0
0.804523521,0.586433379,AR6892W1187B9AC71B,0.0,0,0.0,Placebo,0.0,british pop,0.999766449,340,0,0.0,3.0,0.542,0.15585,0.995,0.15585,246.96118,0.34,0.850282902,SOCLAYI12A6310F138,8.0,0.0,-6.033,1,0.283,235.265,0.899,0.15585,142.116,4.0,0.0,0,2000,placebo,0
0.852136187,0.78033412,ART5MUE1187B98C961,0.0,0,0.0,Metallica,0.0,speed metal,0.973315444,311757,0,0.0,9.0,0.082,0.80545,0.482,0.44413,252.3424,0.0,0.801014142,SOGAUIQ12A6D4F8262,1.0,0.376,-3.028,1,0.462,244.941,0.155,0.44413,167.486,4.0,0.901,0,1982,metallica,0
0.739454874,0.513339196,AREKO1L1187B997EFE,55.70622,0,13.1876,The Radio Dept.,0.0,shoegaze,1.0,757061,0,0.0,0.0,0.845,0.09248,0.845,0.09248,256.02567,0.067,0.682574648,SOVBTZQ12AB0184DC0,9.0,0.578,-5.648,0,0.7,244.825,1.0,0.09248,88.02,1.0,0.439,0,2007,the radio dept.,0
0.724284927,0.501360613,AREGV3K1187B9AF614,0.0,0,0.0,MAPtley CrA1/4e,0.0,heavy metal,1.0,565273,0,0.0,1.0,0.006,0.87907,0.786,0.41343,254.01424,0.131,0.535106025,SOFMOWZ12AB017F3B7,7.0,0.246,-7.199,1,0.373,243.125,0.627,0.1806,127.745,4.0,0.699,0,1999,maptley cra1/4e,0
0.524694958,0.368067241,AR8S3OI1187B9B92E4,0.0,0,0.0,Shy FX & T Power,0.0,uk garage,0.918410685,278622,0,0.0,1.0,0.001,1.00344,0.967,0.33094,380.44689,0.0,-1.0,SOKJKUH12A8AE46FAA,4.0,0.056,-3.584,0,0.206,367.467,0.432,0.16027,88.973,4.0,1.0,0,2005,shy fx & t power,0
0.506933336,0.334851271,ARXP9GE1187FB3ED0E,42.68318,0,-83.13702,Becky Baeling,0.0,dance pop,1.0,25826,0,0.0,0.0,0.023,0.95563,0.73,0.04725,247.66649,0.48,-1.0,SOQVGKZ12A6D4F8244,7.0,0.447,-5.963,1,0.508,229.576,0.698,0.04725,132.892,4.0,0.398,0,2003,becky baeling,0
0.632130913,0.472281211,ARO0QD41187FB3AB0A,34.05349,0,-118.24532,Keb' Mo',0.0,blues,1.0,308612,0,0.0,1.0,0.005,1.73243,0.563,0.42031,190.56281,0.0,-1.0,SOMLPQI12A8C13EE3F,2.0,0.815,-10.548,1,0.631,179.188,1.0,0.09463,89.966,4.0,1.0,0,2006,keb' mo',0
0.467925843,0.365931469,ARYV1OT1187B9B4C8E,0.0,0,0.0,Commander Cody And His Lost Planet Airmen,0.0,country rock,0.957775785,275315,0,0.0,1.0,0.074,0.62839,0.843,0.11417,188.70812,0.0,-1.0,SOPILLC12A81C1FA01,4.0,0.861,-16.357,1,0.774,185.359,0.0,0.11417,104.823,3.0,0.985,0,1974,commander cody and his lost planet airmen,0
0.537908276,0.417727338,ARF0COO1187B99B9EF,43.72233,0,-90.59239,Cauterize,0.0,pop punk,1.0,656513,0,0.0,0.0,0.0,0.95791,0.716,0.33522,240.43057,0.618,0.714329037,SOHNDZB12A8C13EDB8,1.0,0.535,-4.714,1,0.658,229.976,0.643,0.03551,97.148,4.0,0.772,0,2003,cauterize,0
0.558481253,0.37632596,ARC1CJB1187B99FCA4,0.0,0,0.0,Laurie Berkner,0.0,death core,0.943156702,632827,0,0.0,0.0,0.287,0.6419,0.838,0.22009,233.45587,0.177,0.0,SOFJWKK12AB01826CD,5.0,0.84,-16.263,1,0.598,230.22,0.827,0.22009,144.71,4.0,0.071,0,2001,laurie berkner,0
0.796493402,0.510324986,ARIWB161187B9AA1D5,0.0,0,0.0,Simon & Garfunkel,0.0,folk-pop,0.946117754,292662,0,0.0,2.0,0.371,0.80752,0.984,0.41789,194.35057,0.34,0.419674279,SOTETIO12A8151CA26,7.0,0.704,-13.047,1,0.55,183.844,0.687,0.2216,151.5,4.0,0.161,0,2004,simon & garfunkel,0
0.604820432,0.383877494,AR7BMMV1187FB5B2D7,39.15093,0,-123.2079,Robben Ford,0.0,blues-rock,0.983628765,409364,0,0.0,1.0,0.012,1.1007,1.0,0.03661,298.37016,0.255,0.503381236,SOVKUOE12A58A8066E,9.0,0.678,-6.311,0,0.494,281.141,0.847,0.03661,111.903,4.0,1.0,0,2002,robben ford,0
0.844039532,0.524378988,ARUSOMY1187FB4D3B4,0.0,0,0.0,Anti-Flag,0.0,oi,0.999917452,553397,0,0.0,4.0,0.455,0.51138,0.455,0.51138,359.6273,2.955,0.549342332,SOUJNFK12AB0186B86,6.0,0.426,-10.609,1,0.38,346.448,0.101,0.51138,141.334,1.0,0.733,0,1999,anti-flag,0
0.383294226,0.255564868,ARYSHL01187B9AAEC7,0.0,0,0.0,Hysterie,0.0,tech house,0.917806255,604938,0,0.0,0.0,0.226,0.92617,1.0,0.45991,389.642,0.438,0.0,SOSVTQX12A8C136D74,0.0,0.466,-10.976,1,0.344,384.255,1.0,0.22851,130.032,4.0,0.929,0,2005,hysterie,0
0.834538586,0.477310881,AR6F6I21187FB5A3AA,0.0,0,0.0,Aesop Rock,0.0,underground rap,0.741984468,174343,0,0.0,2.0,0.403,0.48835,0.674,0.13081,234.52689,0.16,0.638297906,SOEDCOB12A8C142CBA,4.0,0.442,-6.022,1,0.328,229.825,0.182,0.13081,167.909,4.0,0.01,0,2001,aesop rock,0
0.685691649,0.542502096,ARA3VJJ1187FB3F5A6,0.0,0,0.0,Shelby Lynne,0.0,country rock,0.953625663,11462,0,0.0,1.0,0.02,1.24317,0.694,0.21576,290.97751,0.177,0.392008772,SOJWZGJ12A670203B7,7.0,0.738,-15.546,1,0.877,258.885,1.0,0.21576,121.773,4.0,1.0,0,2005,shelby lynne,0
0.803220003,0.583022291,ARYVO9V1187B9B1FC6,0.0,0,0.0,Franz Ferdinand,0.0,art rock,0.952419762,496543,0,0.0,2.0,0.0,0.34292,0.0,0.34292,195.13424,1.054,-1.0,SOJBWGF12A8159E883,7.0,0.594,-7.329,1,0.714,175.183,0.146,0.1347,143.679,1.0,0.0,0,2005,franz ferdinand,0
0.852638932,0.535763158,ARWA8AH1187FB3FC84,51.50632,0,-0.12714,Hot Chip,0.0,dance rock,0.999949859,776987,0,0.0,1.0,0.074,0.27555,1.0,0.27555,181.02812,0.154,0.33888672,SOKXZEJ12AC3DF5E1E,1.0,0.914,-6.446,1,0.703,181.028,0.229,0.03569,126.14,4.0,0.0,0,2004,hot chip,0
0.720823972,0.437464554,AR9JNFU1187B9B9868,0.0,0,0.0,Gal Costa,0.0,brazilian pop music,1.0,388945,0,0.0,1.0,0.015,0.35564,0.807,0.35564,193.35791,0.241,-1.0,SOWSLOF12AB017FE36,9.0,0.244,-10.844,0,0.255,189.579,0.087,0.12799,137.941,4.0,0.201,0,1981,gal costa,0
0.603383145,0.422127199,AR1DR0E1187FB48F61,0.0,0,0.0,Kathy Mattea,0.0,bluegrass,0.959671631,243895,0,0.0,1.0,0.944,0.18712,0.944,0.18712,44.64281,0.0,0.323112121,SOTTJUN12A8C132C22,1.0,0.426,-16.504,0,0.544,44.643,0.307,0.18712,146.894,1.0,0.0,0,2008,kathy mattea,0
0.628290857,0.36416381,ARNR58F1187FB52FA9,0.0,0,0.0,BigElf,0.0,stoner rock,0.938235125,8768,0,0.0,0.0,0.773,0.47437,0.773,0.47437,298.13506,0.415,0.642091038,SOQFWIS12A58A7BD61,0.0,0.68,-4.683,1,0.445,283.347,0.214,0.47437,64.006,1.0,0.453,0,2003,bigelf,0
0.686812987,0.684478823,ARJGIOD1187B9AE920,0.0,0,0.0,Kelly Clarkson,0.0,teen pop,1.0,426506,0,0.0,1.0,0.003,1.1835,1.0,0.29862,230.63465,0.259,-1.0,SOYMPFK12A8C141D1A,9.0,0.019,-5.953,1,0.138,218.273,1.0,0.07685,135.914,4.0,0.394,0,2009,kelly clarkson,0
0.526646055,0.352342013,AR05VW21187FB407B4,52.94922,0,-1.14392,Fudge Tunnel,0.0,sludge metal,0.860391895,681552,0,0.0,0.0,0.16,0.77485,0.786,0.77485,124.94322,0.415,0.480238748,SOZTDIN12AB018AAD1,11.0,0.038,-7.31,1,0.332,120.32,0.094,0.51843,120.703,4.0,0.005,0,1991,fudge tunnel,0
0.669726188,0.427914247,ARGMXQW1187FB54C34,-23.56287,0,-46.65466,Eliane Elias,0.0,brazilian jazz,1.0,345598,0,0.0,1.0,0.152,2.10178,0.0,0.85611,326.42567,0.0,0.215080319,SOIEJUL12AB0181C12,5.0,0.485,-24.83,1,0.467,304.303,0.301,0.85611,95.111,3.0,0.492,0,1992,eliane elias,0
0.450361261,0.267757495,ARMSW7X1187FB5B504,34.05349,0,-118.24532,Dave Eggar,0.0,new age,1.0,236463,0,0.0,1.0,0.912,1.00384,0.279,0.41572,225.04444,3.152,0.0,SONNDRB12A8AE46705,1.0,0.848,-23.15,1,0.753,203.122,0.262,0.41572,100.893,4.0,0.544,0,2002,dave eggar,0
0.387831052,0.269496479,AR180PG1187B997BAE,32.77815,0,-96.7954,Donnie Brooks,0.0,oldies,1.0,609931,0,0.0,0.0,0.025,0.25774,1.0,0.25774,174.34077,0.062,-1.0,SOVOYJL12A8C142B2A,0.0,0.127,-10.362,1,0.471,164.177,0.0,0.25774,113.082,4.0,0.717,0,2001,donnie brooks,0
0.664559979,0.397569595,ARNJVSL1187B99AFD4,52.51607,0,13.37698,2raumwohnung,0.0,tech house,0.983719661,105923,0,0.0,1.0,0.287,0.99546,0.796,0.04811,357.85098,0.0,0.265861049,SOUDSJF12A8C13C36D,7.0,0.002,-8.525,1,0.332,342.703,0.957,0.04811,125.995,5.0,1.0,0,2007,2raumwohnung,0
0.749796959,0.551552455,AR9YWMS1187FB43A34,0.0,0,0.0,Dinosaur Jr.,0.0,indie rock,1.0,542748,0,0.0,1.0,0.249,1.07441,0.651,0.27204,271.12444,0.235,-1.0,SONFOLB12AB01841B9,0.0,0.62,-6.051,1,0.627,266.844,0.504,0.07404,152.461,4.0,0.369,0,1991,dinosaur jr.,0
0.796797414,0.453259925,AR1GNFR1187B9AD1FD,0.0,0,0.0,The Exies,0.0,post-grunge,1.0,59460,0,0.0,0.0,0.015,0.5553,0.0,0.5553,201.87383,0.0,0.692329927,SOSBJHW12A6D4FAAB2,10.0,0.474,-4.998,0,0.454,184.395,0.0,0.28571,113.326,4.0,0.824,0,2003,the exies,0
0.452983132,0.328094925,ARZU9NI1187B9AEE08,59.37991,0,13.49942,Babylon Disco,0.0,breakcore,1.0,530926,0,0.0,0.0,0.844,2.85917,0.516,0.27653,208.90077,0.0,0.332070982,SOHZNER12AAFF43D08,0.0,0.557,-10.196,1,0.496,205.566,0.309,0.27653,89.927,4.0,1.0,0,2007,babylon disco,0
0.50087616,0.379228069,AR22KLC1187B98E812,0.0,0,0.0,Kaija Koo,0.0,humppa,0.864721157,131443,0,0.0,1.0,0.631,0.26017,0.0,0.26017,227.36934,0.972,0.542965638,SODTDRC12A81C22C7C,2.0,0.675,-8.521,1,0.438,213.804,0.759,0.26017,121.981,4.0,1.0,0,1995,kaija koo,0
0.429349278,0.277789967,AROVSYC119B3403921,0.0,0,0.0,Gus Viseur,0.0,gypsy jazz,0.984262155,757812,0,0.0,0.0,0.018,1.10789,0.902,0.45252,180.00934,0.845,0.212045406,SOJUZCX12AB0181D3E,2.0,0.327,-13.512,0,0.381,175.421,0.151,0.12318,90.177,4.0,0.817,0,2000,gus viseur,0
0.508971308,0.342096651,ARWDP431187FB56492,0.0,0,0.0,Spinal Tap,0.0,parody,1.0,2210,0,0.0,1.0,0.387,0.62592,0.734,0.16588,235.41506,0.456,0.334706549,SOHOXXV12A6701BEBF,4.0,0.509,-5.492,1,0.307,230.075,0.0,0.16588,129.318,4.0,0.0,0,1992,spinal tap,0
0.700446614,0.528795206,AR0XSOO1187B9B9E88,51.50632,0,-0.12714,Buzzcocks,0.0,new wave,0.958450854,235138,0,0.0,2.0,0.046,0.70554,0.636,0.70554,219.19302,0.0,0.550647153,SONPVKR12A58A7BA4A,4.0,0.776,-7.736,1,0.577,212.41,0.284,0.53615,176.153,4.0,0.0,0,1980,buzzcocks,0
0.657883116,0.464886257,ARHZCG01187B99E4DE,39.95227,0,-75.16237,Stanley Clarke,0.0,jazz funk,1.0,282100,0,0.0,1.0,0.304,1.25245,0.61,0.528,282.69669,2.438,0.489038209,SOBPHTZ12A8C134095,2.0,0.377,-12.714,1,0.279,261.59,0.332,0.04893,84.064,3.0,0.488,0,1975,stanley clarke,0
0.75504135,0.458592025,ARE0OLY1187B9AD19F,40.79263,0,-73.80817,Jesse Malin and The St. Marks Social,0.0,urban folk,0.849336217,789605,0,0.0,1.0,0.035,1.41236,0.71,0.45243,243.722,0.165,0.47212112,SOAGCNO12AB0187A1A,9.0,0.585,-4.852,1,0.537,239.56,0.76,0.21105,126.105,4.0,0.689,0,2007,jesse malin and the st. marks social,0
0.840432422,0.608849019,ARW1MUW1187FB4D5A1,0.0,0,0.0,3 Doors Down,0.0,post-grunge,0.919399761,130,0,0.0,1.0,0.038,1.15182,0.0,0.44697,230.42567,0.212,0.704963317,SOYSRRY12A6310E1C1,4.0,0.189,-5.981,0,0.366,224.177,0.169,0.0954,86.82,4.0,0.854,0,2003,3 doors down,0
0.507110849,0.385567523,ARWQ2DR1187B98FF28,32.46292,0,-84.98763,Ma Rainey,0.0,classic female blues,1.0,391911,0,0.0,0.0,0.916,0.42516,0.916,0.42516,188.94322,0.346,-1.0,SOFPGXP12A58A78AAB,4.0,0.285,-17.714,1,0.372,188.943,0.577,0.42516,99.076,1.0,0.0,0,1927,ma rainey,0
0.639165318,0.443395585,ARY02GH1187B99B223,0.0,0,0.0,Zombie Girl,0.0,electro,1.0,531888,0,0.0,1.0,0.085,0.56309,0.696,0.19968,260.54485,0.073,-1.0,SOEIIYR12AB01825B8,1.0,0.0,-5.202,1,0.157,252.204,0.0,0.01797,129.984,4.0,0.0,0,2006,zombie girl,0
0.645192339,0.47122433,AR3THYK1187B999F1F,0.0,0,0.0,JoAPSo Gilberto,0.0,brazilian jazz,0.997881314,55934,0,0.0,2.0,0.055,0.56472,0.799,0.08865,197.19791,0.276,0.631600818,SODPNJR12A6D4FA52D,4.0,0.665,-29.75,1,0.582,187.582,0.472,0.08865,127.782,4.0,0.226,0,2000,joapso gilberto,0
0.81592342,0.555138322,ARUZRFN1187B98AC05,0.0,0,0.0,Bone Thugs-N-Harmony,0.0,gangster rap,0.946255702,310248,0,0.0,0.0,0.76,0.27452,0.76,0.27452,255.73832,0.156,0.474054831,SOBOAQC12A8C13E3E9,9.0,0.556,-5.724,1,0.455,252.012,0.575,0.27452,101.167,1.0,1.0,0,2000,bone thugs-n-harmony,0
0.561589946,0.420570307,AR2PT4M1187FB55B1A,0.0,0,0.0,Los Chichos,0.0,flamenco,1.0,221677,0,0.0,0.0,0.018,0.9135,0.49,0.50168,191.68608,0.0,-1.0,SOGDQZK12A8C13F37C,0.0,0.501,-10.764,1,0.71,184.128,0.559,0.29376,150.955,4.0,0.6,0,1984,los chichos,0
0.532850502,0.302930471,ARO0EUG1187B9AC250,0.0,0,0.0,Portable,0.0,post-grunge,1.0,478222,0,0.0,1.0,0.144,0.36982,0.79,0.36982,362.60526,0.103,0.0,SOZSPTD12A8C143BFD,10.0,0.505,-18.152,0,0.429,335.105,0.202,0.11164,116.005,4.0,1.0,0,2003,portable,0
0.593262655,0.372069058,AR0DSOO1187B9B855E,0.0,0,0.0,Wailing Souls,0.0,roots reggae,0.975065931,237547,0,0.0,0.0,0.071,1.23937,0.587,0.89067,204.85179,0.629,-1.0,SOCZQSZ12A8AE4604D,7.0,0.588,-9.99,1,0.496,193.62,0.407,0.717,146.445,4.0,0.433,0,1981,wailing souls,0
0.899934952,0.68365806,ARH6W4X1187B99274F,0.0,0,0.0,Radiohead,0.0,british pop,0.99997276,405065,0,0.0,5.0,0.157,1.16041,0.877,0.3961,267.20608,0.357,0.775023551,SOSYMSX12A6310DFE2,0.0,0.847,-9.148,1,0.609,256.354,0.361,0.20478,150.848,3.0,0.401,0,1997,radiohead,0
0.612543004,0.459660463,ARXP7MQ1187FB3AC5F,0.0,0,0.0,Dave Hollister,0.0,motown,0.993534994,25426,0,0.0,0.0,0.962,0.85935,0.0,0.34718,305.34485,0.0,0.728852131,SOCSEYN12A6D4F8178,6.0,0.443,-7.232,1,0.609,291.358,0.624,0.09235,118.052,4.0,1.0,0,2006,dave hollister,0
0.822316236,0.508813195,ARTE9CG1187B99B1AF,0.0,0,0.0,DMX,0.0,hip hop,1.0,8567,0,0.0,1.0,0.794,0.83806,0.771,0.22965,222.09261,0.0,0.678235925,SOVQWEN12A8C141BD9,10.0,0.39,-7.974,1,0.458,216.195,0.469,0.22965,106.769,4.0,0.564,0,1998,dmx,0
0.679519208,0.491828704,ARBM57Q1187B9AF97C,34.05349,0,-118.24532,James Horner,0.0,rock,1.0,284595,0,0.0,2.0,0.078,3.81231,0.0,1.51419,269.7922,2.519,-1.0,SOMFSJZ12A8C13358D,2.0,0.689,-36.835,0,0.797,247.13,0.065,1.51419,76.499,5.0,0.333,0,1998,james horner,0
0.593226735,0.363563852,ARWG0541187FB364EC,0.0,0,0.0,Las Ketchup,0.0,rumba,1.0,40395,0,0.0,1.0,0.882,0.20697,0.882,0.20697,171.80689,0.168,0.239936824,SOVNZNG12A6D4F763D,0.0,0.764,-4.134,1,0.588,167.869,0.675,0.20697,167.954,1.0,0.0,0,2006,las ketchup,0
0.540750151,0.379651219,AR7CCCC1187FB578FF,0.0,0,0.0,Don Gibson,0.0,country rock,0.984649793,229522,0,0.0,1.0,0.209,0.891,0.83,0.12811,152.58077,0.0,-1.0,SOJMDES12A6D4FD717,2.0,0.943,-14.28,1,0.778,143.29,1.0,0.12811,80.738,3.0,0.877,0,1987,don gibson,0
0.694021648,0.479407676,ARODBRG1187FB3FD99,0.0,0,0.0,Nick Cave & The Bad Seeds,0.0,rock,1.0,275954,0,0.0,2.0,0.877,0.4659,0.877,0.4659,283.74159,0.183,0.591758451,SOWJNKL12A81C21F17,0.0,0.88,-11.766,1,0.81,275.418,0.486,0.2062,116.621,1.0,0.0,0,2003,nick cave & the bad seeds,0
0.825962346,0.506804744,ARG9E8O1187B99AB4F,42.31256,0,-71.08868,Bury Your Dead,0.0,hardcore punk,1.0,469705,0,0.0,0.0,0.17,0.89581,0.455,0.37558,290.63791,0.131,0.533370878,SOZUOAK12AB018AA82,4.0,0.005,-6.664,1,0.151,283.51,0.373,0.20416,123.635,4.0,0.892,0,2009,bury your dead,0
0.528865832,0.398994116,AR27XEH1187FB4EC83,50.63718,0,3.06281,Les Blaireaux,0.0,chanson,1.0,736813,0,0.0,1.0,0.426,1.58025,0.318,0.7421,297.76934,4.0,-1.0,SOZSKUB12AC4686766,0.0,0.276,-9.911,1,0.488,297.769,0.18,0.53256,140.173,4.0,0.441,0,2007,les blaireaux,0
0.615504103,0.439836359,AR02YGA1187B9B8AC4,-34.60852,0,-58.37354,Bersuit Vergarabat,0.0,cumbia,0.931274541,347917,0,0.0,0.0,0.033,0.77542,1.0,0.33301,307.35628,0.288,0.514753324,SONTEWC12AB0186E51,6.0,0.376,-7.769,0,0.49,295.753,1.0,0.11071,135.982,4.0,0.865,0,2005,bersuit vergarabat,0
0.845373304,0.534429714,ARRXG5Y1187B9AA016,0.0,0,0.0,G-Unit,0.0,rap,1.0,2058,0,0.0,1.0,0.188,0.96571,0.973,0.2803,242.52036,0.241,0.761878078,SOSIVYG12A6D4F93A9,11.0,0.639,-1.622,1,0.446,235.166,1.0,0.2803,88.043,4.0,1.0,0,2003,g-unit,0
0.755077151,0.563763752,ARGO67V1187B9968D2,0.0,0,0.0,Saosin,0.0,alternative metal,0.999605488,16743,0,0.0,1.0,0.002,1.76621,0.377,1.06093,212.29669,3.413,0.747754816,SOCTJIL12A67ADAF3F,6.0,0.546,-3.753,0,0.551,200.789,0.182,1.06093,85.029,4.0,0.367,0,2005,saosin,0
0.453531639,0.274360733,ARMEUT11187B9BA155,0.0,0,0.0,Steve Riley & The Mamou Playboys,0.0,folk rock,0.999613279,396810,0,0.0,1.0,0.883,0.28889,0.883,0.28889,182.22975,0.374,-1.0,SOQBETA12CF5702399,0.0,0.85,-3.959,1,0.689,172.263,0.819,0.14957,225.669,1.0,0.0,0,1995,steve riley & the mamou playboys,0
0.674464705,0.485781602,AR5DXUU1187B9B0E42,48.20254,0,16.3688,Falco,0.0,dance pop,0.998968746,22780,0,0.0,4.0,0.004,1.53912,0.0,0.92281,252.96934,0.415,-1.0,SOHNBNW12A6D4F7323,11.0,0.457,-8.726,0,0.311,230.609,0.196,0.4513,94.777,4.0,0.751,0,1992,falco,0
0.651957877,0.436220548,ARDDTL91187B9974A7,0.0,0,0.0,Warren Barfield,0.0,ccm,1.0,578327,0,0.0,0.0,0.036,1.22568,1.0,0.20948,207.51628,0.154,0.0,SOYVONC12AB0187167,11.0,0.574,-6.748,1,0.525,197.416,0.963,0.20948,117.985,4.0,0.746,0,2006,warren barfield,0
0.804838889,0.457841156,AR0CANF1187B9AF35F,34.05349,0,-118.24532,Dilated Peoples,0.0,turnablism,0.952586371,10168,0,0.0,1.0,0.687,0.917,0.0,0.19435,149.91628,0.0,0.558997327,SOUYTJK12A6701CD3D,11.0,0.452,-8.225,1,0.443,147.603,0.143,0.19435,165.546,3.0,0.6,0,2004,dilated peoples,0
0.713782886,0.529166983,ARUYVDC12086C11D5C,0.0,0,0.0,Fever Ray,0.0,electronic,1.0,645658,0,0.0,1.0,0.933,5.51594,0.611,0.32465,280.24118,0.0,0.554384121,SOJDJRK12AB018565D,0.0,0.0,-9.074,1,0.119,256.592,0.432,0.18217,64.811,4.0,0.24,0,2009,fever ray,0
0.407372281,0.482486802,AR1VWD91187FB4CE99,54.97791,0,-1.61237,The Animals_ Sonny Boy Williamson,0.0,blues-rock,0.999957671,759910,0,0.0,2.0,0.389,0.16941,0.476,0.16941,463.49016,0.0,0.288481643,SOOCWAO12AB01852C1,10.0,0.124,-9.492,1,0.48,457.236,0.037,0.16941,81.111,3.0,1.0,0,1973,the animals_ sonny boy williamson,0
0.522423829,0.41759188,ARJJRZ41187FB4C856,0.0,0,0.0,Floor,0.0,stoner metal,0.970975278,769742,0,0.0,0.0,0.449,2.11301,0.643,1.70511,144.92689,2.873,0.266955186,SONROBV12AB0188BC7,4.0,0.597,-9.105,1,0.363,141.52,0.287,1.70511,144.803,4.0,0.0,0,2009,floor,0
0.437193777,0.316155987,AROBQ0B1187FB404F6,30.42084,0,-87.21724,Walter Jackson,0.0,northern soul,1.0,286522,0,0.0,0.0,0.077,0.83132,1.0,0.04315,156.682,0.369,0.353261354,SOOOBCE12A8C134019,5.0,0.714,-12.839,1,0.7,151.679,0.954,0.04315,78.453,3.0,0.858,0,2006,walter jackson,0
0.620501925,0.301847095,AR8U8G41187B9A833B,0.0,0,0.0,Tim Exile,0.0,breakcore,1.0,246546,0,0.0,1.0,0.15,0.96753,0.517,0.26461,80.3522,0.0,0.428702263,SOIGIUZ12A8C1337B1,0.0,0.644,-4.379,1,0.609,80.352,0.358,0.08866,141.836,4.0,0.697,0,2006,tim exile,0
0.754180833,0.476254162,ARYNSN31187FB4C573,39.96196,0,-83.00298,Bizzy Bone Presents,0.0,gangster rap,1.0,346713,0,0.0,0.0,0.282,0.08155,0.945,0.08155,50.9122,0.223,0.340922756,SOROLCY12AB0182652,4.0,0.222,-7.837,0,0.275,46.527,0.0,0.08155,81.901,4.0,0.0,0,2004,bizzy bone presents,0
0.668020249,0.516963731,ARYF20K1187B9B76BD,0.0,0,0.0,George Lopez,0.0,california,1.0,591025,0,0.0,0.0,0.786,0.07471,0.786,0.07471,270.68036,0.0,-1.0,SOSJVGP12AB0185B95,9.0,0.022,-16.724,0,0.073,268.347,0.655,0.07471,101.455,1.0,0.0,0,2006,george lopez,0
0.553194234,0.359807225,ARPVFV91187B98BB94,0.0,0,0.0,Cinder,0.0,post-grunge,1.0,46067,0,0.0,0.0,0.351,0.24211,0.0,0.24211,218.61832,1.147,0.212045406,SOESNFW12A6D4F995F,6.0,0.518,-5.025,1,0.716,211.94,0.455,0.05043,157.909,4.0,0.686,0,2006,cinder,0
0.486679143,0.362501434,ARVUAJC1187B9908A5,0.0,0,0.0,Speedball,0.0,speedcore,0.96426263,675629,0,0.0,1.0,1.0,0.38201,1.0,0.38201,212.21832,0.285,0.255103036,SOMJNMD12AB0187F93,5.0,0.285,-9.191,0,0.256,203.685,0.702,0.38201,159.702,1.0,0.0,0,1998,speedball,0
0.817256293,0.735208878,ARH861H1187B9B799E,0.0,0,0.0,Johnny Cash,0.0,honky tonk,1.0,785786,0,0.0,5.0,0.013,0.84702,0.684,0.326,112.95302,0.0,0.326478238,SOHHGUG12A6D4F4E77,4.0,0.086,-7.087,1,0.302,105.03,0.412,0.326,118.041,4.0,0.945,0,2006,johnny cash,0
0.493891153,0.355495957,ARM63WJ1187B9951EA,0.0,0,0.0,Autumnblaze,0.0,doom metal,0.906829265,549533,0,0.0,0.0,0.118,0.46351,0.495,0.46351,286.24934,0.0,0.407901717,SOZNBMX12AB0182AD1,9.0,0.509,-9.033,0,0.457,279.319,0.0,0.20659,119.428,4.0,0.695,0,1999,autumnblaze,0
0.732393863,0.496224349,ARBQPXY1187B98D67B,25.89958,0,-97.49553,Kris Kristofferson,0.0,western swing,1.0,668413,0,0.0,1.0,0.264,0.89163,0.671,0.06342,194.37669,0.0,0.360370583,SOIRIWN12AB0183AE7,2.0,0.582,-11.663,1,0.679,186.746,1.0,0.06342,74.809,4.0,0.0,0,1974,kris kristofferson,0
0.761362238,0.467110649,AR56P361187B9AC4DB,54.5958,0,-5.93494,Gary Moore,0.0,blues-rock,1.0,22901,0,0.0,2.0,0.079,3.36582,0.434,2.14735,198.79138,4.917,0.270775999,SORFAAB12A6D4F7EAC,7.0,0.0,-11.105,1,0.125,195.158,0.052,1.99513,100.081,4.0,0.318,0,2005,gary moore,0
0.831240277,0.725746082,AR0S7TA1187FB4D024,0.0,0,0.0,Christina Aguilera,0.0,dance pop,1.0,279403,0,0.0,1.0,0.148,1.12664,0.366,0.73168,347.84608,0.0,0.680334935,SOSJQKV12A8AE46270,4.0,0.3,-6.774,0,0.428,347.846,0.0,0.73168,152.214,3.0,1.0,0,2002,christina aguilera,0
0.580481348,0.412610819,ARYVLXY1187FB373B0,50.82056,0,4.37967,Maurane / Lara Fabian,0.0,chanson,1.0,403572,0,0.0,0.0,0.521,0.90867,0.49,0.31205,198.86975,5.01,0.225768116,SOIUCMV12AB017DEDB,0.0,0.588,-13.637,0,1.0,177.389,0.665,0.31205,107.087,4.0,0.961,0,2003,maurane / lara fabian,0
0.404823303,0.288050285,AR7LIU31187B98EF11,0.0,0,0.0,Rita Chiarelli,0.0,blues,1.0,239126,0,0.0,0.0,0.03,1.4232,0.549,0.76558,237.7922,0.403,0.0,SODGUVC12A8C142EBA,5.0,0.39,-9.517,1,0.392,229.222,0.475,0.44924,90.282,3.0,0.685,0,2004,rita chiarelli,0
0.773271848,0.429689629,AREY3RN1187B993C5F,29.95369,0,-90.07771,Goatwhore,0.0,black metal,1.0,560084,0,0.0,0.0,0.367,2.65434,0.583,0.32608,225.64526,0.0,0.514753324,SOHEYVW12A8C131DAF,10.0,0.224,-4.442,0,0.501,219.173,0.696,0.32608,110.994,4.0,0.0,0,2006,goatwhore,0
0.490688788,0.326430853,ARQGNEN1187FB4494C,0.0,0,0.0,Gabinete Caligari,0.0,pop rock,0.990736498,135559,0,0.0,0.0,0.102,2.69704,0.429,2.06063,304.32608,4.737,0.266955186,SOFOOEV12A8AE44CA3,7.0,0.231,-12.436,1,0.371,296.832,0.056,2.06063,109.051,4.0,0.489,0,1989,gabinete caligari,0
0.594047504,0.47136205,AR69GPS1187B99E556,44.00118,0,-71.6342,SUMO,0.0,gabba,0.887581005,512216,0,0.0,0.0,0.003,0.76903,1.0,0.14405,215.11791,0.119,-1.0,SOBHIVO12AB0182476,11.0,0.736,-5.945,1,0.572,211.569,1.0,0.14405,101.742,4.0,0.0,0,1989,sumo,0
0.611788254,0.336726841,AR202MX1187B9B0383,0.0,0,0.0,Tanto Metro & Devonte,0.0,dancehall,0.983663921,704088,0,0.0,1.0,0.164,0.09449,1.0,0.09449,207.33342,0.189,0.334706549,SOYALFX12A8C143637,1.0,0.657,-8.41,1,0.399,201.781,0.734,0.09449,195.976,5.0,1.0,0,2003,tanto metro & devonte,0
0.553637086,0.360200448,AR2CM6U1187B999EB7,52.51607,0,13.37698,Basic Channel,0.0,techno,1.0,219550,0,0.0,0.0,0.013,0.36898,1.0,0.36898,793.62567,0.125,0.509157228,SOCMHBT12A8C13D634,11.0,0.005,-12.593,1,0.095,773.648,1.0,0.13448,127.923,4.0,0.0,0,1994,basic channel,0
0.606118646,0.409196036,ARM5JLS1187FB3615B,34.27611,0,-88.35068,Tammy Wynette,0.0,honky tonk,0.997446315,598098,0,0.0,1.0,0.043,0.93894,0.614,0.36432,159.60771,0.224,-1.0,SOLHVZC12A8C14307F,9.0,0.781,-13.592,1,0.748,152.816,0.477,0.07348,105.202,4.0,0.0,0,1968,tammy wynette,0
0.60981436,0.409762631,AR1WU211187FB57E2B,39.09551,0,-120.95071,Terry Riley,0.0,free improvisation,0.849696539,409139,0,0.0,0.0,0.215,9.17234,0.0,9.17234,142.41914,8.806,-1.0,SOHBOWM12AB018446A,2.0,0.036,-37.065,1,0.211,132.418,0.013,8.93528,128.135,4.0,0.65,0,2002,terry riley,0
0.847754656,0.494206855,ARJBWQI1187B9B17D1,0.0,0,0.0,Trivium,0.0,alternative metal,1.0,317615,0,0.0,1.0,0.028,0.71939,1.0,0.1254,321.17506,0.125,0.474054831,SOIWZZD12A8C14505C,4.0,0.597,-3.973,0,0.497,313.295,0.484,0.1254,100.604,4.0,0.448,0,2008,trivium,0
0.784143965,0.553168864,ARZJ4MI1187B9AF5AF,0.0,0,0.0,Reel Big Fish,0.0,ska punk,0.949724555,112284,0,0.0,1.0,0.069,0.94872,0.875,0.18307,153.67791,0.113,-1.0,SODWSGW12A58A7D4B8,2.0,0.46,-4.188,1,0.502,150.285,0.476,0.18307,159.723,4.0,0.453,0,2007,reel big fish,0
0.641197515,0.448653471,AR4TLW81187B99683D,0.0,0,0.0,Martin Sexton,0.0,blue-eyed soul,0.934193031,519688,0,0.0,1.0,0.071,0.83539,0.23,0.83539,352.88771,0.0,0.304169503,SOKQYBC12AB0183C87,2.0,0.5,-8.733,1,0.542,341.827,0.167,0.52877,133.391,4.0,0.806,0,2001,martin sexton,0
0.564710159,0.415937641,ARYZV2X1187B997BE7,0.0,0,0.0,Chris Standring,0.0,smooth jazz,1.0,531919,0,0.0,1.0,0.005,0.20012,1.0,0.20012,257.59302,0.194,0.494489518,SOPOTLV12AB017C1F7,9.0,0.694,-9.449,0,0.797,246.886,0.746,0.20012,97.959,4.0,0.0,0,2006,chris standring,0
0.439789947,0.270025245,ARIULTJ1187B9A2017,0.0,0,0.0,Neviss,0.0,british pop,0.934575231,272685,0,0.0,0.0,0.111,0.92602,0.166,0.92602,53.39383,2.723,-1.0,SOGVRQG12A58A7E69B,1.0,0.133,-31.412,1,0.541,47.119,0.175,0.73588,160.409,7.0,0.664,0,2003,neviss,0
0.833967972,0.576903816,ARE8GLF1187FB52532,0.0,0,0.0,Red Hot Chili Peppers,0.0,rap rock,0.936098431,30956,0,0.0,3.0,0.27,1.12596,0.914,0.33725,198.05995,0.0,-1.0,SOPNFTX12A67020455,4.0,0.455,-1.479,0,0.372,198.06,0.425,0.33725,76.986,3.0,0.92,0,1999,red hot chili peppers,0
0.574300068,0.375593583,ARTDUXM1187B9899ED,32.33112,0,-90.60536,Charley Patton,0.0,delta blues,0.996954279,688952,0,0.0,1.0,0.448,0.44434,0.448,0.44434,196.62322,0.171,-1.0,SOFLCWE12AC468C2B2,10.0,0.346,-15.164,1,0.343,190.572,0.158,0.17939,107.877,1.0,0.0,0,1930,charley patton,0
0.578704331,0.369883828,ARTJPHB1187B9968E5,0.0,0,0.0,The Race,0.0,dream pop,0.873931089,13904,0,0.0,0.0,0.277,0.60167,0.705,0.09745,225.17506,0.0,-1.0,SOEJFMF12A670209F0,11.0,0.39,-5.298,0,0.516,214.192,0.821,0.09745,118.043,4.0,0.78,0,2006,the race,0
0.650726924,0.423825663,ARM0RY81187B9AF248,34.05349,0,-118.24532,Jerry Goldsmith,0.0,soundtrack,1.0,189516,0,0.0,1.0,0.098,4.06692,0.766,1.06785,281.28608,0.47,-1.0,SOBRVRZ12A8C132DE5,1.0,0.146,-18.719,1,0.6,268.469,0.13,0.67862,77.306,5.0,0.263,0,1985,jerry goldsmith,0
0.433507626,0.289902932,ARS1DCR1187B9A4A56,0.0,0,0.0,Winston Reedy,0.0,lovers rock,0.960115004,244426,0,0.0,0.0,0.201,0.6362,0.299,0.23348,235.78077,0.0,-1.0,SOFLDUO12A8C137BC0,6.0,0.109,-8.754,0,0.268,224.165,0.882,0.03756,153.738,4.0,0.287,0,1997,winston reedy,0
0.590692918,0.452817838,AR5U94U1187FB5CDCF,0.0,0,0.0,John Hammond,0.0,blues,1.0,151707,0,0.0,1.0,0.453,0.51711,0.086,0.51711,247.32689,0.131,0.253834736,SOUUCMM12A8C1362C3,6.0,0.183,-8.405,0,0.231,237.261,0.476,0.18955,90.666,4.0,0.0,0,2005,john hammond,0
0.581462731,0.381345282,AR609UN1187FB53FA1,0.0,0,0.0,Pride Tiger,0.0,hard rock,1.0,106108,0,0.0,0.0,0.082,2.89316,0.833,0.52931,229.22404,0.159,-1.0,SONRARH12A8C139DCC,8.0,0.211,-2.397,0,0.286,224.514,0.751,0.25959,114.061,7.0,0.909,0,2007,pride tiger,0
0.683388517,0.46311834,AR8SRQ31187FB4D477,52.94922,0,-1.14392,Ten Years After,0.0,blues-rock,1.0,554077,0,0.0,0.0,0.611,0.84672,0.611,0.84672,248.78975,0.0,0.215080319,SORYSJU12A8C144CFA,5.0,0.744,-11.814,1,0.59,248.79,0.073,0.6071,128.598,1.0,0.0,0,1989,ten years after,0
0.581884359,0.347006921,ARWSMC91187B9AD369,51.48126,0,-3.18067,Helen Love,0.0,power pop,0.926846872,594792,0,0.0,1.0,0.072,0.53513,0.701,0.15892,145.78893,0.253,0.367273416,SOFUBUF12AC3DF98FF,11.0,0.633,-8.871,1,0.567,139.993,0.444,0.15892,156.074,4.0,0.126,0,1997,helen love,0
0.837450128,0.476760867,ARDEC2A1187B9A460E,0.0,0,0.0,Chimaira,0.0,groove metal,0.999900161,142667,0,0.0,2.0,0.035,0.50824,0.666,0.10922,323.18649,0.0,0.629071836,SOATHUP12A8C131DC3,7.0,0.631,-4.238,1,0.509,323.186,0.551,0.10922,150.11,4.0,0.852,0,2007,chimaira,0
0.510798011,0.352235517,ARKRQSV1187B99FB13,35.14968,0,-90.04892,Deborah Allen,0.0,country rock,0.888208477,610244,0,0.0,0.0,0.331,1.37105,0.812,0.48853,189.57016,0.0,0.265861049,SODMROC12A8C1443E7,6.0,0.755,-11.156,1,0.726,178.927,0.733,0.0537,67.904,4.0,0.655,0,2005,deborah allen,0
0.36061367,0.0,ARGXNS21187B999665,27.9758,0,-81.54106,Tina Britt,0.0,chicago blues,0.956622453,32680,0,0.0,0.0,1.0,0.67529,1.0,0.67529,177.94567,0.62,0.0,SOBHGWG12A6D4F50D2,3.0,0.69,-7.162,1,0.559,168.176,1.0,0.67529,118.835,1.0,0.201,0,2006,tina britt,0
0.763010513,0.537675628,ARBOG0H1187B99F775,47.565,0,-122.62569,MxPx,0.0,christian rock,1.0,15564,0,0.0,2.0,1.0,0.35983,1.0,0.35983,129.88036,0.241,-1.0,SOPOFBK12AF729EEBE,7.0,0.589,-3.487,1,0.587,129.88,0.439,0.35983,130.716,1.0,0.0,0,2000,mxpx,0
0.795402549,0.54441459,ARHU9211187B9B7E0E,0.0,0,0.0,Fort Minor (Featuring Mr. Hahn),0.0,rap metal,0.909089207,20797,0,0.0,1.0,0.417,0.83562,0.767,0.16815,236.66893,0.0,-1.0,SOKWIDU12CF5F87DA3,5.0,0.58,-6.475,1,0.548,236.669,0.839,0.16815,90.009,4.0,0.074,0,2005,fort minor (featuring mr. hahn),0
0.546206711,0.354517343,AR0I2BV1187FB3D89F,0.0,0,0.0,Enslavement Of Beauty,0.0,parody,0.930376772,712469,0,0.0,0.0,0.024,1.46342,0.914,0.46259,239.90812,0.13,0.536570161,SOIKOBP12AB01897DA,4.0,1.0,-4.732,0,0.803,234.092,0.779,0.21313,120.052,4.0,1.0,0,2001,enslavement of beauty,0
0.522386247,0.377432972,ARDL6T21187FB36FDD,29.89932,0,-93.92938,C.J. Chenier,0.0,zydeco,1.0,556327,0,0.0,0.0,0.086,0.46022,0.855,0.46022,189.33506,0.386,-1.0,SOGIZJH12AB01822B5,5.0,0.0,-12.469,1,0.199,182.77,0.756,0.23218,89.67,3.0,0.984,0,1992,c.j. chenier,0
0.818319359,0.667294596,ARVN9FZ1187FB393F1,0.0,0,0.0,Snow Patrol,0.0,indie rock,0.999541099,351029,0,0.0,1.0,0.932,0.42099,0.932,0.42099,181.57669,3.721,-1.0,SOQLXXN12AB01800CD,7.0,0.636,-6.473,1,0.614,173.053,0.112,0.42099,117.966,1.0,0.0,0,2003,snow patrol,0
0.604479007,0.390489535,ARNLW7H1187B99EC9D,0.0,0,0.0,Trick Trick / Eminem,0.0,bass music,0.876083939,312458,0,0.0,0.0,0.73,1.7889,0.875,0.47429,285.49179,0.074,0.708607217,SOUHRQN12A58A7C12A,1.0,0.21,-4.853,0,0.227,274.657,0.523,0.14193,91.101,4.0,1.0,0,2005,trick trick / eminem,0
0.86652032,0.766545451,ARXPPEY1187FB51DF4,0.0,0,0.0,Michael Jackson,0.0,motown,0.999971562,316040,0,0.0,4.0,0.024,0.77199,0.878,0.29091,249.99138,0.131,-1.0,SOGRKKB12A8C14595A,11.0,0.383,-2.617,1,0.169,243.879,0.107,0.04614,128.702,4.0,0.495,0,1995,michael jackson,0
0.535702528,0.384986117,ARCID1N1187FB51DA0,0.0,0,0.0,Carlos NuA+-ez,0.0,flamenco,0.807502753,307974,0,0.0,0.0,0.27,0.35644,0.0,0.35644,237.87057,0.0,0.327736683,SOIZEZF12A8C13F7E9,0.0,0.806,-8.691,1,0.636,235.143,0.406,0.07832,113.156,3.0,0.902,0,2002,carlos nua+-ez,0
0.636119207,0.363499577,ARL6UP41187FB5C604,0.0,0,0.0,Facto Delafe y las flores azules,0.0,trip hop,0.898364956,215115,0,0.0,0.0,0.027,0.74655,0.601,0.14878,158.45832,3.849,0.212045406,SOKXTEN12A8C13B438,2.0,0.0,-9.65,1,0.0,154.43,0.082,0.14878,95.036,4.0,0.478,0,2005,facto delafe y las flores azules,0
0.514414554,0.413757657,AR3KXHI1187FB3A8BF,0.0,0,0.0,Dora The Explorer,0.0,goregrind,0.988936223,482113,0,0.0,0.0,0.033,0.19895,0.902,0.19895,68.98893,0.0,0.334706549,SOGKVQY12AAF3B28D7,1.0,0.0,-6.917,1,0.0,62.787,0.345,0.19895,123.965,4.0,0.492,0,2008,dora the explorer,0
0.67577137,0.435468899,AR93D4D1187FB3ACAD,35.472,0,-97.52033,J.J. Cale,0.0,blues-rock,1.0,94209,0,0.0,1.0,1.0,0.19756,1.0,0.19756,263.94077,0.13,0.557313136,SOICEAK12A6D4F4819,0.0,0.951,-14.293,1,0.683,260.882,1.0,0.19756,111.492,1.0,0.0,0,1997,j.j. cale,0
0.632856419,0.428980521,ARQ0BZY1187B99F093,0.0,0,0.0,Everyday Sunday,0.0,post-grunge,0.946119922,579648,0,0.0,0.0,0.226,1.09959,0.888,0.52059,269.73995,0.183,0.323112121,SOHKEPR12AB018C9C9,7.0,0.424,-7.462,1,0.542,250.358,0.963,0.23039,103.009,4.0,0.306,0,2002,everyday sunday,0
0.324677431,0.304184256,ARIJ7MR1187B9B484E,0.0,0,0.0,Peggy Zina,0.0,modern laika,1.0,440942,0,0.0,1.0,0.019,0.97877,1.0,0.35103,200.38485,0.316,-1.0,SOPJBSM12AB0182B14,3.0,0.0,-6.654,1,0.136,194.026,0.942,0.04106,96.024,4.0,0.526,0,2009,peggy zina,0
0.649157388,0.469177429,ARWHM281187FB3D381,37.80506,0,-122.27302,Souls Of Mischief,0.0,jazz rap,0.916990785,808024,0,0.0,0.0,0.296,3.50239,0.0,0.18528,220.96934,0.113,0.60211999,SONCPQC12A58A7D3A7,4.0,0.374,-5.911,0,0.339,210.338,0.717,0.18528,96.287,4.0,1.0,0,2002,souls of mischief,0
0.726298027,0.555414576,AR7Y6JX1187FB4D9B3,0.0,0,0.0,Bad Brains,0.0,hardcore punk,0.920537438,445975,0,0.0,1.0,0.681,6.5945,0.452,0.29901,85.26322,0.0,0.589637891,SOTUGCE12AB0181409,9.0,0.014,-9.614,0,0.212,85.263,0.636,0.06329,86.536,4.0,0.445,0,1983,bad brains,0
0.724864482,0.524449471,ARX2DLI1187FB4DD03,0.0,0,0.0,The Presets,0.0,dance rock,0.999880965,271517,0,0.0,1.0,0.16,1.48499,0.687,0.4894,271.85587,0.078,0.663124801,SOAECHX12A6D4FC3D9,4.0,0.243,-4.002,1,0.179,267.685,0.585,0.24019,120.119,4.0,1.0,0,2008,the presets,0
0.816842854,0.567889146,AR7C6G11187B9B4C1E,0.0,0,0.0,Jennifer Lopez,0.0,dance pop,1.0,291991,0,0.0,1.0,0.353,1.49017,0.809,0.7514,275.69587,1.46,-1.0,SOTQGQR12CF5CFD61E,6.0,0.75,-6.518,1,0.508,269.328,0.706,0.39098,80.979,4.0,0.388,0,1999,jennifer lopez,0
0.640695921,0.449602656,ARKQ9JM1187FB57521,0.0,0,0.0,A.Z.,0.0,gangster rap,1.0,154567,0,0.0,0.0,0.077,0.63709,0.499,0.30026,125.41342,0.0,-1.0,SOYHTLZ12A8C1399F7,4.0,0.0,-8.005,0,0.175,120.546,0.402,0.13393,180.296,4.0,0.888,0,1998,a.z.,0
0.558090352,0.349841327,ARADF5Q1187B98DAE7,0.0,0,0.0,Francisco CA(c)spedes,0.0,los angeles,1.0,133467,0,0.0,0.0,0.083,0.58207,0.745,0.58207,204.53832,0.572,0.537503904,SOFKTVC12A81C20A23,10.0,0.692,-9.84,1,0.412,193.533,0.215,0.58207,110.666,4.0,0.88,0,1998,francisco ca(c)spedes,0
0.779774411,0.605507136,AR10USD1187B99F3F1,0.0,0,0.0,Silverstein,0.0,post-hardcore,0.999818045,128135,0,0.0,0.0,0.145,1.07091,0.827,0.15596,181.81179,0.135,-1.0,SOUKEVR12CF4FFF27D,9.0,0.315,-5.993,1,0.334,173.053,0.107,0.15596,200.375,5.0,0.279,0,2006,silverstein,0
0.79633706,0.582921577,ARSW5F51187FB4CFC9,0.0,0,0.0,Alice In Chains,0.0,grunge,0.99997762,385038,0,0.0,2.0,0.833,0.17795,0.833,0.17795,267.36281,0.119,0.708746211,SOOLVIB12A8C1408E2,1.0,0.134,-6.478,1,0.633,260.278,1.0,0.17795,92.012,1.0,0.094,0,1992,alice in chains,0
0.830592507,0.639798164,AR6J3X81187FB59A7B,40.65507,0,-73.94888,Matisyahu,0.0,reggae,0.999945655,304844,0,0.0,0.0,0.034,0.88997,0.652,0.2238,417.67138,0.0,0.653306678,SOWXKLQ12A8C13C221,5.0,0.386,-7.865,1,0.289,417.671,0.402,0.0527,181.549,4.0,0.874,0,2004,matisyahu,0
0.566532654,0.272364626,ARJXULI11F4C83C865,0.0,0,0.0,BA(c)la Fleck,0.0,bluegrass,1.0,409433,0,0.0,0.0,1.0,0.37249,1.0,0.37249,158.98077,0.322,0.57540658,SOUKQWD12AB017F89D,2.0,0.761,-9.89,1,0.735,148.915,0.918,0.15133,140.659,1.0,0.0,0,1982,ba(c)la fleck,0
0.657406765,0.422472423,ARTB5PP1187FB523B7,41.88415,0,-87.63241,Donny Hathaway,0.0,jazz funk,0.923552601,65629,0,0.0,1.0,0.074,11.29379,0.556,0.85041,322.87302,0.204,-1.0,SOZNDLW12A6D4FB4C5,5.0,0.297,-16.336,0,0.367,308.86,0.558,0.27561,72.937,5.0,0.697,0,1990,donny hathaway,0
0.480872925,0.381106492,ARQFPCY1187FB552CE,34.05349,0,-118.24532,Sapo,0.0,latin jazz,0.980246015,137244,0,0.0,0.0,1.0,0.20295,1.0,0.20295,219.74159,0.224,0.0,SOYUMRC12A8AE452DE,4.0,0.014,-5.155,0,0.152,216.921,0.325,0.20295,141.45,1.0,0.0,0,2003,sapo,0
0.688146052,0.518371606,ARWZSFC1187FB567BF,40.65507,0,-73.94888,Eddie Money,0.0,pop rock,1.0,315004,0,0.0,0.0,0.041,0.12777,0.71,0.12777,189.30893,0.062,0.426223508,SODWZGN12A8C142A38,2.0,0.221,-7.54,1,0.516,180.024,0.512,0.12777,86.902,5.0,0.772,0,1977,eddie money,0
0.640574149,0.454714841,ARWD82K1187B98CFF2,0.0,0,0.0,Cracker,0.0,roots rock,0.966374319,668323,0,0.0,1.0,0.033,0.64444,1.0,0.19378,263.8624,0.148,-1.0,SOYHZWP12A58A7C176,4.0,0.675,-5.498,1,0.588,257.248,0.83,0.19378,136.459,4.0,0.068,0,1995,cracker,0
0.77149215,0.517342286,AR7N7MI1187FB46935,7.37884,0,3.89527,Sade,0.0,quiet storm,0.999829257,278822,0,0.0,1.0,0.027,0.68791,1.0,0.68791,298.89261,0.647,-1.0,SOUAFSX12AB017B642,0.0,0.618,-6.375,1,0.713,287.277,1.0,0.68791,119.903,4.0,0.682,0,1983,sade,0
0.59454079,0.348615302,ARH6VQG1187B9BA0FA,0.0,0,0.0,Photo Atlas,0.0,dance-punk,0.842085612,179587,0,0.0,0.0,0.074,0.74879,0.451,0.3872,189.75302,0.0,0.666532379,SOIDERN12A58A795CC,9.0,0.548,-5.991,1,0.411,181.481,0.271,0.3872,168.248,4.0,0.905,0,2007,photo atlas,0
0.840432467,0.64298222,ARW1MUW1187FB4D5A1,0.0,0,0.0,3 Doors Down,0.0,post-grunge,0.919399761,216616,0,0.0,1.0,0.534,0.60595,0.014,0.1299,208.97914,0.0,-1.0,SOSMURO12A8C13BBFE,7.0,0.0,-5.371,1,0.246,208.979,0.164,0.1299,128.714,4.0,1.0,0,2002,3 doors down,0
0.599133769,0.392994623,ARZVEF91187B9AC770,40.71455,0,-74.00712,Elliot Goldenthal,0.0,instrumental rock,0.903228815,64139,0,0.0,2.0,0.103,3.14662,0.728,1.49308,617.82159,5.161,0.394394856,SOFXCLQ12A6D4FA0DC,2.0,0.746,-13.179,1,0.707,571.391,0.094,1.49308,148.505,5.0,1.0,0,2003,elliot goldenthal,0
0.84219335,0.550422825,AR1OBRC1187FB59AD4,0.0,0,0.0,Behemoth,0.0,black metal,0.999934256,651412,0,0.0,2.0,0.831,0.07335,0.831,0.07335,178.33751,0.311,0.651392592,SOBXGKH12AB017DDB6,1.0,0.695,-4.059,1,0.557,174.951,0.317,0.07335,85.112,1.0,0.0,0,2004,behemoth,0
0.785120149,0.562881125,ARUF32D1187B9B157E,0.0,0,0.0,Soilwork,0.0,death metal,1.0,416698,0,0.0,2.0,0.439,0.29696,0.439,0.29696,323.21261,0.0,0.0,SOUXAAJ12AB0189695,7.0,0.225,-3.049,1,0.567,318.758,0.345,0.29696,93.235,1.0,0.0,0,2000,soilwork,0
0.772292647,0.542175166,ARTYXQC1187B9ACAB2,0.0,0,0.0,Shaggy,0.0,reggae,1.0,274193,0,0.0,1.0,0.067,0.61472,0.189,0.61472,232.30649,0.084,0.0,SOSTONA12A81C22B18,6.0,0.008,-7.751,1,0.199,223.62,1.0,0.11918,89.998,4.0,0.793,0,1994,shaggy,0
0.749860753,0.51653518,AR3Q48J1187FB55278,0.0,0,0.0,The Rapture,0.0,alternative dance,0.945062641,8470,0,0.0,1.0,0.001,0.90015,0.952,0.40278,218.22649,0.0,0.62646424,SOITFPA12A670201C6,10.0,0.061,-7.693,0,0.466,211.075,0.682,0.03068,120.006,4.0,1.0,0,2003,the rapture,0
0.749796959,0.551552455,AR9YWMS1187FB43A34,0.0,0,0.0,Dinosaur Jr,0.0,indie rock,1.0,734089,0,0.0,1.0,0.022,0.16382,0.613,0.16382,194.40281,0.149,0.589946219,SOWJCAE12AC46887E7,7.0,0.545,-6.942,0,0.592,175.299,0.258,0.16382,145.228,4.0,0.0,0,1994,dinosaur jr,0
0.818319359,0.667294596,ARVN9FZ1187FB393F1,0.0,0,0.0,Snow Patrol,0.0,indie rock,0.999541099,2308,0,0.0,1.0,0.047,0.30835,0.757,0.30835,174.602,0.241,0.702289777,SOGWNKK12A6701D95A,11.0,0.668,-4.022,1,0.514,172.141,0.669,0.09525,142.01,4.0,0.724,0,2004,snow patrol,0
0.557571059,0.306947609,AR1KMPF1187B99AA98,0.0,0,0.0,Lara,0.0,visual kei,0.947747149,396837,0,0.0,0.0,0.069,1.75633,1.0,0.30375,192.46975,0.264,-1.0,SOZFCZN12AB017E894,2.0,0.497,-6.533,1,0.591,187.582,0.806,0.30375,81.986,4.0,0.824,0,2009,lara,0
0.611933956,0.37235087,AR9788H1187B9A05D1,39.95227,0,-75.16237,Outerspace,0.0,hip hop,1.0,164678,0,0.0,0.0,0.159,0.55399,0.913,0.22361,200.9073,0.36,0.440826441,SORCPSR12A8C13E228,10.0,0.476,-4.982,0,0.474,194.171,0.612,0.05883,181.889,4.0,0.577,0,2006,outerspace,0
0.475300883,0.344171478,ARZ2CX31187B991668,0.0,0,0.0,Les Sexareenos,0.0,garage rock,0.990162453,731953,0,0.0,0.0,0.683,1.25005,0.683,1.25005,98.89914,0.0,0.561018716,SOYAJDV12AB01828DA,4.0,0.345,-7.268,1,0.418,98.899,0.239,1.08474,182.57,1.0,0.0,0,2001,les sexareenos,0
0.73379894,0.544257506,ART3O5Z1187B9AB043,32.77815,0,-96.7954,Stevie Ray Vaughan And Double Trouble,0.0,texas blues,0.999791772,391613,0,0.0,1.0,0.733,0.62759,0.733,0.62759,184.2673,0.061,0.693478471,SORUWYJ12AB0181EBF,6.0,0.205,-10.72,1,0.309,180.251,0.529,0.32544,98.623,1.0,0.0,0,1996,stevie ray vaughan and double trouble,0
0.555787461,0.354454709,ARVSDB11187FB4270B,51.55615,0,-0.25969,The Creation,0.0,freakbeat,1.0,416757,0,0.0,0.0,0.86,0.78113,0.86,0.78113,250.27873,0.165,0.433005077,SODHSPZ12AB0185645,9.0,0.886,-10.612,1,0.531,244.071,0.0,0.38809,85.453,1.0,0.134,0,1967,the creation,0
0.495556565,0.29264827,AR573WK1187FB47167,37.77916,0,-122.42005,The Balustrade Ensemble,0.0,trip hop,0.838507612,470993,0,0.0,0.0,0.0,2.33859,0.648,1.32101,285.3873,3.019,-1.0,SOAUAOA12AB018776D,2.0,0.014,-17.057,1,0.319,264.452,0.096,1.32101,116.423,3.0,0.686,0,2007,the balustrade ensemble,0
0.630630038,0.417499645,ARMJAGH1187FB546F3,35.14968,0,-90.04892,The Box Tops,0.0,blue-eyed soul,1.0,300821,0,0.0,1.0,0.034,0.72854,0.801,0.22324,177.3971,0.171,-1.0,SOETFQZ12A8C13C7DA,0.0,0.552,-10.393,1,0.871,171.746,0.623,0.22324,117.381,4.0,0.0,0,1967,the box tops,0
0.706827671,0.416173065,ARB29H41187B98F0EF,41.88415,0,-87.63241,Terry Callier,0.0,soul jazz,0.985011245,22367,0,0.0,1.0,0.805,0.9537,0.0,0.39475,180.50567,3.512,0.360370583,SOVUDJB12A6D4F68C4,7.0,0.695,-8.154,1,0.556,169.546,0.015,0.20873,109.018,3.0,1.0,0,2001,terry callier,0
0.537088297,0.352919184,ARF3L8J1187B9B7866,37.97615,0,23.73641,Astarte,0.0,black metal,1.0,122610,0,0.0,1.0,0.069,0.45309,1.0,0.08168,173.81832,0.241,0.43483809,SOQYHCL12A8C13E707,4.0,0.711,-6.241,0,0.547,166.005,0.494,0.08168,161.782,3.0,0.343,0,2000,astarte,0
0.508440336,0.405143447,ARWRS4D1187FB3FCD4,0.0,0,0.0,Elakelaiset,0.0,parody,0.997904459,173464,0,0.0,2.0,0.75,0.09513,0.75,0.09513,182.83057,0.0,0.444401715,SORUPLP12A8C14177E,2.0,0.892,-11.931,1,0.646,182.831,0.063,0.09513,166.906,1.0,0.0,0,1996,elakelaiset,0
0.526515278,0.40658168,ARVMFE61187B992463,0.0,0,0.0,Darwin Hobbs,0.0,religious music,0.885158754,27497,0,0.0,1.0,0.613,13.3073,0.762,0.49926,352.86159,0.427,0.375984302,SOPAZAM12A6D4F6F05,8.0,0.554,-9.055,1,0.565,343.458,0.639,0.12782,41.21,4.0,0.0,0,2003,darwin hobbs,0
0.620392056,0.390660523,ARLDW2Y1187B9B544F,39.75911,0,-84.19444,Tommy James & The Shondells,0.0,brill building pop,0.939209027,407416,0,0.0,0.0,0.175,1.0087,0.526,0.25677,324.70159,0.119,0.697241445,SOFPQSC12A58A7B165,11.0,1.0,-11.359,1,0.702,315.31,0.0,0.06878,167.841,4.0,0.0,0,1969,tommy james & the shondells,0
0.695416519,0.412110495,ARGEKDX1187FB3A5BF,40.65507,0,-73.94888,Marcus Miller,0.0,jazz funk,1.0,645030,0,0.0,0.0,0.142,0.56238,0.9,0.56238,52.00934,0.388,0.609043943,SOKNAQC12A58A7EE5C,9.0,0.682,-13.227,1,0.48,52.009,1.0,0.40789,78.382,3.0,0.522,0,2005,marcus miller,0
0.619530991,0.354369616,ARVUQIC1187B9A7C66,0.0,0,0.0,Hevia,0.0,folk rock,0.994823354,150268,0,0.0,0.0,0.638,2.07921,0.767,2.07921,261.32853,3.344,0.424090811,SORZPFY12A8C137448,0.0,0.649,-5.764,1,0.572,256.11,0.158,1.85149,125.02,4.0,0.962,0,2003,hevia,0
0.626803106,0.405234691,ARJ9DSA1187B990E00,0.0,0,0.0,John And The Bluesbreakers Mayall,0.0,blues-rock,0.97665497,521576,0,0.0,2.0,0.119,0.71109,0.89,0.07394,304.8224,0.212,0.531722098,SOFEAJC12A58A7F3AA,7.0,0.141,-6.356,1,0.401,288.868,0.305,0.07394,94.304,3.0,1.0,0,1967,john and the bluesbreakers mayall,0
0.49030398,0.334415271,ARRPCKN1187FB5BA2F,33.20271,0,-94.68121,Z.Z. Hill,0.0,soul blues,0.981403529,566959,0,0.0,0.0,0.147,2.86027,0.827,2.86027,333.322,3.111,0.233762706,SOBAMRQ12A8C141DF3,10.0,0.385,-8.301,1,0.627,329.427,0.177,2.86027,73.545,3.0,0.342,0,1971,z.z. hill,0
0.609294155,0.373060493,AROGAPH1187B98CF9C,0.0,0,0.0,Benabar,0.0,chanson,1.0,280472,0,0.0,2.0,0.109,0.62654,0.0,0.62654,238.44526,4.905,0.464923994,SOADDVU12A8AE47512,4.0,0.455,-11.258,0,0.441,226.186,0.0,0.17012,88.018,5.0,0.412,0,2003,benabar,0
0.558245309,0.439488099,ARAPI451187B9B6E6F,35.472,0,-97.52033,John Michael Talbot,0.0,ccm,1.0,64550,0,0.0,0.0,0.037,1.50941,0.988,0.85985,113.78893,0.0,-1.0,SOIUODF12A6D4F9C3E,5.0,0.12,-21.506,1,0.519,108.507,0.31,0.5649,96.709,3.0,0.417,0,1989,john michael talbot,0
0.947327507,0.631289508,AR03BDP1187FB5B324,34.05349,0,-118.24532,Britney Spears,0.0,dance pop,1.0,535192,0,0.0,6.0,0.282,1.14876,0.155,0.06657,223.52934,0.0,0.650405808,SOQIDEF12A8C139B23,10.0,0.529,-5.304,0,0.498,214.698,1.0,0.06657,111.004,4.0,1.0,0,2000,britney spears,0
0.68955969,0.529039572,ARH8B5X1187FB3B6C0,0.0,0,0.0,Skeletonwitch,0.0,speed metal,0.990893049,632807,0,0.0,1.0,0.169,0.18605,0.0,0.18605,173.37424,0.0,0.580900874,SOVBYLF12AB017EBAC,9.0,0.468,-5.516,1,0.429,169.059,0.424,0.18605,201.333,4.0,0.0,0,2007,skeletonwitch,0
0.525740269,0.389119622,AR937CC1187B99B9B9,0.0,0,0.0,Los Abuelos De La Nada,0.0,rock,1.0,217026,0,0.0,0.0,0.011,0.94557,1.0,0.51367,194.01098,0.439,-1.0,SOVQWTQ12A8C13D988,2.0,0.529,-14.409,1,0.538,189.08,0.755,0.29771,139.685,4.0,0.0,0,1984,los abuelos de la nada,0
0.621121051,0.43568407,ARS0W831187B9AF0B7,0.0,0,0.0,Maximilian Hecker,0.0,chamber pop,0.935593549,420490,0,0.0,0.0,0.06,0.34572,0.0,0.34572,205.7922,2.421,-1.0,SOGINAY12A8C138666,8.0,0.506,-8.059,1,0.625,192.952,0.204,0.03037,129.488,5.0,0.737,0,2005,maximilian hecker,0
0.822432829,0.531303319,ARASYMJ1187B9ACAF2,51.50632,0,-0.12714,Whitesnake,0.0,blues-rock,0.94748667,301001,0,0.0,3.0,0.043,1.06593,0.479,0.59306,250.3571,3.199,0.85259138,SOHWVJJ12AB0185F6D,7.0,0.342,-7.356,1,0.626,240.054,0.169,0.36138,125.783,4.0,0.387,0,1980,whitesnake,0
0.7127449,0.47070039,ARP96FM1187B9AEA77,44.97903,0,-93.26493,Semisonic,0.0,post-grunge,1.0,23369,0,0.0,1.0,0.136,0.39416,1.0,0.06925,258.92526,0.171,0.577469083,SOHXASU12A6D4F6B1C,4.0,0.736,-5.814,1,0.591,248.018,0.611,0.06925,186.012,4.0,0.777,0,1993,semisonic,0
0.688040857,0.372307464,ARNQ7UN1187B98EE77,0.0,0,0.0,Novaspace,0.0,trance,1.0,297839,0,0.0,1.0,0.056,0.43282,0.85,0.11273,231.54893,0.218,0.266955186,SOKBCLG12A8C13DAA5,2.0,0.783,-7.299,1,0.683,227.027,0.319,0.11273,185.97,4.0,0.032,0,2002,novaspace,0
0.636436672,0.429097812,ARB5TJM1187B9A71FD,0.0,0,0.0,Finntroll,0.0,heavy metal,1.0,335540,0,0.0,1.0,0.031,0.44938,0.478,0.44938,255.00689,0.0,0.656941717,SOSIVPO12AB017D5E9,4.0,0.51,-5.563,0,0.459,250.067,0.432,0.1819,149.948,4.0,0.0,0,2004,finntroll,0
0.603550952,0.303618163,ARB5S4L1187FB4AD20,0.0,0,0.0,Carlos Ponce,0.0,male vocalist,0.86803755,157882,0,0.0,0.0,0.065,0.39909,1.0,0.39909,195.5522,0.147,-1.0,SOEEEIL12A8C138EEE,0.0,0.666,-6.675,1,0.485,190.346,0.6,0.24335,196.137,4.0,0.197,0,2003,carlos ponce,0
0.523962423,0.440867557,ARSEC9Q1187B98912D,0.0,0,0.0,Colin James,0.0,blues,1.0,766800,0,0.0,0.0,0.016,0.64128,0.0,0.24051,233.7171,4.708,0.239629098,SOROYFK12AB018C915,1.0,0.519,-7.382,0,0.526,222.859,0.551,0.04062,149.317,4.0,0.862,0,2003,colin james,0
0.616896386,0.416503946,ARKETDZ1187B9B2566,50.82607,0,7.28021,Marlene Dietrich,0.0,chanson,1.0,24065,0,0.0,1.0,0.676,2.57186,0.291,1.17786,159.34649,0.374,0.413752422,SODTCPC12A6D4F812A,7.0,0.533,-16.163,1,0.573,154.749,0.431,0.11075,42.654,4.0,0.0,0,1992,marlene dietrich,0
0.572500601,0.368054039,ARN7OQ21187FB5A6B3,0.0,0,0.0,Furry Lewis,0.0,country blues,0.971619176,593889,0,0.0,0.0,0.131,0.55678,0.0,0.55678,221.962,1.483,0.460484845,SOFWXNQ12AC3DF5F8B,2.0,0.922,-28.946,1,0.776,216.178,0.045,0.27969,104.469,3.0,0.913,0,1972,furry lewis,0
0.689800593,0.533842727,ARVBP9K1187FB48254,43.64856,0,-79.38533,Cancer Bats,0.0,southern rock,0.943460927,744214,0,0.0,1.0,0.15,1.05196,0.851,0.34726,180.71465,0.0,0.726267401,SOHTWEG12AB018D11C,6.0,0.17,-4.834,0,0.528,166.342,0.642,0.34726,86.01,4.0,0.824,0,2010,cancer bats,0
0.609816403,0.560380805,AR4B3RX1187B9A868A,0.0,0,0.0,Alexandre Desplat,0.0,soundtrack,1.0,64207,0,0.0,1.0,0.296,1.71811,0.296,1.71811,239.38567,3.477,-1.0,SOKQFJK12A6D4FA1FD,2.0,0.851,-15.668,1,0.664,223.457,0.062,1.08989,39.451,1.0,0.0,0,2006,alexandre desplat,0
0.338956022,0.351561407,AR9XDAA1187B99768F,0.0,0,0.0,Lara & Reyes,0.0,latin jazz,1.0,29155,0,0.0,0.0,0.966,0.13931,0.966,0.13931,92.70812,0.369,0.235614876,SOBZHRL12A6D4F6A70,7.0,1.0,-14.919,1,1.0,82.158,0.679,0.13931,111.727,1.0,0.0,0,2000,lara & reyes,0
0.668020249,0.516963731,ARYF20K1187B9B76BD,0.0,0,0.0,George Lopez,0.0,california,1.0,135291,0,0.0,0.0,0.189,0.07633,0.44,0.07633,238.99383,0.0,-1.0,SONCQTI12A8AE477B2,6.0,0.056,-8.874,1,0.319,238.994,0.461,0.07633,120.492,3.0,0.337,0,2007,george lopez,0
0.833178561,0.804219797,AR6PJ8R1187FB5AD70,0.0,0,0.0,Shakira,0.0,dance pop,1.0,554310,0,0.0,1.0,0.314,0.55156,0.567,0.08632,222.37995,0.27,-1.0,SOWIZXE12AB0184B34,7.0,0.432,-5.16,1,0.557,214.924,0.567,0.08632,128.217,4.0,0.784,0,2009,shakira,0
0.548672436,0.358500923,ARGDY4Y1187B9A334F,0.0,0,0.0,Pyranja,0.0,pop rap,0.839216463,714489,0,0.0,0.0,0.802,0.35549,0.802,0.35549,225.33179,0.0,-1.0,SOMYKRP12AB018E011,10.0,0.144,-4.166,0,0.343,212.387,0.802,0.35549,178.574,1.0,0.52,0,2004,pyranja,0
0.663231985,0.493711077,AR26X1C1187B9B0A1B,0.0,0,0.0,Conway Twitty,0.0,country,1.0,477262,0,0.0,0.0,0.613,0.68362,0.613,0.68362,140.7473,0.156,-1.0,SORGJUM12A8C142CFB,7.0,0.293,-19.602,1,0.3,134.206,0.582,0.07164,64.141,1.0,0.747,0,2009,conway twitty,0
0.697113663,0.518784102,ARTXGGI1187B9B3D58,38.54666,0,-121.74477,Blackalicious,0.0,hip hop,1.0,225526,0,0.0,0.0,0.255,0.27181,1.0,0.27181,260.33587,0.0,0.667410874,SOQQABM12AF729A392,1.0,0.663,-5.869,1,0.374,248.413,1.0,0.27181,100.694,4.0,1.0,0,1999,blackalicious,0
0.791465542,0.477889304,ARRJ3UC1187FB579D7,0.0,0,0.0,Wyclef Jean featuring Butch Cassidy and Sharissa,0.0,hip hop,1.0,290113,0,0.0,1.0,0.534,0.23767,0.534,0.23767,238.47138,0.0,0.400039657,SOPSDCQ12A8C135CB6,5.0,0.668,-3.947,1,0.509,227.097,0.956,0.07438,183.58,1.0,0.795,0,2002,wyclef jean featuring butch cassidy and sharissa,0
0.612235271,0.385209427,AR3P1NA1187FB44B9E,0.0,0,0.0,Ben Watt feat. Estelle,0.0,progressive house,1.0,206729,0,0.0,1.0,0.003,0.65651,1.0,0.17886,389.19791,0.154,0.265861049,SOZFLXY12A8C13A8E2,9.0,0.731,-8.273,0,0.529,380.918,1.0,0.17886,125.992,4.0,1.0,0,2005,ben watt feat. estelle,0
0.679748141,0.458595403,AR1ZYLH1187B98C159,0.0,0,0.0,Naughty By Nature,0.0,gangster rap,0.999296643,14578,0,0.0,1.0,0.011,0.08067,0.421,0.08067,245.65506,0.0,-1.0,SOGGWHE12AF729F431,10.0,0.0,-3.741,0,0.0,235.102,0.961,0.08067,93.978,4.0,1.0,0,2002,naughty by nature,0
0.417170428,0.272729378,ARM578G1187B989000,0.0,0,0.0,Far Too Jones,0.0,alternative rock,0.998611078,496005,0,0.0,0.0,1.0,0.51128,1.0,0.51128,249.02485,0.461,0.0,SOLXWRL12AB01835AF,9.0,0.879,-4.771,1,0.641,239.984,0.915,0.25911,127.267,1.0,0.462,0,1997,far too jones,0
0.605880471,0.393660868,ARK8EHO1187B9B71D1,57.15382,0,-2.10679,Shamen,0.0,tech house,0.938922381,356416,0,0.0,2.0,0.171,1.36767,0.497,0.66863,443.03628,0.132,0.0,SOHWCYA12AB01806FA,7.0,0.717,-6.519,1,0.662,430.573,0.257,0.2072,86.561,5.0,1.0,0,2002,shamen,0
0.520757635,0.404566538,ARG4KW31187FB51B7C,0.0,0,0.0,Atomic Rooster,0.0,hard rock,1.0,443910,0,0.0,1.0,0.477,0.66238,0.676,0.25126,220.39465,0.2,-1.0,SOZZIKV12AB017F17B,4.0,0.699,-11.696,1,0.524,210.152,0.855,0.04467,146.708,4.0,0.0,0,2005,atomic rooster,0
0.700679842,0.503362448,ARML8X41187B990644,0.0,0,0.0,Simple Minds,0.0,new wave,0.94977883,22956,0,0.0,3.0,0.27,0.55166,0.598,0.55166,308.94975,2.345,0.474054831,SOBUIHY12A6D4F5D1B,7.0,0.583,-14.178,1,0.604,289.21,0.093,0.55166,139.402,3.0,1.0,0,1981,simple minds,0
0.520553746,0.355974359,AR58SJE1187B9A8E4C,31.55379,0,-90.10785,J. B. Lenoir,0.0,chicago blues,0.993447824,566005,0,0.0,0.0,0.181,0.96974,0.961,0.28679,190.64118,0.223,0.427446572,SOEWMAK12A8C13FD07,11.0,0.253,-9.302,1,0.228,185.202,1.0,0.28679,98.018,3.0,1.0,0,1954,j. b. lenoir,0
0.917863906,0.908202619,ARKU3Z61187FB51DCA,13.11199,0,-59.59895,Rihanna,0.0,dance pop,1.0,687382,0,0.0,3.0,0.025,0.4006,0.671,0.4006,283.8722,0.0,-1.0,SOMTXLN12AB018977B,11.0,0.021,-4.465,0,0.309,283.872,0.507,0.4006,128.092,4.0,0.0,0,2007,rihanna,0
0.769896415,0.458293186,ARV8LAR1187FB3DE2A,0.0,0,0.0,Dokken,0.0,heavy metal,0.98711673,658287,0,0.0,0.0,0.074,1.80466,0.418,0.4644,210.88608,2.194,0.460541281,SOJBVYM12AB018BD69,6.0,0.09,-5.152,1,0.513,207.424,0.249,0.13377,89.019,4.0,1.0,0,2008,dokken,0
0.614755589,0.396490352,AR0U44O1187B99007C,51.50632,0,-0.12714,Republica;Jonny Male;Dave Arch,0.0,europop,0.876563824,299130,0,0.0,2.0,0.388,0.70777,0.0,0.24894,303.85587,3.291,-1.0,SOHCZJH12A8C13A73C,10.0,0.501,-5.306,1,0.364,299.758,0.188,0.24894,129.888,4.0,0.0,0,1996,republica;jonny male;dave arch,0
0.844085061,0.71366982,ARM7EDF1187B9B3FA1,0.0,0,0.0,Guns N' Roses,0.0,heavy metal,0.938552196,226115,0,0.0,3.0,0.0,1.90268,0.0,1.90268,237.13914,3.257,0.719747141,SODXTMM12AF729F8F1,8.0,0.602,-8.591,1,0.462,229.767,0.088,1.90268,156.65,1.0,0.276,0,1986,guns n' roses,0
0.822908534,0.572027854,AR2XI6G1187B9AE7DA,0.0,0,0.0,Fat Joe,0.0,gangster rap,0.949342927,762314,0,0.0,1.0,0.009,0.76146,0.401,0.04323,277.002,0.0,0.345802234,SOMBEOP12AB018A0F7,10.0,0.113,-4.678,0,0.282,266.565,0.717,0.04323,167.878,4.0,0.406,0,2002,fat joe,0
0.505846145,0.366592713,AR1NT3H1187B99F67B,28.53823,0,-81.37739,Skrape,0.0,post-grunge,0.994410255,295373,0,0.0,0.0,0.912,0.22251,0.912,0.22251,198.81751,0.154,0.473346541,SOEVEBR12A8C1392AA,7.0,0.32,-9.296,0,0.403,187.484,0.608,0.22251,133.912,1.0,0.0,0,2003,skrape,0
0.737437395,0.663686476,ARFWL8S1187B9B4B44,0.0,0,0.0,CA(c)line Dion,0.0,soft rock,0.999829496,662478,0,0.0,3.0,0.178,1.46147,0.934,1.46147,224.20853,0.822,0.443291312,SOOWKSP12AB018043B,2.0,0.647,-9.528,0,0.577,198.983,0.0,1.08383,77.977,3.0,0.337,0,2007,ca(c)line dion,0
0.767768809,0.536219993,ARIH5GU1187FB4C958,0.0,0,0.0,Silverchair,0.0,post-grunge,0.998639971,283355,0,0.0,4.0,0.03,2.52082,0.606,2.52082,312.13669,2.368,0.615699367,SOHMTXX12A8C1332C1,9.0,0.642,-7.207,1,0.502,284.311,0.0,2.27713,122.243,4.0,1.0,0,1995,silverchair,0
0.852136187,0.78033412,ART5MUE1187B98C961,0.0,0,0.0,Metallica,0.0,speed metal,0.973315444,411463,0,0.0,9.0,0.614,0.65731,0.892,0.11876,472.45016,3.32,-1.0,SOFCNRE12AB01864E3,3.0,0.838,-3.258,1,0.645,461.926,0.291,0.11876,111.504,4.0,0.513,0,2008,metallica,0
0.751040126,0.4181931,ARIF6IS1187B98FDEB,53.34376,0,-6.24953,Primordial,0.0,folk metal,0.941226751,756181,0,0.0,0.0,0.088,1.44662,0.414,0.50188,458.9971,0.0,-1.0,SOPJVZP12AB018AA11,2.0,0.599,-14.04,1,0.546,442.816,0.256,0.18358,129.626,4.0,0.0,0,2007,primordial,0
0.555730918,0.352868134,ARQRD391187FB5515A,0.0,0,0.0,Chelsea,0.0,pop rock,1.0,401433,0,0.0,1.0,0.07,0.20387,0.847,0.20387,145.55383,0.0,0.531722098,SOVMPHV12AB01828B1,7.0,0.828,-9.727,1,0.789,145.554,0.352,0.20387,159.552,4.0,0.0,0,1991,chelsea,0
0.732571745,0.457981674,ARNNQ9E1187FB3C82F,0.0,0,0.0,Sizzla,0.0,dancehall,0.97102593,273604,0,0.0,1.0,0.003,0.69897,0.755,0.34463,274.15465,0.107,0.48456253,SOZHTJI12A81C20CF5,1.0,0.135,-6.016,1,0.322,264.22,0.899,0.16746,168.013,4.0,0.549,0,1997,sizzla,0
0.615504103,0.439836359,AR02YGA1187B9B8AC4,-34.60852,0,-58.37354,Bersuit Vergarabat,0.0,cumbia,0.931274541,359570,0,0.0,0.0,0.075,0.78068,0.0,0.28356,208.56118,6.478,0.304169503,SOMXGMJ12AB0183EC5,5.0,0.323,-7.877,1,0.382,208.561,0.2,0.035,121.91,4.0,0.631,0,1996,bersuit vergarabat,0
0.665322162,0.394217199,ARRJNTE1187FB44E12,0.0,0,0.0,Casiotone For The Painfully Alone,0.0,trip hop,0.877629027,234421,0,0.0,1.0,0.47,1.93007,0.836,1.00633,108.40771,3.268,0.637783286,SOKBTBD12A6D4FA3C6,0.0,0.191,-6.695,1,0.549,102.806,0.15,0.77825,131.078,4.0,0.0,0,1999,casiotone for the painfully alone,0
0.807779928,0.486825414,ARR6MOS1187B994C51,0.0,0,0.0,Mando Diao,0.0,blues-rock,0.999750079,271142,0,0.0,1.0,0.038,0.21618,0.466,0.21618,144.03873,0.206,0.616433818,SOYXFLF12A6D4FBF4E,7.0,0.367,-3.942,1,0.301,133.863,0.235,0.21618,152.041,4.0,0.362,0,2007,mando diao,0
0.518501273,0.383700579,ARXBXVM11E9057944C,40.19033,0,-82.66947,NewFound Road,0.0,bluegrass,1.0,624707,0,0.0,0.0,0.031,0.396,0.686,0.12721,176.56118,0.107,0.253834736,SOHSPMJ12AB0181C96,7.0,1.0,-5.864,1,0.846,167.172,0.61,0.12721,223.34,4.0,0.48,0,2009,newfound road,0
0.58811765,0.378106965,ARS26BQ1187B99466D,0.0,0,0.0,Vilma Palma e Vampiros,0.0,cumbia,0.834580498,97820,0,0.0,0.0,0.19,1.57165,1.0,0.62287,210.05016,0.554,-1.0,SOEFZVQ12A8C138735,7.0,0.203,-6.107,1,0.454,194.833,0.789,0.62287,127.803,4.0,0.59,0,1993,vilma palma e vampiros,0
0.823910087,0.549749652,ARKCYJV1187FB392E9,0.0,0,0.0,Set Your Goals,0.0,pop punk,1.0,527029,0,0.0,1.0,0.538,1.32387,0.236,1.32387,204.40771,2.148,0.71839133,SOSVWIE12A8C143BD4,3.0,0.124,-2.192,1,0.299,192.789,0.166,1.32387,194.532,3.0,0.173,0,2009,set your goals,0
0.59994467,0.396800219,ARTE6AQ1187B9B2826,42.33168,0,-83.04792,The High Strung,0.0,post-grunge,0.918030639,420796,0,0.0,0.0,0.084,1.24797,0.392,0.60813,153.73016,0.0,0.379523324,SOBXEJI12A58A79725,9.0,0.623,-2.679,1,0.631,140.73,0.0,0.12825,95.11,4.0,0.542,0,2009,the high strung,0
0.56707373,0.431159805,ARQL2SZ1187B99244B,31.1689,0,-100.07715,Nic Endo,0.0,future jazz,1.0,505422,0,0.0,1.0,0.221,1.53474,0.674,0.84811,388.0224,2.125,0.299877488,SOCAKKR12AB01866C9,3.0,0.331,-2.928,1,0.439,383.942,0.529,0.38465,88.4,5.0,0.54,0,1998,nic endo,0
0.79309437,0.568491815,ARD2NDU1187B99B615,0.0,0,0.0,Dropkick Murphys,0.0,celtic punk,0.947278167,104642,0,0.0,2.0,0.01,0.24423,0.57,0.24423,229.51138,0.137,-1.0,SOJWGEI12A8C13CA8F,9.0,0.909,-3.918,1,0.396,223.556,0.191,0.05911,168.21,4.0,0.621,0,1997,dropkick murphys,0
0.459810163,0.328997859,ARSAJKR1187FB4C5DC,42.33168,0,-83.04792,Kim Wilson,0.0,harmonica blues,1.0,238492,0,0.0,0.0,0.021,1.12003,0.523,0.1153,286.51057,0.432,0.266955186,SOINZJI12A8C1337A1,9.0,0.577,-8.096,1,0.641,281.054,0.1,0.1153,119.644,4.0,0.0,0,2003,kim wilson,0
0.736677413,0.526182556,ARNDB1X1187B990AA0,34.05349,0,-118.24532,Suicidal Tendencies,0.0,hardcore punk,1.0,92649,0,0.0,2.0,0.073,0.18275,0.951,0.18275,125.90975,0.302,0.578658188,SOIMSRQ12A6D4F648F,11.0,0.768,-9.96,0,0.681,120.796,0.261,0.18275,186.159,4.0,0.278,0,1987,suicidal tendencies,0
0.493486473,0.386312131,ARXLOGT1187FB45068,34.19767,0,-101.69814,Jennifer Brown,0.0,dance pop,1.0,301993,0,0.0,0.0,0.107,2.0621,1.0,0.74417,239.0722,0.459,-1.0,SONYXMF12A8C13EB31,8.0,0.512,-8.246,1,0.655,224.253,0.317,0.24531,90.915,4.0,0.496,0,1998,jennifer brown,0
0.290826477,0.261822386,ARGKPBC1187B9ADF8E,0.0,0,0.0,"Jean LumiA""re",0.0,chanson,1.0,812274,0,0.0,0.0,0.0,26.15555,0.943,0.09292,183.37914,0.0,-1.0,SOPUMFQ12AB0187B54,1.0,0.0,-10.621,1,0.0,176.588,0.502,0.09292,38.644,4.0,0.0,0,2002,"jean lumia""re",0
0.765141418,0.471493227,ARO5P0H1187FB5BAD7,0.0,0,0.0,Pepper,0.0,reggae,1.0,667208,0,0.0,0.0,0.2,0.19108,0.615,0.19108,204.5122,0.0,0.540786009,SOTOHAH12AAF3B51FC,9.0,0.517,-5.286,0,0.525,202.176,0.615,0.19108,220.104,3.0,1.0,0,2008,pepper,0
0.44110768,0.334002498,AREDTTS1187FB5357E,0.0,0,0.0,Eric Champion,0.0,ccm,1.0,532168,0,0.0,0.0,0.47,1.896,0.322,1.43353,327.49669,2.473,-1.0,SONWUYB12AB017FDC5,2.0,0.536,-10.42,1,0.375,305.331,0.089,1.19982,122.421,4.0,0.0,0,1996,eric champion,0
0.600195393,0.48818139,ARXJJSN1187B98CB37,0.0,0,0.0,Bebe Winans,0.0,ccm,1.0,25180,0,0.0,1.0,0.186,0.22427,0.0,0.22427,278.22975,0.0,0.304169503,SOZOOYV12A6D4F445F,1.0,0.0,-10.486,1,0.296,265.282,0.325,0.22427,161.405,4.0,0.692,0,2002,bebe winans,0
0.635087811,0.406508249,ARMR44C1187FB433D2,0.0,0,0.0,Penguin CafA(c) Orchestra,0.0,chamber jazz,1.0,27371,0,0.0,1.0,0.414,5.23939,0.414,5.23939,270.78485,8.789,0.270775999,SOPEKCH12A6D4F66B3,2.0,0.649,-9.057,1,0.68,270.785,0.054,5.23939,128.298,1.0,0.0,0,2001,penguin cafa(c) orchestra,0
0.494643265,0.201307558,ARJKZOP11F50C51177,0.0,0,0.0,Colombiafrica - The Mystic Orchestra,0.0,soukous,1.0,553870,0,0.0,0.0,0.153,0.69897,0.546,0.05235,318.79791,0.0,0.199682753,SOKGTMG12AB0180460,1.0,0.043,-7.998,1,0.059,303.642,0.254,0.05235,186.121,5.0,0.0,0,2007,colombiafrica - the mystic orchestra,0
0.833967972,0.576903816,ARE8GLF1187FB52532,0.0,0,0.0,Red Hot Chili Peppers,0.0,rap rock,0.936098431,30962,0,0.0,3.0,0.041,0.99277,0.727,0.47844,265.63873,0.0,0.706430072,SOBANAT12A6D4F7501,2.0,0.417,-10.557,1,0.446,260.139,0.565,0.09237,116.282,4.0,0.788,0,1991,red hot chili peppers,0
0.698969925,0.486783025,ARBHBE91187B9A1F58,0.0,0,0.0,Jonny Lang,0.0,blues-rock,0.941207159,46549,0,0.0,0.0,0.086,0.67113,0.541,0.22922,208.32608,0.198,0.603030145,SOZCURA12AF72A17B1,2.0,0.577,-6.067,1,0.596,197.671,0.996,0.22922,136.932,4.0,0.333,0,2003,jonny lang,0
0.858270678,0.515325301,ARMB95F1187B9B5B93,40.8079,0,-73.9454,Cam'Ron / JR Writer,0.0,hip hop,0.999845667,93013,0,0.0,1.0,0.121,0.64292,0.607,0.64292,208.92689,0.0,0.505487343,SOPFWNZ12A8C13B9C6,9.0,0.0,-6.61,1,0.12,203.697,0.736,0.33152,115.139,5.0,1.0,0,2004,cam'ron / jr writer,0
0.649602604,0.413070411,ARMY5XE1187FB38AF3,0.0,0,0.0,Novembre,0.0,doom metal,0.979155637,146146,0,0.0,0.0,0.466,0.35412,0.296,0.35412,295.23546,0.0,-1.0,SOWKINI12A8C135E39,4.0,0.107,-6.163,1,0.329,274.187,0.698,0.1137,124.078,3.0,0.569,0,2007,novembre,0
0.575532412,0.374530029,ARIRBO11187FB4B219,0.0,0,0.0,Donna The Buffalo,0.0,zydeco,1.0,470035,0,0.0,1.0,0.039,0.65035,0.483,0.25905,281.93914,0.0,0.460484845,SOYNMIH12AB0181C0A,9.0,0.606,-6.199,1,0.487,279.133,0.617,0.25905,151.493,4.0,0.062,0,1999,donna the buffalo,0
0.707199764,0.51346329,ARYKCQI1187FB3B18F,0.0,0,0.0,Tesla,0.0,hard rock,1.0,772708,0,0.0,0.0,0.009,1.07313,0.28,0.46545,228.98893,0.0,-1.0,SOIDTWY12AB018CDB4,7.0,0.002,-3.257,0,0.276,228.989,0.029,0.20009,88.127,4.0,0.032,0,2008,tesla,0
0.065327328,0.0,AR5MSL51187FB52E11,0.0,0,0.0,AI-TIEM,0.0,jungle music,0.900830708,63580,0,0.0,0.0,0.018,1.46022,0.0,0.76161,200.48934,0.0,-1.0,SOUOHOA12A6D4FBCE0,2.0,0.551,-10.62,1,0.482,196.627,0.634,0.76161,172.02,4.0,0.551,0,1993,ai-tiem,0
0.674913858,0.479187492,AR6W5MS1187FB3BF47,34.05349,0,-118.24532,Little Feat,0.0,blues-rock,1.0,45697,0,0.0,1.0,0.0,0.16726,1.0,0.16726,228.98893,0.212,0.270775999,SOCSLWU12A58A7E43A,0.0,0.177,-9.978,1,0.561,212.172,0.701,0.16726,97.342,4.0,0.0,0,2006,little feat,0
0.58568315,0.360445766,AR78ZID1187B9B31ED,18.11526,0,-77.27348,Mikey Dread,0.0,roots reggae,0.924399296,243041,0,0.0,1.0,0.0,0.18049,0.0,0.18049,373.26322,0.978,-1.0,SODDPYN12A8C132735,1.0,0.25,-13.192,0,0.276,364.008,0.466,0.18049,145.055,1.0,0.0,0,1982,mikey dread,0
0.506778928,0.328413738,AR6IJ6U1187B99FC7C,0.0,0,0.0,Alberto Cortez,0.0,chanson,1.0,122921,0,0.0,0.0,0.161,3.12235,0.104,0.37836,252.78649,0.0,0.334706549,SOJKDEC12A8C131E8B,3.0,0.643,-5.896,1,0.536,245.923,0.873,0.37836,91.008,5.0,0.617,0,1989,alberto cortez,0
0.738594499,0.467071006,AR4R1FL1187FB55C3B,-13.442,0,-41.9952,Death From Above 1979,0.0,indie rock,1.0,8784,0,0.0,1.0,0.045,0.63445,0.545,0.23466,195.29098,0.0,0.718485475,SOINDRZ12A6701DAF6,7.0,0.62,-7.163,1,0.643,191.872,0.584,0.23466,150.155,4.0,1.0,0,2004,death from above 1979,0
0.839275393,0.550762085,AR6XPWV1187B9ADAEB,0.0,0,0.0,Foo Fighters,0.0,grunge,0.953021558,543877,0,0.0,4.0,0.367,0.61008,1.0,0.21265,253.67465,0.158,0.49271364,SOUVVUV12A8AE48414,2.0,0.315,-7.442,1,0.485,241.795,1.0,0.21265,150.83,3.0,1.0,0,2007,foo fighters,0
0.676119551,0.390361787,ARBVHDI1187FB436DF,0.0,0,0.0,Eyehategod,0.0,doom metal,0.9958462,734445,0,0.0,1.0,0.175,1.11472,0.712,0.4554,247.01342,0.229,-1.0,SODKRQH12A6D227229,2.0,0.074,-11.31,1,0.496,243.827,0.676,0.4554,97.916,7.0,0.693,0,1992,eyehategod,0
0.726299713,0.466946703,ARKMIBT11F4C8430D9,40.71455,0,-74.00712,The Antlers,0.0,chamber pop,1.0,489387,0,0.0,0.0,0.031,1.82334,0.789,0.47561,277.99465,15.488,0.603024582,SOEYFCZ12AB017D780,7.0,0.08,-8.878,1,0.42,245.133,0.06,0.18337,80.023,4.0,0.484,0,2007,the antlers,0
0.599133769,0.392994623,ARZVEF91187B9AC770,40.71455,0,-74.00712,Elliot Goldenthal,0.0,instrumental rock,0.903228815,289872,0,0.0,2.0,0.104,10.23759,0.232,0.43557,92.86485,0.0,0.323112121,SOOJHOT12A8C137024,2.0,0.025,-23.519,1,0.428,92.865,0.095,0.22553,79.35,7.0,0.465,0,2000,elliot goldenthal,0
0.500848692,0.324624482,ARTVBNL1187FB52DF3,-14.24292,0,-54.38783,Grupo Batuque,0.0,future jazz,1.0,333770,0,0.0,0.0,0.106,0.07397,1.0,0.07397,41.56036,0.167,-1.0,SOPMZIK12AB017DEFE,9.0,0.414,-17.437,0,0.382,36.682,0.704,0.07397,155.526,5.0,1.0,0,2005,grupo batuque,0
0.672680593,0.476389109,ARGBR4I1187B99D073,47.60356,0,-122.32944,Mudhoney,0.0,grunge,1.0,615211,0,0.0,1.0,0.126,0.82195,0.962,0.06378,217.5473,0.213,0.536032112,SOEGWUQ12A5891CC6F,4.0,0.937,-7.996,1,0.506,211.145,0.613,0.06378,158.517,4.0,0.0,0,1993,mudhoney,0
0.577232155,0.431448035,ARH09RT1187FB4A843,0.0,0,0.0,OV7,0.0,ballad,0.985292043,528682,0,0.0,1.0,0.056,1.14395,0.765,0.5467,239.67302,0.345,0.392008772,SOLQAPL12AAF3B3010,11.0,0.192,-3.593,1,0.476,233.146,0.625,0.09882,99.995,4.0,0.549,0,2001,ov7,0
0.614887588,0.377828215,ARV2X851187FB41A78,42.31256,0,-71.08868,Open Hand,0.0,post-grunge,1.0,715952,0,0.0,0.0,0.055,0.61935,0.338,0.2307,136.98567,0.0,0.618904418,SOAUGJA12AB01869AF,6.0,0.493,-5.654,0,0.523,130.525,0.622,0.03638,154.211,3.0,0.858,0,2004,open hand,0
0.619260605,0.416935872,ARXW2MN1187B9B8817,0.0,0,0.0,X-ecutioners,0.0,turnablism,0.997036303,400773,0,0.0,2.0,0.062,1.71413,0.936,0.13567,286.77179,0.0,-1.0,SOJQTNZ12AB018115B,10.0,0.09,-5.716,0,0.499,286.772,0.988,0.13567,76.166,5.0,0.807,0,2001,x-ecutioners,0
0.5534682,0.429149837,ARKIYC51187FB4775A,0.0,0,0.0,Juice Leskinen,0.0,german pop,0.906922209,642616,0,0.0,1.0,0.045,0.5334,0.678,0.19305,158.45832,0.282,0.529214472,SOGSPRZ12AB0182944,0.0,0.673,-11.567,1,0.626,154.662,0.769,0.19305,180.8,4.0,0.0,0,1994,juice leskinen,0
0.492669503,0.33137317,ARTJJZZ1187B9BA5E7,0.0,0,0.0,Rishi Rich,0.0,bhangra,0.885357883,38957,0,0.0,1.0,0.022,1.36304,1.0,0.23536,201.92608,0.195,0.217726202,SOSUVKW12A6D4F58BE,4.0,0.558,-4.736,0,0.448,196.917,1.0,0.23536,107.011,4.0,1.0,0,2006,rishi rich,0
0.877213746,1.082502557,ARRH63Y1187FB47783,0.0,0,0.0,Kanye West,0.0,hip hop,1.0,30801,0,0.0,2.0,0.121,0.39243,0.978,0.39243,271.25506,0.363,-1.0,SOGWZBN12A6D4F6AB2,7.0,0.766,-5.227,1,0.474,259.692,0.623,0.21196,166.037,4.0,0.785,0,2003,kanye west,0
0.510075541,0.397493835,ARWBL9E1187FB4E695,0.0,0,0.0,Paul Brown,0.0,smooth jazz,1.0,501402,0,0.0,0.0,0.063,1.39147,0.699,0.41197,243.90485,0.38,0.649989756,SOKEOPP12AB017F799,7.0,0.516,-9.433,0,0.693,227.927,0.413,0.0852,122.623,3.0,0.687,0,2005,paul brown,0
0.725843499,0.601187378,ARD39VZ1187B9B9A57,0.0,0,0.0,Lloyd Banks,0.0,gangster rap,0.9488651,436,0,0.0,0.0,0.656,1.04209,0.816,0.33444,250.74893,0.299,0.579416472,SOZYUKG12A6D4FB64F,1.0,1.0,-2.844,1,0.695,241.075,1.0,0.33444,85.366,4.0,1.0,0,2004,lloyd banks,0
0.731065756,0.509878708,AREPD8D1187FB3F5BC,0.0,0,0.0,Sister Hazel,0.0,post-grunge,1.0,21651,0,0.0,0.0,0.038,0.92903,0.733,0.45817,303.98649,0.0,0.531983193,SOPXKFG12A58A78D97,7.0,0.574,-8.311,1,0.629,297.964,0.0,0.22274,127.707,4.0,0.0,0,1994,sister hazel,0
0.479292219,0.299878259,ARODMZJ1187B9ACE8E,0.0,0,0.0,Terror Fabulous,0.0,dancehall,0.991532328,185742,0,0.0,0.0,0.01,1.30915,0.792,0.68061,191.73832,0.0,0.628125058,SOWDYUR12A8AE481CB,8.0,0.023,-11.71,1,0.313,183.014,0.698,0.20861,94.958,4.0,1.0,0,1995,terror fabulous,0
0.74119524,0.395793546,ARA6BH81187B98F3AF,0.0,0,0.0,Modeselektor,0.0,techno,0.966343493,134912,0,0.0,1.0,0.186,0.35682,0.0,0.35682,256.31302,0.0,0.768534891,SOIXCFZ12A8AE462F5,2.0,0.723,-8.788,1,0.508,247.769,0.379,0.20999,205.972,4.0,0.785,0,2005,modeselektor,0
0.582804694,0.448669074,AR0B1CH1187FB3A824,34.56398,0,-92.58685,Charlie Rich,0.0,rockabilly,1.0,286272,0,0.0,0.0,0.0,0.28904,0.0,0.28904,184.65914,1.315,0.212045406,SOIMQSC12A8C1344C4,0.0,0.194,-11.537,1,0.406,170.237,0.595,0.28904,119.963,1.0,0.228,0,1997,charlie rich,0
0.732393863,0.496224349,ARBQPXY1187B98D67B,25.89958,0,-97.49553,Kris Kristofferson,0.0,western swing,1.0,224850,0,0.0,1.0,0.169,1.19811,0.586,0.3944,232.64608,0.098,-1.0,SOBEQOL12A8C140489,2.0,0.845,-19.991,1,0.323,224.804,0.535,0.13323,74.665,3.0,0.264,0,1970,kris kristofferson,0
0.858677442,0.618219159,AR46CAD1187FB4D84B,34.05349,0,-118.24532,Bad Religion,0.0,hardcore punk,1.0,204360,0,0.0,2.0,0.501,0.6397,0.666,0.14855,180.81914,0.0,0.592641203,SODFEAT12A8C139306,9.0,0.492,-5.098,0,0.449,171.479,0.553,0.14855,121.805,4.0,0.704,0,1982,bad religion,0
0.685502832,0.446732968,ARDW5AW1187FB55708,42.78668,0,-96.92803,Shawn Colvin,0.0,country rock,0.975207319,487958,0,0.0,2.0,0.503,0.04688,0.503,0.04688,250.69669,0.0,-1.0,SOZPXLH12A58A7A054,1.0,0.162,-12.806,1,0.356,250.697,0.643,0.04688,109.154,1.0,0.0,0,1996,shawn colvin,0
0.843322339,0.554564302,ARG8DXO1187B9AF743,0.0,0,0.0,Less Than Jake,0.0,ska punk,0.999656278,221479,0,0.0,0.0,0.748,0.26527,0.748,0.26527,257.01832,0.206,0.407233015,SOOCUMC12A81C22FEA,0.0,0.761,-1.977,1,0.544,243.601,0.3,0.08539,170.412,1.0,0.0,0,2002,less than jake,0
0.772272161,0.500119335,AREV2491187B9B017E,0.0,0,0.0,Mobb Deep,0.0,gangster rap,0.947694853,293515,0,0.0,1.0,0.158,3.10148,0.616,3.10148,224.62649,3.355,0.662826893,SOVFRDB12AB017FF3A,6.0,0.113,-5.627,0,0.233,207.128,0.453,3.10148,103.433,4.0,1.0,0,2004,mobb deep,0
0.517480572,0.43280431,ARD5SR21187B9B5F4A,60.99655,0,24.49511,Irwin Goodman,0.0,german pop,0.986894982,111427,0,0.0,1.0,0.0,0.28549,0.0,0.28549,157.33506,3.001,0.0,SOJYPYH12A8C13D69F,10.0,0.722,-4.398,1,0.775,151.499,0.19,0.08849,155.735,1.0,0.0,0,1985,irwin goodman,0
0.597702904,0.437735968,ARDM8331187B9B947E,-34.60852,0,-58.37354,Pedro Aznar,0.0,chanson,0.914033848,509441,0,0.0,0.0,0.426,0.35094,0.94,0.35094,194.61179,0.386,0.215080319,SOHRPJS12AB0180A12,0.0,0.063,-7.683,0,0.299,184.662,0.415,0.35094,110.178,4.0,0.917,0,1995,pedro aznar,0
0.705881777,0.491178954,ARDSWIE1187FB39056,0.0,0,0.0,Gang Starr Featuring Jeru The Damaja And Lil Dap,0.0,jazz rap,0.985508966,24250,0,0.0,1.0,0.055,1.47382,0.839,0.21254,244.32281,0.0,0.609188864,SOIVSQZ12A6D4F68BF,1.0,0.216,-15.55,1,0.292,239.444,0.729,0.21254,95.301,4.0,0.889,0,1992,gang starr featuring jeru the damaja and lil dap,0
0.434647101,0.333196089,ARENU9O1187B993B5E,0.0,0,0.0,Cool For August,0.0,alternative rock,0.971832341,129742,0,0.0,0.0,0.105,1.39691,0.0,0.4266,214.7522,1.077,0.22424324,SOUFVZJ12A6D4FA4FE,9.0,0.461,-5.8,1,0.199,206.768,0.382,0.17457,124.22,4.0,1.0,0,1997,cool for august,0
0.687294463,0.517170481,ARK0BT61187B9ACEC2,0.0,0,0.0,Monster Magnet,0.0,stoner metal,0.998534513,479032,0,0.0,0.0,0.085,0.89759,0.0,0.48815,217.10322,0.0,0.553166754,SOKSRWI12A8C146997,2.0,0.56,-5.75,1,0.428,202.96,0.27,0.21474,146.683,4.0,0.0,0,2004,monster magnet,0
0.606975737,0.386289651,ARIRD6J1187FB5A98C,18.01571,0,-76.79731,Sugar Minott,0.0,roots reggae,0.940150437,758028,0,0.0,0.0,0.01,1.65422,0.924,0.91215,193.93261,0.742,-1.0,SOCXRMP12AB018578E,3.0,0.021,-13.688,0,0.218,186.096,0.308,0.73901,163.848,4.0,0.0,0,2007,sugar minott,0
0.153605548,0.381467815,AR72Q9R1187B98A664,0.0,0,0.0,Hatiras & Slarta John,0.0,tech house,0.935335903,323213,0,0.0,1.0,0.007,0.7656,1.0,0.29277,383.58159,0.271,0.256866156,SOIKYFC12A6D4F9864,10.0,0.891,-5.378,0,0.704,376.163,1.0,0.05753,128.022,4.0,0.0,0,2000,hatiras & slarta john,0
0.787877691,0.543225521,ARAPH9U1187B9B34F0,0.0,0,0.0,Randy Travis,0.0,country gospel,1.0,12539,0,0.0,1.0,0.037,0.94943,1.0,0.37413,198.76526,0.119,-1.0,SOEQJUL12A6701D4CE,10.0,0.529,-11.611,1,0.578,191.042,0.586,0.18237,104.799,4.0,0.163,0,1993,randy travis,0
0.552704815,0.387008322,AR9A5TK1187B9AD07F,0.0,0,0.0,fIREHOSE,0.0,alternative rock,0.980447258,282395,0,0.0,0.0,0.0,0.2264,0.0,0.2264,78.05342,0.862,0.473346541,SOKXUNU12A8C131CD6,7.0,0.838,-10.99,1,0.606,68.598,0.463,0.05795,177.093,1.0,0.266,0,1991,firehose,0
0.539111561,0.349139602,ARE13NK1187FB4CF92,51.50632,0,-0.12714,Alternative TV,0.0,experimental rock,1.0,611769,0,0.0,1.0,0.534,0.46334,0.534,0.46334,305.71057,0.0,-1.0,SORWKHR12A8C141015,4.0,0.657,-13.11,1,0.478,272.596,0.136,0.1884,105.288,1.0,0.075,0,1978,alternative tv,0
0.797420741,0.536400011,ARUKN9H1187B9B71C8,0.0,0,0.0,The Black Crowes,0.0,blues-rock,0.900934361,479327,0,0.0,1.0,0.234,0.77275,0.0,0.03558,256.20853,3.1,0.755899158,SOTWIIY12A6D4F8837,5.0,0.561,-8.311,0,0.446,247.025,0.551,0.03558,163.204,4.0,0.0,0,1994,the black crowes,0
0.774798919,0.543958211,AR4FGSF1187FB528BE,36.16778,0,-86.77836,Mat Kearney,0.0,singer-songwriter,1.0,477788,0,0.0,0.0,0.402,0.18391,0.542,0.18391,215.74485,0.154,0.642859589,SOAPAIN12A8C142D08,11.0,0.563,-6.81,1,0.589,208.132,0.82,0.18391,151.936,4.0,0.325,0,2009,mat kearney,0
0.71149724,0.421595992,ARC87OG1187B99F540,0.0,0,0.0,Julie Roberts,0.0,alternative country,1.0,373411,0,0.0,0.0,0.007,0.21904,1.0,0.21904,192.46975,0.142,-1.0,SORTOKQ12AF72A545B,1.0,0.89,-10.002,1,0.719,179.287,0.888,0.21904,122.022,4.0,0.147,0,2004,julie roberts,0
0.623823768,0.441106359,ARALUUG1187FB58696,30.43883,0,-90.44116,Irma Thomas,0.0,delta blues,0.973191971,750413,0,0.0,1.0,0.066,1.77226,0.55,0.48272,240.69179,0.136,-1.0,SOKANHN12AB01841D0,3.0,0.49,-5.762,1,0.564,233.326,0.628,0.05471,103.206,4.0,0.423,0,2008,irma thomas,0
0.67161064,0.421973968,AR5WPYF1187B9B40DA,38.25486,0,-85.7664,VHS Or Beta,0.0,disco,0.97641938,18368,0,0.0,0.0,0.627,1.56006,1.0,0.6096,508.02893,2.572,0.0,SOVIJEZ12A58A7F35C,9.0,0.026,-6.992,1,0.277,501.365,0.088,0.6096,126.984,4.0,0.095,0,2002,vhs or beta,0
0.379173496,0.291498632,AR2TT8P1187B9B624D,0.0,0,0.0,O'2L,0.0,orchestra,0.949225122,323471,0,0.0,0.0,0.308,1.02439,0.993,0.56212,290.08934,0.272,0.0,SOWRIBC12AAF3B2725,5.0,0.834,-9.344,1,0.767,281.391,0.618,0.33098,130.091,3.0,0.268,0,2005,o'2l,0
0.749876367,0.528302262,AREHK7O1187B9ADDD7,0.0,0,0.0,The Cardigans,0.0,twee pop,0.946316111,14367,0,0.0,2.0,0.015,0.99515,0.592,0.53864,259.76118,0.0,0.649675062,SOPFURM12A67020D2A,5.0,0.485,-10.175,1,0.439,253.806,0.542,0.31094,137.342,4.0,0.526,0,1996,the cardigans,0
0.504223777,0.377432972,ARDL6T21187FB36FDD,30.53301,0,-92.08238,Clifton Chenier,0.0,zydeco,1.0,221546,0,0.0,0.0,0.152,1.17137,1.0,0.12874,281.15546,0.183,-1.0,SOJOIZR12A8C13E554,7.0,0.23,-4.231,1,0.389,277.525,0.274,0.12874,116.517,4.0,1.0,0,2001,clifton chenier,0
0.450340395,0.370027459,ARGXLDE1187B99244E,0.0,0,0.0,Zen Lemonade,0.0,progressive trance,1.0,532529,0,0.0,0.0,0.024,0.48668,0.775,0.48668,493.7922,0.0,0.0,SOOWUYK12AB017C5E3,7.0,0.071,-9.535,1,0.491,490.371,0.206,0.48668,134.21,4.0,0.0,0,2001,zen lemonade,0
0.576568766,0.412528052,ARJR7S11187FB36A2A,40.65507,0,-73.94888,The Forms,0.0,indie rock,1.0,323735,0,0.0,0.0,0.602,0.94012,0.511,0.17245,208.14322,0.0,0.394394856,SOWYVJI12AAF3B4873,2.0,0.716,-9.073,1,0.705,198.966,0.235,0.17245,78.134,4.0,0.924,0,2003,the forms,0
0.329122232,0.320460182,ARVNBNU1252CCFA156,0.0,0,0.0,Larry The Cable Guy,0.0,stand-up comedy,1.0,597540,0,0.0,0.0,0.636,0.95609,0.636,0.95609,148.37506,0.0,-1.0,SOFLKLL12AC468B353,4.0,0.0,-12.149,1,0.0,148.375,0.2,0.32163,62.018,1.0,0.793,0,2009,larry the cable guy,0
0.391730379,0.300518711,ARGCEOR1187B9A4E7D,0.0,0,0.0,Eric Demarsan,0.0,smooth jazz,0.973716737,789617,0,0.0,0.0,0.648,0.92574,0.762,0.40754,150.17751,0.552,-1.0,SOQRHIO12AC4689255,2.0,0.636,-13.345,1,0.477,143.052,0.554,0.14845,117.311,3.0,0.207,0,2005,eric demarsan,0
0.843526543,0.750311503,ARUJ5A41187FB3F5F1,0.0,0,0.0,U2,0.0,dance rock,1.0,225,0,0.0,3.0,0.429,0.44728,0.791,0.44728,343.27465,4.046,-1.0,SOAATRN12A6310E897,11.0,0.169,-7.165,0,0.534,317.922,0.114,0.21,125.088,4.0,0.893,0,2000,u2,0
0.567278871,0.405178359,AREOGMA1187B9908EF,37.77916,0,-122.42005,Hot Tuna,0.0,blues-rock,1.0,372125,0,0.0,1.0,0.01,0.75083,0.0,0.08702,270.96771,0.0,-1.0,SODMNRZ12A8C140C7A,2.0,0.728,-5.807,1,0.802,267.07,0.121,0.08702,93.532,4.0,0.569,0,1976,hot tuna,0
0.711165787,0.466826993,ARBJSO81187B9BA09B,0.0,0,0.0,Soda Stereo,0.0,rock,1.0,511645,0,0.0,1.0,0.194,3.11278,0.529,2.56415,343.562,3.158,0.270775999,SODJAUI12AB0188C5E,4.0,0.468,-11.947,0,0.429,332.806,0.177,2.27487,104.521,4.0,0.244,0,1987,soda stereo,0
0.630667219,0.474247726,ARKCAKL121318C569E,0.0,0,0.0,Erik Hassle,0.0,pop rock,0.959260949,551252,0,0.0,0.0,0.006,0.58516,1.0,0.1141,308.81914,0.096,-1.0,SOYFSUL12AB0183110,7.0,0.629,-7.564,1,0.561,305.348,1.0,0.1141,127.923,4.0,0.875,0,2009,erik hassle,0
0.690492032,0.458987258,ARRNO111187B9B3FC9,0.0,0,0.0,Galactic,0.0,jazz funk,1.0,204453,0,0.0,1.0,0.007,1.06997,0.789,0.42328,205.08689,0.171,0.476248227,SOEJRAP12A8C13D8FA,11.0,0.164,-4.181,0,0.45,196.882,0.0,0.09601,91.89,4.0,0.061,0,2007,galactic,0
0.640860156,0.32220637,AR7V3VQ1187B9A08AA,30.2676,0,-97.74298,At All Cost,0.0,post-hardcore,1.0,735395,0,0.0,0.0,0.162,4.1292,0.0,0.77809,443.68934,0.0,0.405115722,SOQFKBW12A58A7B9EE,3.0,0.536,-6.465,0,0.457,443.689,0.075,0.36584,100.331,7.0,0.616,0,2007,at all cost,0
0.605880471,0.393660868,ARK8EHO1187B9B71D1,57.15382,0,-2.10679,Shamen,0.0,tech house,0.938922381,313492,0,0.0,2.0,0.366,2.45461,0.719,1.90714,337.71057,5.23,0.599660358,SOWCQMB12A8C141825,2.0,0.75,-14.443,1,0.634,327.738,0.07,1.90714,219.826,3.0,0.265,0,1992,shamen,0
0.662250484,0.410053623,ARNZPLV1187FB3DF5D,0.0,0,0.0,Capleton,0.0,dancehall,0.946977244,146284,0,0.0,1.0,1.0,0.07686,1.0,0.07686,29.41342,0.194,0.0,SOEHJSW12A8C135F66,3.0,0.189,-15.0,0,0.27,29.413,0.277,0.07686,170.781,1.0,0.0,0,2000,capleton,0
0.941896455,0.598596745,ARY53RR1187B9AE485,44.16104,0,-77.3819,Avril Lavigne,0.0,teen pop,0.950349317,312051,0,0.0,2.0,0.771,0.11237,0.771,0.11237,232.202,0.495,0.927132546,SOZIMLB12AF72AD1CD,1.0,0.42,-4.165,0,0.588,223.126,0.531,0.11237,138.364,1.0,0.179,0,2007,avril lavigne,0
0.632242851,0.453435791,ARC6UC81187B989062,40.71455,0,-74.00712,Hem,0.0,folk-pop,1.0,8577,0,0.0,1.0,0.37,0.95527,1.0,0.48172,252.86485,0.346,0.47643522,SOBNSFW12A67020E2E,3.0,0.891,-10.468,1,0.776,241.993,0.488,0.24016,123.997,4.0,0.0,0,2004,hem,0
0.605880471,0.393660868,ARK8EHO1187B9B71D1,57.15382,0,-2.10679,The Shamen,0.0,tech house,0.938922381,356456,0,0.0,2.0,0.045,0.97104,0.988,0.42487,247.53587,0.398,0.265861049,SOARKRH12AB0188703,5.0,0.811,-8.069,1,0.652,235.294,0.795,0.15179,110.04,4.0,0.422,0,1996,the shamen,0
0.63589871,0.530262813,ARZKUQF11F4C8456E8,52.47859,0,-1.9086,The Moody Blues,0.0,british invasion,0.898790619,22126,0,0.0,0.0,0.082,1.05956,0.0,0.40685,194.97751,3.268,0.38293509,SOYTMRC12A6D4F5B58,2.0,0.043,-9.769,1,0.425,185.94,0.214,0.08965,91.453,4.0,0.0,0,1977,the moody blues,0
0.561464646,0.423527585,ARNITNO1187FB555D3,22.81751,0,-82.7603,Arturo Sandoval,0.0,latin jazz,1.0,12891,0,0.0,0.0,0.095,1.67414,0.0,0.33008,238.28853,2.165,0.266955186,SOCCQAW12A6701DB28,2.0,0.873,-11.4,1,0.73,228.258,0.371,0.10371,138.732,5.0,0.86,0,1997,arturo sandoval,0
0.611771113,0.402054897,ARA8O8L1187B9AD61D,30.79062,0,-89.8643,Professor Longhair,0.0,louisiana blues,0.957135026,200685,0,0.0,0.0,0.001,0.57055,0.796,0.57055,208.45669,0.514,0.565451012,SOETTKO12A8C138FE1,3.0,0.377,-14.445,1,0.456,204.614,0.216,0.57055,96.874,4.0,0.0,0,1985,professor longhair,0
0.506852549,0.400879399,AR6KB411187FB40C09,0.0,0,0.0,Hubert Kah,0.0,europop,0.856239387,62706,0,0.0,1.0,0.059,1.28832,0.208,0.77799,249.83465,5.683,-1.0,SOKECVO12A6D4F9F14,7.0,0.405,-6.917,0,0.418,241.122,0.071,0.49572,110.013,4.0,0.542,0,2005,hubert kah,0
0.818319359,0.667294596,ARVN9FZ1187FB393F1,0.0,0,0.0,Snow Patrol,0.0,indie rock,0.999541099,78472,0,0.0,1.0,0.023,1.44576,0.892,0.50067,209.162,2.763,-1.0,SODOOHJ12A6D4F4A74,8.0,0.003,-7.078,1,0.259,198.583,0.123,0.50067,125.057,4.0,0.665,0,2006,snow patrol,0
0.588811881,0.382545795,AR8TCLH1187B9A85E4,0.0,0,0.0,Piero Umiliani,0.0,jazz funk,0.905589624,686666,0,0.0,1.0,0.102,1.70344,0.752,0.29509,234.57914,0.223,0.212045406,SOBJIKU12A8C13ECD6,5.0,0.002,-14.206,1,0.285,220.77,0.55,0.29509,42.106,4.0,0.0,0,1998,piero umiliani,0
0.676492513,0.4695139,AROIIF91187FB4F2D5,0.0,0,0.0,Dead Prez,0.0,hip hop,1.0,289149,0,0.0,1.0,0.555,0.78322,0.998,0.07405,154.30485,0.385,-1.0,SOSYPCS12A8C136D12,2.0,0.674,-8.328,0,0.414,154.305,0.976,0.07405,94.905,4.0,1.0,0,2000,dead prez,0
0.649095051,0.417601488,ARODFDS1187FB57348,0.0,0,0.0,Sergio Mendes / Black Eyed Peas,0.0,samba,0.99443687,309435,0,0.0,1.0,0.164,2.2265,0.905,1.06508,267.20608,0.874,-1.0,SOKLRFB12A8C141932,6.0,0.553,-6.069,1,0.309,258.264,0.133,0.91415,101.059,4.0,0.961,0,1985,sergio mendes / black eyed peas,0
0.731208047,0.547506775,ARQ76LG1187B9ACD84,34.05349,0,-118.24532,Black Flag,0.0,hardcore punk,1.0,729456,0,0.0,2.0,0.195,1.19799,0.338,0.37235,136.14975,0.0,-1.0,SOJGTKX12AB0188C94,4.0,0.233,-6.419,1,0.553,127.954,0.079,0.17365,124.481,3.0,1.0,0,1980,black flag,0
0.57763315,0.439843854,ARU3YYC1187FB43FEE,-34.60852,0,-58.37354,Luis Alberto Spinetta,0.0,rock 'n roll,0.915657661,216426,0,0.0,0.0,0.01,0.75051,0.866,0.1788,355.29098,0.422,-1.0,SOWYXJC12A8C13B81E,9.0,0.69,-16.136,0,0.611,346.993,0.966,0.0357,105.025,4.0,0.783,0,1994,luis alberto spinetta,0
0.370215709,0.289970667,ARNJ2VR1187B989DA8,0.0,0,0.0,Paula Santoro,0.0,brazilian pop music,1.0,48950,0,0.0,0.0,0.026,0.63247,0.941,0.15686,192.41751,0.26,0.377531645,SOKVDQW12A6D4F8C62,7.0,0.571,-17.307,1,0.559,174.126,0.818,0.15686,129.591,4.0,0.864,0,2006,paula santoro,0
0.546727554,0.386180416,ARE26EG1187B990AEF,51.77045,0,0.64255,Sunscreem,0.0,progressive house,0.955184953,626842,0,0.0,1.0,0.042,0.9614,0.91,0.26909,241.89342,0.399,-1.0,SOOBNCY12AB0182457,0.0,0.983,-8.085,1,0.656,227.08,0.806,0.0958,172.172,4.0,0.767,0,1996,sunscreem,0
0.497942106,0.341073301,AR63RWN1187FB3E89A,34.56039,0,-90.91387,Robert Lockwood_ Jr.,0.0,delta blues,0.971628432,369461,0,0.0,1.0,0.162,0.43157,0.827,0.11989,340.87138,0.369,-1.0,SOHASWL12AB018352B,4.0,0.774,-14.188,1,0.926,330.35,0.827,0.11989,164.387,3.0,1.0,0,1998,robert lockwood_ jr.,0
0.520933079,0.206020372,AR695PK1187B996E35,54.6904,0,-1.2323,Jeremy Spencer,0.0,blues-rock,0.892452083,239051,0,0.0,0.0,0.002,1.20492,1.0,0.23044,235.04934,0.154,0.253834736,SORXJPI12A8C13342A,4.0,0.572,-8.748,0,0.552,222.023,0.854,0.23044,126.191,4.0,0.261,0,2006,jeremy spencer,0
0.750621598,0.498497973,ARBFQ7L1187B9ACD48,0.0,0,0.0,The Velvet Underground,0.0,experimental rock,1.0,25561,0,0.0,2.0,0.075,0.1743,0.671,0.1743,276.68853,0.304,-1.0,SOGYDBB12A6D4F7D81,0.0,0.689,-14.002,1,0.579,270.414,0.51,0.1743,144.562,4.0,0.0,0,1968,the velvet underground,0
0.590131052,0.384549528,ARRVGAX1187FB4D745,35.21962,0,-80.01955,Little Eva,0.0,pop rock,0.954350957,60587,0,0.0,0.0,1.0,0.11979,1.0,0.11979,145.162,0.148,0.928367113,SOKYXSZ12A6D4F6E92,3.0,0.655,-6.643,1,0.543,136.319,0.721,0.11979,129.781,1.0,0.247,0,1962,little eva,0
0.700679842,0.503362448,ARML8X41187B990644,0.0,0,0.0,Simple Minds,0.0,new wave,0.94977883,533915,0,0.0,3.0,1.0,0.44144,1.0,0.44144,308.45342,0.108,0.239629098,SOCFQLH12AF72A942D,1.0,0.879,-9.503,1,0.82,303.554,1.0,0.16003,103.637,1.0,0.318,0,2004,simple minds,0
0.918451789,0.828906302,ARVG4OK1187B9B6BD3,0.0,0,0.0,The Killers,0.0,rock,1.0,174061,0,0.0,1.0,0.08,11.65072,0.916,0.56952,166.29506,0.142,-1.0,SOSNQQX12AF729C44C,2.0,0.442,-6.467,1,0.879,161.472,0.719,0.18923,82.909,4.0,0.0,0,2004,the killers,0
0.720711058,0.522047955,ARNHHIV1187FB4EA23,0.0,0,0.0,New Order,0.0,alternative dance,0.999969226,12884,0,0.0,4.0,0.11,1.28757,0.896,0.31808,421.95546,0.0,0.360370583,SOUMJJC12A6701F4B0,0.0,0.713,-5.721,1,0.669,414.766,0.0,0.07599,122.484,4.0,0.727,0,2005,new order,0
0.581082685,0.390023847,AR53RLV1187FB39AA5,0.0,0,0.0,Damone,0.0,chill-out,0.897284188,105100,0,0.0,0.0,0.018,0.48225,0.745,0.48225,217.20771,0.305,0.0,SORTYID12A8C139D86,6.0,0.289,-4.272,0,0.48,208.887,0.279,0.2882,154.093,4.0,0.453,0,2006,damone,0
0.572500601,0.368054039,ARN7OQ21187FB5A6B3,0.0,0,0.0,Furry Lewis,0.0,country blues,0.971619176,541577,0,0.0,0.0,0.376,0.44433,0.247,0.04142,234.78812,0.328,0.494489518,SOQKKCG12AB017D5C4,10.0,0.074,-8.032,0,0.366,234.788,0.247,0.04142,146.569,4.0,0.449,0,2003,furry lewis,0
0.688003349,0.469340374,ARSL3N21187B98DFC5,0.0,0,0.0,Klaus Badelt,0.0,chill-out,0.863630088,109107,0,0.0,3.0,0.737,0.30812,0.737,0.30812,116.1922,0.107,0.304169503,SOVMXIC12A8C13CC28,7.0,0.038,-27.369,0,0.431,102.777,0.0,0.30812,56.306,1.0,0.0,0,2007,klaus badelt,0
0.744007915,0.520049688,ARL635X1187B990092,0.0,0,0.0,Charlotte Gainsbourg,0.0,pop,1.0,42180,0,0.0,1.0,0.025,0.81169,0.443,0.312,189.70077,0.0,0.819642711,SOFYIQI12A6D4F8D85,6.0,0.438,-12.1,1,0.511,177.046,0.864,0.06216,119.683,3.0,1.0,0,2006,charlotte gainsbourg,0
0.872536599,0.610731463,AR12F2S1187FB56EEF,0.0,0,0.0,Aerosmith,0.0,blues-rock,0.898816207,284052,0,0.0,1.0,0.188,0.4378,0.188,0.4378,425.03791,0.0,-1.0,SOOJFKG12A8C1334E6,5.0,0.101,-10.943,1,0.525,409.681,0.296,0.15862,108.662,1.0,0.0,0,1974,aerosmith,0
0.619747147,0.40738683,ARC5Q0L1187B98D463,0.0,0,0.0,Enter the Haggis,0.0,celtic rock,0.960174663,699416,0,0.0,1.0,0.015,1.78288,0.721,0.3839,399.882,3.663,0.459127718,SOCWUXY12A58A7F1E8,3.0,1.0,-10.648,1,0.548,394.043,0.089,0.3839,85.399,4.0,0.43,0,1999,enter the haggis,0
0.692655873,0.434346306,ARFH6FT1187FB5BF47,39.49974,0,-111.54732,T.O.K.,0.0,dancehall,0.992621145,188177,0,0.0,0.0,0.104,0.03771,0.645,0.03771,190.71955,0.0,-1.0,SOSCMUV12A8AE49448,1.0,0.465,-5.977,1,0.513,187.431,0.472,0.03771,126.682,3.0,0.655,0,2006,t.o.k.,0
0.398366354,0.390434973,ARN9GBH1187FB3FEF9,-22.97673,0,-43.19508,Leo Gandelman,0.0,brazilian jazz,0.909311689,495796,0,0.0,0.0,0.082,0.41834,0.955,0.03907,222.98077,0.188,-1.0,SOTALBJ12AB017D609,5.0,0.524,-13.812,0,0.471,206.292,0.725,0.03907,157.95,4.0,0.454,0,2007,leo gandelman,0
0.552719818,0.371711094,AR25WM21187FB461B3,0.0,0,0.0,Francis Lai,0.0,space age pop,0.914735382,422119,0,0.0,1.0,0.331,0.78281,0.695,0.10925,123.24526,0.203,0.0,SOQVJZI12AB018520D,7.0,0.459,-9.853,0,0.672,119.176,0.78,0.10925,88.967,3.0,0.847,0,2003,francis lai,0
0.732660312,0.458439468,ARV4KO21187FB38008,37.80506,0,-122.27302,Del Tha Funkee Homosapien,0.0,hip hop,1.0,9066,0,0.0,0.0,0.054,1.79859,0.0,0.61281,257.69751,0.305,0.758973794,SOQMWJG12A6701E1AC,2.0,0.017,-9.495,1,0.355,244.849,0.245,0.16899,99.566,4.0,0.882,0,1991,del tha funkee homosapien,0
0.153605548,0.60725728,AR03BDP1187FB5B324,34.05349,0,-118.24532,Britney Spears feat. Pharrell Williams,0.0,dance pop,1.0,300483,0,0.0,6.0,0.05,0.36991,1.0,0.36991,225.48853,0.345,0.563246899,SOLQLGL12A8C138380,6.0,0.835,-4.947,0,0.77,221.931,1.0,0.08698,106.919,4.0,1.0,0,2001,britney spears feat. pharrell williams,0
0.947327507,0.631289508,AR03BDP1187FB5B324,34.05349,0,-118.24532,Britney Spears,0.0,dance pop,1.0,303090,0,0.0,6.0,0.462,0.75885,0.478,0.75885,206.81098,2.926,-1.0,SOFIFUK12A8C1393F8,0.0,0.452,-3.738,0,0.522,194.769,0.085,0.75885,85.331,3.0,0.0,0,2003,britney spears,0
0.821718693,0.69616111,ARZWK2R1187B98F09F,0.0,0,0.0,Rise Against,0.0,hardcore punk,0.947856132,9844,0,0.0,1.0,0.259,0.9466,0.862,0.03838,139.17995,0.351,-1.0,SOZVTQM12CF5F88285,10.0,0.505,-3.619,0,0.555,131.326,0.261,0.03838,132.045,3.0,0.426,0,2004,rise against,0
0.632008013,0.144684661,AR0BV7E1187FB386C1,0.0,0,0.0,Lee Ritenour / Jeff Mironov,0.0,instrumental pop,1.0,55201,0,0.0,0.0,0.247,0.89666,1.0,0.14842,307.04281,0.302,0.652518217,SOTOPUU12A6D4FAA58,0.0,0.0,-17.337,1,0.111,294.371,0.342,0.14842,157.582,4.0,0.209,0,1976,lee ritenour / jeff mironov,0
0.776598968,0.490079584,AR0IVSA1187FB4F069,40.71455,0,-74.00712,Helmet,0.0,rapcore,0.947907239,177430,0,0.0,1.0,0.009,0.92679,0.768,0.63298,200.75057,0.519,0.590951394,SOCHGAQ12AF72A2EF9,7.0,0.751,-11.448,1,0.643,191.025,0.597,0.48533,202.829,4.0,1.0,0,1995,helmet,0
0.712662163,0.430697046,ARCF06I1187B995398,0.0,0,0.0,K-OS,0.0,trip hop,0.914245313,148683,0,0.0,2.0,0.005,0.37317,0.721,0.37317,80.53506,0.0,0.620923593,SOUFKMA12AF72A3117,5.0,0.432,-6.855,1,0.507,75.9,0.489,0.08816,104.783,4.0,1.0,0,2004,k-os,0
0.543393231,0.338575027,ARTXS851187FB411C7,0.0,0,0.0,Chris Farlowe,0.0,blue-eyed soul,0.914413912,781922,0,0.0,1.0,0.543,0.26657,0.543,0.26657,177.57995,0.346,-1.0,SOGXWRE12AC468BE24,7.0,0.345,-11.027,0,0.59,175.078,0.213,0.05428,146.913,1.0,0.0,0,1966,chris farlowe,0
0.897178039,0.438234414,ARBXIDR1187B9AB77E,0.0,0,0.0,Avril,0.0,trip hop,0.916080634,279570,0,0.0,1.0,0.479,0.94818,0.662,0.24273,651.59791,0.131,-1.0,SOMSKPE12A6D4FA09D,4.0,0.354,-10.718,0,0.427,606.064,0.129,0.24273,86.589,4.0,0.961,0,2000,avril,0
0.699924765,0.449668691,ARJFOC01187FB413A5,33.59233,0,-101.85587,Delbert McClinton,0.0,blues-rock,1.0,440144,0,0.0,0.0,0.099,0.22792,0.891,0.22792,114.31138,0.142,-1.0,SOIMSZI12AB0182252,4.0,0.47,-10.261,1,0.305,107.735,0.489,0.09292,221.858,4.0,0.0,0,2000,delbert mcclinton,0
0.491835959,0.389414014,AR0WV4Y1187B99B806,7.95501,0,-1.03182,Rhian Benson,0.0,broken beat,0.918151245,1620,0,0.0,0.0,1.0,0.51739,1.0,0.51739,207.46404,0.345,0.576399981,SONLKRD12A6D4F7DB0,3.0,0.495,-4.573,1,0.466,198.374,0.73,0.26067,117.973,1.0,0.0,0,2004,rhian benson,0
0.633220624,0.410247408,ARCT5P61187FB3D950,0.0,0,0.0,The Impressions,0.0,chicago soul,1.0,34608,0,0.0,1.0,0.927,0.43013,0.927,0.43013,168.01914,0.079,-1.0,SORNHUW12A6D4F9006,6.0,0.412,-11.803,1,0.56,158.174,0.603,0.13813,103.088,1.0,0.0,0,1968,the impressions,0
0.654860822,0.45146606,ARB336A1187B9A4583,42.25147,0,-83.18186,MC5,0.0,garage rock,0.964541714,13139,0,0.0,1.0,0.368,0.86784,0.546,0.11347,307.722,0.13,0.675696807,SOPMKMD12A67020BD9,0.0,0.353,-8.392,1,0.44,298.969,0.0,0.11347,75.706,4.0,0.689,0,1971,mc5,0
0.488206851,0.271250596,ARYB42B1187FB37B01,0.0,0,0.0,Les Malpolis,0.0,chanson,1.0,449692,0,0.0,1.0,0.113,1.12372,0.74,0.08632,246.69995,0.229,-1.0,SOJWNDG12AB018235E,7.0,0.721,-9.76,1,0.728,240.878,0.473,0.08632,172.061,7.0,0.611,0,1998,les malpolis,0
0.515033584,0.372356588,ARW9DSD1187B9A0345,0.0,0,0.0,Los Chunguitos,0.0,flamenco,1.0,284788,0,0.0,0.0,0.311,0.45442,0.102,0.07578,164.12689,0.0,-1.0,SOFRDJX12A8C130B2F,10.0,0.384,-8.07,0,0.446,156.462,0.678,0.07578,158.479,4.0,1.0,0,2000,los chunguitos,0
0.796419553,0.574497026,AR3MSAN1187B98F06B,33.74831,0,-84.39111,OutKast,0.0,dirty south rap,0.946580686,293650,0,0.0,2.0,0.068,1.53404,0.847,0.32863,323.10812,0.0,-1.0,SOZCATU12A58A7BD8D,7.0,0.371,-4.018,1,0.554,312.123,1.0,0.0284,100.026,4.0,1.0,0,2003,outkast,0
0.590792957,0.394884438,ARSRFOY1187B9917DA,41.88415,0,-87.63241,Otis Taylor,0.0,country blues,0.968420299,254710,0,0.0,0.0,0.0,0.0774,0.0,0.0774,107.83302,0.833,0.592333567,SOVNVPF12A8C13AD4A,4.0,0.805,-6.028,1,0.666,102.464,0.281,0.0774,217.289,1.0,0.0,0,2001,otis taylor,0
0.68508049,0.460703675,ARGS67J1187FB3FC1A,37.27188,0,-119.27023,Righteous Brothers,0.0,blue-eyed soul,1.0,30893,0,0.0,0.0,0.249,2.42002,0.56,0.71082,190.14485,0.21,-1.0,SOYVTIL12A6D4F6BD4,0.0,0.89,-10.288,1,0.734,180.773,0.479,0.2965,72.656,3.0,0.602,0,1965,righteous brothers,0
0.562597242,0.408955833,AROSGVP1187B9B011F,53.41961,0,-8.24055,The Clancy Brothers,0.0,irish folk,0.987239511,284542,0,0.0,0.0,0.412,2.17765,0.412,2.17765,113.78893,2.276,0.476248227,SOZFWDC12A8C13317B,0.0,0.791,-13.289,1,0.689,109.552,0.107,1.9087,105.852,1.0,0.088,0,1993,the clancy brothers,0
0.383073612,0.0,AR22KZ51187B9A0A31,0.0,0,0.0,Five Fingers of Funk,0.0,funk metal,0.966388698,230859,0,0.0,0.0,0.0,0.0,0.0,0.0,1400.37179,0.146,0.0,SOHODRU12A81C230CE,0.0,0.124,-8.792,1,0.256,1389.25,0.0,0.0,0.0,0.0,0.0,0,1998,five fingers of funk,0
0.45660506,0.360744984,ARDXWVZ1187B9B52F1,40.71455,0,-74.00712,Michael Whalen,0.0,meditation,0.894371692,650737,0,0.0,0.0,0.005,0.90149,0.732,0.35222,317.70077,8.963,0.0,SOAULBO12A58A7A2F8,10.0,0.33,-15.968,1,0.539,313.481,0.652,0.07827,110.1,4.0,1.0,0,2004,michael whalen,0
0.53813774,0.400387757,ARNTTHK1187B98FF64,0.0,0,0.0,Andy & Lucas,0.0,flamenco,1.0,429824,0,0.0,0.0,0.021,0.9269,0.393,0.13546,234.63138,0.212,0.265861049,SOQGJZV12A8C144767,9.0,0.593,-5.343,1,0.644,222.952,0.576,0.13546,147.886,4.0,0.761,0,2008,andy & lucas,0
0.624274356,0.418741085,ARKWT6J1187B98ED50,0.0,0,0.0,MA3veis Coloniais de Acaju,0.0,samba,0.923553565,240938,0,0.0,0.0,0.23,0.95293,0.677,0.60345,320.05179,0.0,0.619916274,SOGRIWH12A8C1318AD,2.0,0.544,-5.647,1,0.475,316.668,0.44,0.42652,173.652,4.0,0.24,0,2005,ma3veis coloniais de acaju,0
0.582460567,0.38479891,ARQXAUH1187B9BA010,33.90698,0,-88.95535,Glen Campbell And Bobbie Gentry,0.0,country blues,0.975475975,60339,0,0.0,1.0,0.099,0.66335,0.569,0.07113,183.11791,0.125,0.555016409,SOSXYJQ12A6D4FB699,7.0,0.59,-13.881,1,0.627,176.448,0.044,0.07113,101.577,4.0,0.0,0,1968,glen campbell and bobbie gentry,0
0.735370102,0.61999595,ARO4WQR1187B9B9825,0.0,0,0.0,Kenny Rogers,0.0,country rock,1.0,32217,0,0.0,2.0,0.093,0.94652,0.822,0.58425,188.96934,0.0,0.345802234,SOAXMZC12A6D4F67A6,0.0,1.0,-12.193,1,0.942,171.508,0.823,0.40536,174.785,4.0,0.092,0,1977,kenny rogers,0
0.561464646,0.423527585,ARNITNO1187FB555D3,22.81751,0,-82.7603,Arturo Sandoval,0.0,latin jazz,1.0,282491,0,0.0,0.0,0.0,0.18748,0.0,0.18748,266.60526,4.795,0.471971172,SOAFFAD12A8C130310,0.0,0.397,-14.818,0,0.618,258.67,0.0,0.18748,61.018,1.0,0.273,0,2003,arturo sandoval,0
0.508421718,0.33581192,AR5T4YC1187FB5915E,0.0,0,0.0,Darwin's Waiting Room,0.0,nu metal,0.920952003,22404,0,0.0,0.0,0.016,0.35693,0.726,0.35693,197.51138,0.469,0.617365618,SOJDYWJ12A6D4F3E34,6.0,0.064,-5.173,1,0.31,197.511,0.386,0.05904,101.923,4.0,0.84,0,2001,darwin's waiting room,0
0.491123993,0.42027433,ARPUTNP1187B9AA71B,0.0,0,0.0,AndrA(c) Minvielle,0.0,jazz,1.0,373288,0,0.0,0.0,0.858,0.88643,0.801,0.40932,295.96689,0.0,0.212045406,SOFCBVB12A8C143EC8,7.0,0.529,-7.632,1,0.556,286.691,0.846,0.40932,125.47,4.0,0.924,0,2007,andra(c) minvielle,0
0.640695921,0.449602656,ARKQ9JM1187FB57521,0.0,0,0.0,A.Z.,0.0,gangster rap,1.0,27867,0,0.0,0.0,0.187,0.81422,0.914,0.14061,203.10159,0.189,-1.0,SONRUXD12A6D4F4A5E,11.0,0.072,-12.042,1,0.333,193.585,0.331,0.14061,88.064,4.0,1.0,0,1995,a.z.,0
0.632008013,0.144684661,AR0BV7E1187FB386C1,0.0,0,0.0,Lee Ritenour,0.0,instrumental pop,1.0,319809,0,0.0,0.0,0.357,1.21071,0.518,0.31033,444.81261,6.194,-1.0,SOBQWPU12A8C144A5E,5.0,0.39,-8.424,0,0.465,433.824,0.305,0.08684,128.972,4.0,0.165,0,1977,lee ritenour,0
0.501785968,0.382426584,ARGR98V1187FB3A1B9,0.0,0,0.0,Andreas Dorau,0.0,tech house,0.943419852,108528,0,0.0,0.0,0.832,0.17202,1.0,0.17202,395.17995,0.137,-1.0,SOCAWJO12A8C13C811,10.0,0.134,-8.586,1,0.484,388.714,0.862,0.17202,124.988,4.0,1.0,0,1997,andreas dorau,0
0.739099282,0.471126715,ARKLA8V1187B999B68,0.0,0,0.0,Baroness,0.0,sludge metal,1.0,223562,0,0.0,1.0,0.135,1.87732,0.156,0.59649,354.79465,13.903,0.650808775,SOYVTPT12A8C13FBD4,3.0,0.832,-9.213,1,0.617,345.536,0.532,0.27535,98.763,4.0,0.58,0,2007,baroness,0
0.641354081,0.384230563,ARMG34A1187FB548A8,30.08374,0,31.25536,Thomas Dolby,0.0,pop rock,0.94013854,988,0,0.0,1.0,0.076,0.82902,0.192,0.37698,309.57669,3.065,-1.0,SOPTTOX12A6310E279,1.0,0.579,-8.907,0,0.429,296.118,0.089,0.1475,130.017,4.0,0.573,0,1982,thomas dolby,0
0.704244766,0.497568734,ARRWAD71187FB3FE44,40.71455,0,-74.00712,Martha Wainwright,0.0,folk-pop,1.0,324882,0,0.0,1.0,0.012,1.11623,0.621,0.09078,209.60608,0.082,-1.0,SOIWWJW12AB017C41E,9.0,0.651,-13.551,1,0.604,197.364,0.313,0.09078,117.316,4.0,0.284,0,2008,martha wainwright,0
0.561589946,0.420570307,AR2PT4M1187FB55B1A,0.0,0,0.0,Los Chichos,0.0,flamenco,1.0,221690,0,0.0,0.0,0.126,0.59954,0.872,0.15486,221.23057,0.0,-1.0,SOCXDDP12A8C141B23,2.0,0.288,-9.013,1,0.352,208.225,0.43,0.15486,133.324,4.0,0.493,0,1982,los chichos,0
0.780866546,0.460456543,ARML7XL1187FB43F59,0.0,0,0.0,Boondox,0.0,rap rock,1.0,822062,0,0.0,0.0,0.013,1.36051,0.0,1.06325,260.10077,0.0,0.467365631,SODAYSL12AB018FFFA,2.0,0.516,-5.852,0,0.599,260.101,0.092,1.06325,200.004,4.0,0.447,0,2010,boondox,0
0.580481348,0.412610819,ARYVLXY1187FB373B0,50.82056,0,4.37967,Maurane,0.0,chanson,1.0,150802,0,0.0,0.0,0.518,1.6095,0.861,0.92674,263.67955,0.67,0.323112121,SOULRCV12A8C137BEC,10.0,0.16,-15.406,0,0.421,257.109,0.081,0.58789,89.394,4.0,0.887,0,1995,maurane,0
0.872536599,0.610731463,AR12F2S1187FB56EEF,0.0,0,0.0,Aerosmith,0.0,blues-rock,0.898816207,419069,0,0.0,1.0,0.83,0.44711,0.83,0.44711,335.33342,0.0,0.415049772,SOGVJTG12A6701E991,2.0,0.458,-5.763,1,0.642,335.333,0.6,0.44711,76.096,1.0,0.283,0,1987,aerosmith,0
0.587466437,0.485198263,AR12EOE1187FB3AE26,0.0,0,0.0,The Pineapple Thief,0.0,neo-progressive,0.999599959,759814,0,0.0,0.0,0.004,0.80386,0.539,0.33728,356.54485,0.166,0.0,SOFTQOA12A8C141EF8,2.0,0.0,-10.06,1,0.0,348.775,0.314,0.18124,129.277,4.0,0.0,0,2006,the pineapple thief,0
0.597220853,0.41160858,ARASJQK1187FB5B9D1,35.61301,0,-90.33078,Buddy Jewell,0.0,bluegrass,1.0,287381,0,0.0,0.0,0.035,0.2554,0.73,0.2554,212.89751,0.305,0.79080308,SOFRWMT12A8C13604E,2.0,0.58,-6.986,1,0.658,200.133,0.0,0.0518,147.928,4.0,0.27,0,2003,buddy jewell,0
0.662250484,0.410053623,ARNZPLV1187FB3DF5D,0.0,0,0.0,Capleton,0.0,dancehall,0.946977244,408971,0,0.0,1.0,0.175,1.75546,0.105,0.35048,233.63873,0.0,-1.0,SOCARBC12A58A7BEA3,0.0,0.649,-5.404,1,0.555,224.67,1.0,0.03805,127.876,5.0,1.0,0,2005,capleton,0
0.632784245,0.320059113,ARBTNN91187B9ADD5D,0.0,0,0.0,The Last,0.0,garage rock,0.986570426,515096,0,0.0,0.0,0.976,0.08586,0.976,0.08586,159.05914,3.796,0.345802234,SOWGPEW12AB0182FEF,2.0,0.455,-8.383,1,0.292,147.847,0.263,0.08586,162.954,1.0,0.0,0,1979,the last,0
0.561976087,0.364776171,ARR8B8W1187B9AE0B4,0.0,0,0.0,House Of Lords,0.0,tech house,0.896714845,197174,0,0.0,0.0,0.088,1.10078,1.0,0.15913,232.75057,0.131,0.599660358,SOSBUAO12A8C132DE4,0.0,0.687,-4.045,0,0.643,227.701,1.0,0.15913,127.974,3.0,0.461,0,2006,house of lords,0
0.68320604,0.484876719,ARCLFWR1187B9AE7B2,0.0,0,0.0,Fun Lovin' Criminals,0.0,blues-rock,0.907279126,809,0,0.0,1.0,0.02,1.21259,1.0,1.21259,205.66159,0.734,0.232940848,SOVMKKT12A58A7F0CC,2.0,0.021,-7.119,1,0.38,189.266,0.682,0.89518,94.082,4.0,0.954,0,1998,fun lovin' criminals,0
0.804523521,0.586433379,AR6892W1187B9AC71B,0.0,0,0.0,Placebo,0.0,british pop,0.999766449,577389,0,0.0,3.0,0.474,1.14919,0.0,0.14705,180.13995,2.606,0.716114472,SODEQMC12AB018807F,10.0,0.161,-4.422,1,0.32,175.514,0.622,0.14705,121.354,3.0,0.607,0,2009,placebo,0
0.601245988,0.461026521,AR2S4CA1187B99632E,0.0,0,0.0,FFH,0.0,ccm,1.0,505846,0,0.0,0.0,0.07,1.10124,1.0,0.36563,264.07138,0.334,0.265861049,SOCMKXW12AB0187C9C,2.0,0.134,-5.202,1,0.298,245.354,0.682,0.18097,162.002,4.0,0.794,0,2005,ffh,0
0.561131213,0.554291489,AR06EB01187FB40150,0.0,0,0.0,NOFX,0.0,punk,1.0,205383,0,0.0,3.0,0.984,0.18458,0.984,0.18458,143.64689,0.171,0.652878393,SORSFTZ12A8C1391C5,7.0,0.527,-11.661,1,0.659,136.638,1.0,0.18458,156.079,1.0,0.0,0,1994,nofx,0
0.687023631,0.475085634,ARO3SS31187FB3729C,0.0,0,0.0,GWAR,0.0,comedy rock,0.932965478,559863,0,0.0,0.0,0.027,0.36173,0.885,0.36173,189.57016,0.496,0.474054831,SOCAEYG12AB01849C0,1.0,0.431,-3.492,1,0.322,189.57,1.0,0.17948,169.237,4.0,0.0,0,1997,gwar,0
0.782984211,0.675117719,AR190KO1187B9905EC,34.05349,0,-118.24532,Sick Puppies,0.0,post-grunge,0.896629068,497107,0,0.0,1.0,0.042,0.8041,0.913,0.23013,212.92363,0.27,0.671756386,SOWMQTJ12AB0184323,2.0,0.552,-5.429,1,0.514,203.395,0.655,0.08646,209.739,4.0,0.486,0,2009,sick puppies,0
0.501785968,0.382426584,ARGR98V1187FB3A1B9,0.0,0,0.0,Andreas Dorau,0.0,tech house,0.943419852,108341,0,0.0,0.0,0.046,0.72336,1.0,0.23695,231.10485,0.171,-1.0,SOKLSGP12A8C13A2FD,11.0,0.141,-10.201,0,0.19,225.93,0.319,0.23695,124.976,4.0,1.0,0,1994,andreas dorau,0
0.490688788,0.326430853,ARQGNEN1187FB4494C,0.0,0,0.0,Gabinete Caligari,0.0,pop rock,0.990736498,500871,0,0.0,0.0,0.03,0.76928,1.0,0.2766,169.69098,0.23,-1.0,SONOXGB12A81C218C8,4.0,0.382,-4.199,0,0.392,162.226,0.56,0.2766,122.22,4.0,1.0,0,1991,gabinete caligari,0
0.611381595,0.445321878,ARSZIBW1187B994053,0.0,0,0.0,James Newton Howard,0.0,instrumental pop,0.957240203,778010,0,0.0,1.0,0.748,0.27599,0.748,0.27599,110.52363,0.0,-1.0,SOCUGVI12AC468B002,9.0,0.359,-9.516,0,0.47,110.524,0.0,0.27599,84.969,1.0,0.0,0,2010,james newton howard,0
0.518337026,0.335335108,AR26XQ61187FB36CF3,0.0,0,0.0,Geggy Tah,0.0,post-grunge,1.0,218944,0,0.0,0.0,0.47,0.62375,0.445,0.16362,165.40689,6.751,0.375984302,SODGSCA12A8C13F157,0.0,0.079,-12.987,1,0.286,156.723,0.009,0.16362,147.508,4.0,0.518,0,1996,geggy tah,0
0.448025346,0.393622172,AR7CCS31187B98C531,0.0,0,0.0,Tom Barabas,0.0,meditation,0.954042931,503547,0,0.0,0.0,0.128,1.15109,0.827,0.24993,743.36608,0.425,0.265861049,SOAKCYS12AB01852C7,9.0,0.659,-16.389,0,0.648,724.677,0.705,0.24993,134.491,3.0,0.735,0,1992,tom barabas,0
0.774037142,0.521726648,ARL3VGT1187FB40E8E,-34.60852,0,-58.37354,Los Fabulosos Cadillacs,0.0,ska,1.0,512226,0,0.0,1.0,0.15,1.36533,1.0,0.32625,171.10159,0.0,0.43483809,SODZMUH12AB01838CD,0.0,0.594,-6.176,1,0.547,167.729,1.0,0.06519,115.737,5.0,1.0,0,1989,los fabulosos cadillacs,0
0.658731278,0.410541103,AR88F5X1187FB3EA17,36.16778,0,-86.77836,Loretta Lynn,0.0,honky tonk,1.0,363752,0,0.0,2.0,0.871,0.73257,0.871,0.73257,195.3171,0.293,-1.0,SOWESWN12AB01899E1,3.0,0.566,-13.141,1,0.581,189.219,0.737,0.37997,93.312,1.0,0.0,0,1994,loretta lynn,0
0.510993042,0.379222861,ARKQN8X1187B99221C,40.73197,0,-74.17418,Joe Rogan,0.0,comedy,0.82150099,8759,0,0.0,0.0,0.098,2.56059,0.329,0.05723,217.10322,0.0,0.299877488,SOGTROT12A67020FF3,4.0,0.726,-14.031,1,0.576,210.321,0.742,0.05723,105.006,5.0,0.779,0,2000,joe rogan,0
0.772172543,0.487406995,AR6G6G01187B9B1637,0.0,0,0.0,Unearth,0.0,post-hardcore,1.0,709438,0,0.0,0.0,0.034,1.0334,0.697,0.26459,222.27546,0.0,0.556160464,SOIXLJG12AB018508A,11.0,0.771,-6.338,0,0.833,222.275,0.413,0.26459,160.783,4.0,0.537,0,2001,unearth,0
0.780264381,0.570106512,ARAZCWP129462A97F1,0.0,0,0.0,Bob Marley,0.0,reggae,1.0,114412,0,0.0,1.0,0.013,1.71405,0.589,1.37573,177.71057,1.137,0.597126352,SOLOYFG12A8C133391,1.0,0.714,-15.015,1,0.708,169.599,0.347,1.20449,180.876,4.0,0.893,0,1999,bob marley,0
0.502389764,0.342652377,ARJXZX41187B9B6A43,0.0,0,0.0,Dream Warriors,0.0,jazz rap,0.915585974,28491,0,0.0,1.0,0.253,0.67222,0.496,0.23918,262.19057,0.233,0.212045406,SOLPJQA12A6D4F87A0,3.0,0.442,-6.453,0,0.664,245.319,0.566,0.23918,144.067,4.0,0.9,0,1996,dream warriors,0
0.852699664,0.661349364,AR4EQ231187B99368F,39.74001,0,-104.99226,The Fray,0.0,piano rock,0.899445568,437395,0,0.0,1.0,0.223,1.2394,0.726,0.26189,231.07873,0.428,0.798409825,SOIEAJT12A8AE458EC,5.0,0.048,-8.096,0,0.296,219.254,0.633,0.26189,124.534,3.0,1.0,0,2002,the fray,0
0.544979448,0.366713432,AR4EVIX1187B993DE9,0.0,0,0.0,Alceu ValenASSa,0.0,brazilian pop music,1.0,35149,0,0.0,0.0,0.11,0.34756,0.184,0.34756,205.87057,0.168,0.479116089,SODTDTD12A6D4F7D7B,2.0,1.0,-9.813,1,0.617,196.487,0.648,0.07061,144.162,3.0,0.678,0,1992,alceu valenassa,0
0.722105298,0.480724781,AR02IU11187FB513F2,0.0,0,0.0,Tito Puente,0.0,salsa,1.0,585414,0,0.0,2.0,0.789,0.31712,0.789,0.31712,178.46812,0.583,-1.0,SOMTCUG12AB018D478,11.0,0.397,-13.805,0,0.41,170.44,0.511,0.15145,179.587,1.0,0.0,0,1993,tito puente,0
0.540279892,0.342192311,ARXLX5L1187FB47BED,0.0,0,0.0,Crazy Horse,0.0,country rock,0.864547649,562662,0,0.0,0.0,0.072,1.36128,1.0,0.21787,191.65995,0.409,0.0,SOZRSKM12AB01881E6,2.0,0.285,-10.247,0,0.407,180.709,0.717,0.21787,106.854,3.0,1.0,0,2006,crazy horse,0
0.60383917,0.395791274,ARDY3451187B9A0226,38.68193,0,-84.59431,Skeeter Davis,0.0,country rock,0.978369095,331317,0,0.0,0.0,0.127,0.35189,0.361,0.35189,160.7571,0.112,0.257854964,SOZBWGI12AB017D445,2.0,1.0,-13.321,1,0.829,152.265,0.896,0.15408,148.653,4.0,0.0,0,1963,skeeter davis,0
0.646851194,0.406092677,AR4BSBD1187B9ACD3A,0.0,0,0.0,One Block Radius,0.0,pop rap,0.943578166,326331,0,0.0,0.0,0.007,0.4599,0.705,0.4599,236.72118,0.0,-1.0,SOOXCKQ12AB0184FBC,4.0,0.509,-2.45,0,0.261,226.679,1.0,0.21414,124.022,4.0,1.0,0,2008,one block radius,0
0.691973119,0.396619566,ARCYE581187B9A1482,0.0,0,0.0,Timo Maas,0.0,progressive house,0.982258708,152889,0,0.0,1.0,0.292,0.27176,0.292,0.27176,417.56689,3.477,0.358083043,SOOWPWH12A8C13649B,4.0,0.316,-8.92,0,0.401,374.596,1.0,0.04286,87.995,1.0,0.974,0,2001,timo maas,0
0.628489971,0.488019842,ARPQ4Z01187FB3A736,0.0,0,0.0,Butthole Surfers,0.0,noise rock,1.0,599035,0,0.0,1.0,0.184,1.80888,0.601,0.27553,512.1824,0.194,0.539410832,SOFVPZU12AF729CC83,9.0,0.845,-3.237,1,0.514,500.733,0.464,0.27553,79.709,4.0,0.0,0,1987,butthole surfers,0
0.765141418,0.471493227,ARO5P0H1187FB5BAD7,0.0,0,0.0,Pepper,0.0,reggae,1.0,596461,0,0.0,0.0,0.016,0.24292,0.702,0.24292,108.93016,0.0,0.0,SOIBLAH12AB018B3BA,11.0,0.064,-5.356,0,0.369,108.93,0.662,0.04033,148.712,4.0,0.0,0,2009,pepper,0
0.472247769,0.316724551,ARJ3VRY1187B9A3058,0.0,0,0.0,Memphis La Blusera,0.0,chicago blues,0.927188997,799348,0,0.0,0.0,0.04,0.41853,1.0,0.04313,261.642,0.212,0.212045406,SOVDKIH12AB0187301,1.0,0.424,-7.164,0,0.507,252.825,0.629,0.04313,159.668,4.0,0.0,0,1995,memphis la blusera,0
0.814829656,0.776037656,ARFCUN31187B9AD578,51.50632,0,-0.12714,The Rolling Stones,0.0,blues,0.999983058,350902,0,0.0,4.0,0.22,0.51274,0.664,0.51274,172.72118,0.183,-1.0,SODLKUO12A8C13CA35,4.0,0.494,-7.343,1,0.344,164.148,0.43,0.23481,107.455,3.0,1.0,0,1964,the rolling stones,0
0.563583586,0.388527293,ARTCO131187B9B9ADB,0.0,0,0.0,Bob Carlisle,0.0,ccm,1.0,153344,0,0.0,0.0,0.564,1.7231,0.511,1.14597,331.25832,5.195,0.0,SOIXNYE12A8C1366F2,7.0,0.618,-16.196,1,0.59,307.641,0.312,0.7539,103.634,4.0,0.066,0,1994,bob carlisle,0
0.44276965,0.294986617,ARI648V1187B9B5379,0.0,0,0.0,The Michael Stanley Band,0.0,heartland rock,0.833322838,283635,0,0.0,0.0,0.063,1.47123,0.606,0.32137,232.12363,0.0,-1.0,SOJRGAN12A8C1339B6,9.0,0.664,-15.161,0,0.61,227.846,0.244,0.32137,103.731,4.0,1.0,0,1975,the michael stanley band,0
0.467955066,0.324597715,ARESVFD1187FB522E6,0.0,0,0.0,Rikk Agnew,0.0,alternative rock,0.944580273,720452,0,0.0,1.0,1.0,0.36733,1.0,0.36733,269.40036,0.316,0.464477293,SOOPTTP12A8C134AA6,7.0,0.89,-7.594,1,0.923,255.466,0.454,0.17213,154.286,1.0,0.0,0,1982,rikk agnew,0
0.871010614,0.804830428,ARTH9041187FB43E1F,0.0,0,0.0,Eminem,0.0,hip hop,1.0,15516,0,0.0,2.0,0.274,0.69874,0.707,0.69874,171.72853,0.067,0.661061378,SOXVSTI12A6310ECC7,0.0,0.76,-5.92,1,0.649,167.445,0.622,0.16839,86.007,4.0,1.0,0,2004,eminem,0
0.679793556,0.489458259,AR8CT8U1187FB4D803,52.47859,0,-1.9086,Dexys Midnight Runners,0.0,folk rock,0.946242348,56996,0,0.0,1.0,0.375,2.29989,0.375,2.29989,434.88608,0.0,-1.0,SOQTVUL12A6D4F8F04,7.0,0.437,-8.844,1,0.663,426.516,0.0,1.90201,84.437,1.0,0.0,0,1982,dexys midnight runners,0
0.617421407,0.449253877,AR7GOK91187FB455F5,48.85692,0,2.34121,Jean-Jacques Goldman,0.0,chanson,1.0,553563,0,0.0,1.0,0.062,0.40278,0.079,0.40278,501.05424,0.0,-1.0,SOQTFNY12A8AE47D3F,2.0,0.585,-8.508,1,0.63,501.054,0.001,0.20085,148.642,4.0,0.278,0,1991,jean-jacques goldman,0
0.509512016,0.291183521,ARE815V1187B998A43,40.71455,0,-74.00712,T-la Rock,0.0,hip hop,1.0,582290,0,0.0,0.0,0.536,0.41022,0.53,0.10575,151.61424,0.0,0.427446572,SOGKMGI12AB018B11C,6.0,0.756,-6.265,1,0.478,151.614,0.575,0.10575,197.152,4.0,0.094,0,2001,t-la rock,0
0.543247116,0.362398213,ARA1EK21187B9A2FB7,0.0,0,0.0,Silent Stream Of Godless Elegy,0.0,doom metal,1.0,331266,0,0.0,0.0,0.21,0.61462,0.265,0.33158,50.1024,4.394,0.439202489,SOQJQUF12AB0184B38,3.0,0.248,-16.468,1,0.553,50.102,0.265,0.33158,162.676,7.0,0.265,0,2000,silent stream of godless elegy,0
0.487356791,0.343428378,ARKRRTF1187B9984DA,0.0,0,0.0,Sonora Santanera,0.0,salsa,1.0,522538,0,0.0,0.0,1.0,0.33999,1.0,0.33999,168.46322,0.276,0.48456253,SOHBEDZ12A8C14021D,0.0,0.448,-11.106,1,0.489,164.653,0.817,0.33999,105.459,1.0,0.373,0,2003,sonora santanera,0
0.840963901,0.587869152,ARNDL191187FB51583,0.0,0,0.0,Jimi Hendrix,0.0,blues-rock,0.924265781,669655,0,0.0,3.0,0.082,0.44732,0.57,0.06554,528.14322,0.38,0.626760917,SOIDJZY12A6701DEF7,0.0,0.765,-12.797,1,0.591,514.049,0.57,0.06554,175.663,3.0,0.736,0,1994,jimi hendrix,0
0.572616246,0.415582881,ARV57NY1187FB3C1DC,37.33847,0,-121.88579,Tommy Castro,0.0,electric blues,0.991834277,226889,0,0.0,0.0,0.015,0.71961,1.0,0.21902,240.27383,0.415,0.425124658,SOLHQLA12A58A7653B,0.0,0.059,-9.31,1,0.367,236.495,1.0,0.21902,122.019,4.0,0.265,0,1996,tommy castro,0
0.652367864,0.437964733,ARVEJ9M1187FB4DC44,0.0,0,0.0,Les Ogres De Barback,0.0,chanson,1.0,421963,0,0.0,0.0,0.483,1.40522,0.229,0.60541,287.242,0.0,0.299877488,SOCWHIU12AB01872DA,11.0,0.368,-5.612,0,0.655,272.62,0.494,0.40368,149.591,4.0,0.599,0,2001,les ogres de barback,0
0.588608087,0.373611112,ARZM53A1187B9A1AE7,0.0,0,0.0,Panzer AG,0.0,industrial dance,0.830141137,126115,0,0.0,1.0,0.092,0.93456,0.0,0.43781,305.05751,0.0,0.513517029,SOPHKMV12A6D4F92BC,11.0,0.266,-3.382,0,0.308,305.057,0.401,0.06571,120.042,4.0,1.0,0,2006,panzer ag,0
0.710269167,0.394908897,AR1Y37Q1187B9B66D2,40.71455,0,-74.00712,Suicide,0.0,experimental rock,0.887465255,57035,0,0.0,0.0,0.292,0.46876,0.389,0.46876,323.94404,0.578,0.525497119,SOKLETG12A58A7D0BF,9.0,0.882,-13.753,1,0.675,318.624,0.104,0.23118,130.826,5.0,1.0,0,1999,suicide,0
0.674970293,0.424953084,ARZS5VW1187FB567E8,0.0,0,0.0,William Orbit,0.0,progressive house,0.898751785,1224,0,0.0,1.0,0.013,1.00916,0.795,0.29442,315.01016,0.308,0.48306456,SOCQXMW12A58A7E63F,2.0,0.0,-34.703,0,0.0,293.135,0.101,0.29442,95.869,4.0,0.534,0,1993,william orbit,0
0.673325231,0.537106284,ARGNLJL1187B9AB503,0.0,0,0.0,Point Of Grace,0.0,ccm,1.0,327478,0,0.0,0.0,0.043,0.26913,0.045,0.26913,294.08608,0.0,0.327736683,SOTESSB12AB017F56D,6.0,0.535,-6.477,0,0.647,285.838,1.0,0.26913,125.95,4.0,0.681,0,1998,point of grace,0
0.832011771,0.677482479,ARC8CQZ1187B98DECA,0.0,0,0.0,Jack Johnson,0.0,rock,1.0,785446,0,0.0,2.0,0.055,0.91722,1.0,0.35764,196.20526,0.334,0.918534291,SOGCDYR12AC961854A,2.0,1.0,-7.045,1,0.706,179.664,1.0,0.07644,107.042,4.0,1.0,0,2010,jack johnson,0
0.632008013,0.144684661,AR0BV7E1187FB386C1,0.0,0,0.0,Lee Ritenour,0.0,instrumental pop,1.0,290701,0,0.0,0.0,0.025,1.50744,0.682,0.87174,321.56689,0.0,0.489030797,SOMCQZY12A8C136BBF,6.0,0.355,-11.241,0,0.443,304.408,0.878,0.87174,93.848,4.0,0.563,0,1998,lee ritenour,0
0.522888132,0.30571906,AR1LQNB1187B9A6AE5,0.0,0,0.0,La Portuaria,0.0,disco,0.912036213,177206,0,0.0,0.0,0.002,0.76261,0.927,0.26929,224.91383,0.253,0.349166902,SOMUULD12A6D4FBB30,7.0,0.368,-7.29,1,0.503,217.205,1.0,0.26929,122.026,4.0,1.0,0,2005,la portuaria,0
0.370466464,0.324370661,ARPJNT81187B98AD36,38.25486,0,-85.7664,Sylvester Weaver,0.0,country blues,0.969945851,599190,0,0.0,0.0,0.233,0.19788,0.773,0.19788,181.18485,0.549,-1.0,SOOUQMH12A58A7C633,2.0,0.963,-20.444,1,0.731,175.926,0.215,0.19788,110.691,4.0,0.0,0,1997,sylvester weaver,0
0.778534708,0.490768669,ARDQ62L1187FB56FF0,0.0,0,0.0,Blue October,0.0,post-grunge,0.89815918,428521,0,0.0,0.0,0.209,1.03265,0.522,0.45488,225.67138,0.0,0.799499551,SOHOPAT12A8C1436AC,4.0,0.709,-12.637,1,0.723,211.656,0.548,0.16173,103.647,4.0,0.889,0,2009,blue october,0
0.840963901,0.587869152,ARNDL191187FB51583,0.0,0,0.0,Jimi Hendrix,0.0,blues-rock,0.924265781,763904,0,0.0,3.0,0.395,0.34749,0.395,0.34749,192.23465,0.0,0.839849896,SOJEZUU12AB018B8C5,1.0,0.677,-6.216,1,0.68,187.826,0.643,0.17147,167.263,1.0,0.0,0,1969,jimi hendrix,0
0.691850737,0.467885511,ARFNJ4O1187B9A204B,52.47859,0,-1.9086,Broadcast,0.0,dream pop,0.961938144,533363,0,0.0,1.0,0.742,0.34174,0.742,0.34174,102.94812,0.316,0.545937381,SONJHTY12AB017FCE6,9.0,0.474,-7.42,1,0.512,97.263,0.585,0.15796,161.196,1.0,0.084,0,2003,broadcast,0
0.379218061,0.294789904,ARM8BKO1187FB3AD47,0.0,0,0.0,Carl Crack,0.0,broken beat,0.959721211,505410,0,0.0,0.0,0.595,0.04833,0.595,0.04833,256.70485,0.311,0.0,SOKOPOR12AB0184FED,7.0,0.029,-12.891,1,0.38,246.184,0.66,0.04833,51.265,1.0,0.0,0,1998,carl crack,0
0.655921418,0.578301634,AR9W3X91187FB3994C,0.0,0,0.0,Phil Collins,0.0,soft rock,1.0,653590,0,0.0,2.0,0.01,0.97632,0.728,0.49141,216.92036,0.2,0.549342332,SOFMMKA12A58A7CBF5,0.0,0.512,-8.238,1,0.578,209.572,1.0,0.24835,123.943,4.0,0.656,0,2003,phil collins,0
0.621414328,0.443930193,ARMIMHT1187B98F038,0.0,0,0.0,Teena Marie,0.0,disco,1.0,282364,0,0.0,1.0,0.0,0.77221,0.0,0.77221,78.96771,2.218,-1.0,SOXFAJU12A8C131CEC,10.0,0.791,-21.997,1,0.627,71.21,0.0,0.24858,59.253,1.0,0.0,0,1984,teena marie,0
0.639568998,0.295501622,ARLRHRM11E2835E415,51.26143,0,-1.09712,Mandi,0.0,pop folk,1.0,347757,0,0.0,0.0,0.389,0.09689,1.0,0.09689,200.59383,0.322,0.0,SOESZEO12AB017F908,7.0,0.762,-6.572,1,0.957,194.815,0.943,0.09689,113.063,4.0,0.214,0,1998,mandi,0
0.567510986,0.430897609,ARGY9FW1187B991C7D,0.0,0,0.0,Information Society,0.0,freestyle,0.926334388,260755,0,0.0,2.0,0.088,0.55347,0.931,0.27679,233.42975,0.102,0.427446572,SOYXZAY12A8C1406D1,10.0,0.747,-6.209,0,0.569,225.495,0.39,0.1388,220.031,4.0,1.0,0,2007,information society,0
0.786921231,0.495306693,ARNMWP51187FB3E963,41.88415,0,-87.63241,Curtis Mayfield,0.0,chicago soul,0.948940265,219093,0,0.0,1.0,0.149,1.06658,0.0,0.4159,225.67138,5.526,-1.0,SOXGJST12A8C1406F6,2.0,0.261,-15.314,1,0.311,215.696,0.142,0.08702,94.672,4.0,0.81,0,2006,curtis mayfield,0
0.596189938,0.396521303,ARTF2KG1187B98DDD1,0.0,0,0.0,Gold City,0.0,southern gospel,1.0,262149,0,0.0,0.0,0.113,1.19687,0.601,0.36105,173.66159,0.276,0.0,SOZCYVH12A8C13EB54,10.0,0.77,-10.786,1,0.661,164.281,0.601,0.36105,145.16,3.0,1.0,0,1994,gold city,0
0.839275393,0.550762085,AR6XPWV1187B9ADAEB,0.0,0,0.0,Foo Fighters,0.0,grunge,0.953021558,295350,0,0.0,4.0,0.084,0.47534,0.24,0.47534,253.49179,1.03,0.672554372,SOBKIMB12A8C136DE9,10.0,0.726,-7.986,0,0.383,243.188,0.411,0.19471,101.544,4.0,0.0,0,1995,foo fighters,0
0.843526543,0.750311503,ARUJ5A41187FB3F5F1,0.0,0,0.0,U2,0.0,dance rock,1.0,8539,0,0.0,3.0,0.019,0.32785,0.38,0.32785,451.44771,0.0,-1.0,SOSGXII12A67020363,11.0,0.134,-4.833,0,0.231,444.418,1.0,0.09868,130.013,4.0,0.362,0,2004,u2,0
0.508676201,0.377888131,ARFK98R1187B9B0552,43.64856,0,-79.38533,Pursuit Of Happiness,0.0,power pop,0.999229538,555129,0,0.0,0.0,0.095,0.72356,0.996,0.23632,159.60771,0.403,0.531722098,SOMHQKT12A6D4FAE5D,9.0,0.655,-9.224,1,0.461,153.925,0.65,0.23632,125.1,4.0,0.0,0,1988,pursuit of happiness,0
0.906619152,0.563403566,ARGMGHN1187B9B4213,0.0,0,0.0,Gym Class Heroes,0.0,hip hop,0.999903126,327332,0,0.0,1.0,0.702,0.33239,0.721,0.33239,254.51057,0.125,0.494469709,SOBVXQL12A6D4F7FC0,1.0,0.611,-4.952,1,0.22,241.458,0.502,0.16763,91.97,4.0,1.0,0,2006,gym class heroes,0
0.635606117,0.371777228,AR7V0DI1187FB524DE,0.0,0,0.0,Frankee,0.0,hard trance,0.953406694,559,0,0.0,0.0,0.232,0.72702,0.322,0.72702,149.99465,0.223,0.265861049,SOLPZLH12A6D4F9D12,5.0,0.0,-9.035,1,0.0,147.18,0.215,0.29556,110.768,4.0,1.0,0,2004,frankee,0
0.478770834,0.327875295,ARAFRFP1187FB4230B,0.0,0,0.0,Williamson,0.0,neofolk,0.999990088,98027,0,0.0,0.0,0.027,0.6353,0.756,0.0918,354.06322,0.067,0.403798072,SOANUHW12A8C137587,7.0,0.091,-11.96,1,0.354,336.202,0.136,0.0918,105.982,4.0,0.028,0,2003,williamson,0
0.732603394,0.497050959,ARLR9U31187B9A71AD,42.32807,0,-83.7336,The Stooges,0.0,experimental rock,0.840760794,65428,0,0.0,1.0,0.848,0.47505,0.848,0.47505,328.9073,0.0,-1.0,SODXJGJ12A6D4F9E5D,9.0,0.875,-6.862,1,0.59,324.156,0.633,0.25907,132.595,1.0,0.0,0,1999,the stooges,0
0.545803433,0.336141578,AR22R8A1187FB46B9E,35.67048,0,139.74092,Shanadoo,0.0,europop,0.983018634,125738,0,0.0,0.0,0.133,1.47903,1.0,0.2195,225.20118,0.104,0.499664862,SOQVCQK12A6D4FD32F,10.0,0.489,-3.198,1,0.394,219.649,0.363,0.2195,142.946,5.0,0.612,0,2006,shanadoo,0
0.50087616,0.379228069,AR22KLC1187B98E812,0.0,0,0.0,Kaija Koo,0.0,humppa,0.864721157,217883,0,0.0,1.0,0.009,1.01491,1.0,0.24029,192.26077,2.067,0.288481643,SOLOJYI12A8C13C49E,11.0,0.436,-8.228,0,0.508,188.111,0.935,0.04736,155.049,4.0,0.272,0,1998,kaija koo,0
0.722570574,0.499826314,AR4C6V01187FB3BAF4,39.55792,0,-7.84481,Moonspell,0.0,sympho black metal,0.999765395,734257,0,0.0,1.0,0.749,1.44259,0.0,0.46293,323.7873,14.518,-1.0,SOYGEQE12AF729A51E,2.0,0.697,-6.994,1,0.757,301.552,0.07,0.2177,122.0,4.0,1.0,0,1999,moonspell,0
0.686988955,0.606630152,ARX9YIP1187B98A656,0.0,0,0.0,RUN-DMC,0.0,hip hop,1.0,386879,0,0.0,1.0,0.051,0.91396,0.719,0.28894,446.32771,0.119,-1.0,SOSDYXX12AB017AD6B,2.0,0.022,-5.19,0,0.207,441.347,0.372,0.28894,98.0,4.0,1.0,0,1985,run-dmc,0
0.630928608,0.461558452,AR5MK521187B98E0B8,51.50632,0,-0.12714,Heaven 17,0.0,new romantic,0.832842044,139188,0,0.0,2.0,0.078,0.5879,0.974,0.19126,242.28526,0.16,0.215080319,SOICNXT12A8BEE958B,6.0,0.112,-10.481,0,0.204,230.284,0.609,0.19126,152.02,4.0,0.965,0,1996,heaven 17,0
0.430721866,0.0,ARFK45R1187B989AA7,0.0,0,0.0,Ghorwane,0.0,marrabenta,1.0,23251,0,0.0,0.0,0.044,0.90812,0.479,0.90812,343.40526,0.0,0.0,SOUSNTL12A6D4F7CE9,0.0,0.683,-12.354,1,0.588,321.875,0.094,0.29322,78.666,7.0,0.661,0,1993,ghorwane,0
0.54858513,0.383524247,AR2J2WF1187FB46271,54.48303,0,-3.53444,Francis Dunnery,0.0,singer-songwriter,1.0,19603,0,0.0,0.0,0.032,1.34032,0.953,0.16544,257.20118,0.125,0.254921543,SOHQLJI12A6D4F76F7,7.0,0.388,-7.884,1,0.455,238.904,1.0,0.16544,101.663,4.0,0.846,0,2001,francis dunnery,0
0.826075467,0.599602643,ARLSF8H1187B9A76B0,0.0,0,0.0,Dimmu Borgir,0.0,black metal,1.0,265245,0,0.0,4.0,0.005,1.42077,0.0,0.34149,317.36118,0.0,0.656280958,SOHTGJW12A58A7D7D3,10.0,0.035,-4.061,1,0.162,299.508,0.139,0.20642,112.277,4.0,0.02,0,2007,dimmu borgir,0
0.586154418,0.341259912,AR4IYQR1187B98F8F3,41.88,0,-87.77891,Off Broadway,0.0,power pop,1.0,9038,0,0.0,0.0,0.058,1.25606,1.0,0.23728,244.87138,0.194,0.269341056,SOAKCVK12A67020429,9.0,0.745,-10.815,0,0.567,240.536,0.645,0.23728,120.521,4.0,0.523,0,1979,off broadway,0
0.588571842,0.360644227,AR00MBZ1187B9B5DB1,29.95244,0,-90.05202,Memphis Minnie,0.0,country blues,0.955634406,91300,0,0.0,0.0,0.59,0.09455,0.908,0.09455,156.42077,0.229,-1.0,SOJWZVU12A8C137019,0.0,0.15,-20.174,1,0.309,149.014,0.314,0.09455,136.821,4.0,0.097,0,1997,memphis minnie,0
0.698452539,0.502974636,ARHD3RX1187FB3A7DA,0.0,0,0.0,Steel Pulse,0.0,roots reggae,1.0,213,0,0.0,1.0,0.586,1.66497,0.276,1.66497,237.45261,5.317,0.43965466,SOPBJAX12A6310E86F,10.0,0.542,-13.486,1,0.521,218.506,0.276,1.66497,158.57,4.0,0.733,0,1991,steel pulse,0
0.657578621,0.422364008,AR9VEMN1187FB4D75B,51.50632,0,-0.12714,Caspa,0.0,dubstep,1.0,409257,0,0.0,0.0,0.0,0.6873,0.0,0.6873,371.64363,0.0,-1.0,SOHANRI12AB0186668,1.0,0.649,-8.559,1,0.525,365.772,0.406,0.2511,93.33,1.0,0.504,0,2009,caspa,0
0.590818773,0.420945486,ARRW6DJ1187FB50A67,40.71455,0,-74.00712,Pacha Massive,0.0,trip hop,1.0,619744,0,0.0,0.0,0.001,1.36601,0.867,0.78547,211.17342,0.415,-1.0,SOOGLXF12AF729E2D7,11.0,0.518,-8.328,0,0.577,187.728,0.336,0.49298,102.009,4.0,0.43,0,2009,pacha massive,0
0.552575876,0.522822342,AR58ZXX1187FB572F2,0.0,0,0.0,Kardinal Offishall / Keri Hilson,0.0,dancehall,1.0,504793,0,0.0,1.0,0.127,0.21761,0.15,0.21761,224.28689,0.0,-1.0,SOLFTJF12AB0183000,11.0,0.696,-3.963,0,0.477,224.287,0.517,0.21761,130.136,4.0,0.641,0,2008,kardinal offishall / keri hilson,0
0.257251522,0.138461596,ARO7IJV1187FB5BFAD,0.0,0,0.0,Oesch's die Dritten,0.0,folk,1.0,660019,0,0.0,0.0,0.149,0.9718,0.866,0.32734,209.97179,0.386,0.0,SOQWDSR12AB01850B6,0.0,0.752,-7.094,1,0.804,200.446,0.202,0.32734,93.265,4.0,0.663,0,2007,oesch's die dritten,0
0.570825323,0.403588238,ARZFRQM1187B9A9772,0.0,0,0.0,Vanessa Daou,0.0,chill-out,0.965454927,609053,0,0.0,0.0,0.394,1.21421,1.0,0.24096,167.6273,0.189,0.525497119,SOSFJWB12AB018906D,6.0,0.018,-14.904,0,0.407,156.497,1.0,0.24096,123.094,4.0,0.0,0,1994,vanessa daou,0
0.633932726,0.4165294,ARB4ZRM1187B993147,0.0,0,0.0,Dark Fortress,0.0,sympho black metal,0.944116121,739282,0,0.0,2.0,0.173,1.05552,0.486,0.54688,409.96526,0.49,-1.0,SOUXWAB12A5891DAB9,9.0,0.043,-2.93,1,0.256,391.872,0.373,0.29064,116.49,4.0,0.387,0,2008,dark fortress,0
0.450562133,0.291451821,AR37E341187B989A3E,36.06899,0,-79.7947,Wilshire,0.0,ccm,1.0,290943,0,0.0,0.0,0.453,0.39153,0.0,0.39153,184.37179,2.624,0.495293621,SOGFHXF12A8C136B2A,4.0,0.518,-3.663,0,0.46,169.912,0.409,0.16348,130.12,4.0,0.0,0,2003,wilshire,0
0.488237366,0.367355344,AR2FJV21187B98EBE3,35.83073,0,-85.97874,Legacy Five,0.0,country gospel,1.0,249613,0,0.0,0.0,0.846,1.1942,0.679,0.53121,189.07383,0.148,-1.0,SOUZRAZ12A8C13835F,1.0,0.491,-8.885,1,0.549,178.335,0.695,0.20633,90.033,4.0,1.0,0,2009,legacy five,0
0.847451713,0.779968005,ARPAAHK1187B9ABB00,49.26044,0,-123.11403,Nickelback,0.0,alternative metal,0.999907748,112186,0,0.0,2.0,0.037,1.02043,1.0,0.15832,260.33587,0.352,0.41910578,SOFYSKU12A8C13A72B,5.0,0.103,-3.693,1,0.433,252.819,0.971,0.15832,140.027,4.0,0.852,0,2005,nickelback,0
0.437889503,0.309901683,ARP2TO91187B9913EA,29.95369,0,-90.07771,AngA(c)lica MarAa,0.0,los angeles,1.0,514965,0,0.0,0.0,0.203,2.10522,0.831,0.48067,171.2322,0.16,-1.0,SOCMBTX12AB0181E7E,0.0,0.762,-11.101,1,0.662,168.275,1.0,0.20947,114.045,5.0,0.623,0,1997,anga(c)lica maraa,0
0.564710159,0.415937641,ARYZV2X1187B997BE7,0.0,0,0.0,Chris Standring,0.0,smooth jazz,1.0,819293,0,0.0,1.0,0.095,0.66032,0.833,0.23166,269.322,0.212,0.511424326,SOJGCBK12AB01884D3,0.0,0.673,-9.041,1,0.593,250.363,1.0,0.23166,140.044,4.0,0.445,0,2003,chris standring,0
0.221726078,0.282402199,ARSS1OZ1187FB54440,0.0,0,0.0,Mons Leidvin Takle,0.0,lullaby,1.0,715295,0,0.0,0.0,0.155,5.36757,0.365,1.54237,180.37506,1.52,-1.0,SORRHKT12AB0186469,7.0,0.018,-16.067,1,0.484,173.169,0.476,1.54237,60.509,5.0,0.487,0,2001,mons leidvin takle,0
0.636418948,0.465499679,ARQI60P1187FB464C9,42.98689,0,-81.24621,The Ocean,0.0,sludge metal,0.969700956,780297,0,0.0,0.0,0.046,0.75178,0.207,0.31827,128.83546,0.0,0.62646424,SOHFNIA12AC4689741,5.0,0.611,-8.966,0,0.712,116.599,0.892,0.10205,139.972,4.0,1.0,0,2010,the ocean,0
0.844039532,0.524378988,ARUSOMY1187FB4D3B4,0.0,0,0.0,Anti-Flag,0.0,oi,0.999917452,226814,0,0.0,4.0,0.006,0.74298,1.0,0.25028,184.05832,0.189,0.594362489,SOPRNQZ12A58A7B8E5,1.0,0.44,-6.547,1,0.468,175.676,1.0,0.25028,131.121,4.0,0.0,0,2001,anti-flag,0
0.765357013,0.755149913,ARGVJPK1187B9909EA,0.0,0,0.0,Josh Groban,0.0,pop rock,0.958328388,228741,0,0.0,1.0,0.374,1.04457,0.556,1.04457,282.85342,7.941,0.520526511,SOPMFLZ12A6D4F9D3A,9.0,0.57,-7.341,1,0.575,282.853,0.087,0.80529,125.958,4.0,0.515,0,2008,josh groban,0
0.565089892,0.448593803,AR1DLF21187FB3CBF0,0.0,0,0.0,4Him,0.0,ccm,1.0,536803,0,0.0,0.0,0.358,3.39461,0.618,3.39461,241.97179,3.431,0.488289876,SOIVGLD12AB0183ACA,1.0,0.595,-9.295,1,0.648,227.91,0.547,3.21889,171.329,3.0,0.748,0,1994,4him,0
0.632008013,0.144684661,AR0BV7E1187FB386C1,0.0,0,0.0,Lee Ritenour,0.0,instrumental pop,1.0,111304,0,0.0,0.0,0.044,1.41804,1.0,0.69322,291.83955,0.484,0.38089898,SOLOEUX12A58A7C81F,10.0,0.353,-14.199,1,0.248,274.419,0.72,0.33354,82.733,4.0,0.168,0,1982,lee ritenour,0
0.588769029,0.339404989,ARBBBLV1187FB57B70,0.0,0,0.0,The Fever,0.0,dance-punk,0.971471101,407562,0,0.0,0.0,0.227,0.31903,0.488,0.31903,194.45506,0.0,0.0,SOHQPWP12A58A7986C,7.0,0.133,-4.533,0,0.17,188.082,0.681,0.31903,84.461,4.0,0.365,0,2006,the fever,0
0.730246319,0.520489571,AR2SGQW1187B9B9E7C,0.0,0,0.0,KRS-One,0.0,hip hop,1.0,398420,0,0.0,1.0,0.089,2.23749,0.426,0.04222,187.24526,0.0,0.494489518,SOHCTUT12A6D4FCD56,1.0,0.466,-5.73,1,0.395,187.245,0.975,0.04222,109.072,5.0,1.0,0,2008,krs-one,0
0.7127449,0.47070039,ARP96FM1187B9AEA77,44.97903,0,-93.26493,Semisonic,0.0,post-grunge,1.0,23369,0,0.0,1.0,0.827,1.14385,0.85,0.54534,280.00608,0.148,0.775235363,SOPPBPK12A8C14683C,1.0,0.485,-9.429,1,0.493,265.346,0.736,0.24459,99.059,4.0,0.925,0,1998,semisonic,0
0.620963981,0.413254694,ARLAWDD1187FB48367,0.0,0,0.0,Carlos Vives,0.0,vallenato,1.0,507337,0,0.0,0.0,0.371,1.38721,0.884,0.4689,262.24281,0.218,0.304169503,SOZKQVH12AB01802D8,0.0,0.423,-8.285,1,0.53,255.176,0.517,0.24533,130.513,3.0,0.438,0,2000,carlos vives,0
0.567510986,0.430897609,ARGY9FW1187B991C7D,0.0,0,0.0,Information Society,0.0,freestyle,0.926334388,138445,0,0.0,2.0,0.059,1.5823,0.58,0.57724,211.9571,0.0,0.334706549,SOUXWCM12A8AE47834,1.0,0.418,-11.331,0,0.364,207.853,1.0,0.33306,120.583,4.0,1.0,0,1990,information society,0
0.641172818,0.43676907,ARC0MTS1187FB44C21,50.84838,0,4.34968,Toots Thielemans,0.0,latin jazz,1.0,295173,0,0.0,1.0,0.127,1.64442,0.517,0.65217,109.16526,0.235,0.304169503,SOKIHWH12A8C13AA35,7.0,0.914,-19.736,1,0.772,98.081,0.526,0.31982,63.334,5.0,0.905,0,1998,toots thielemans,0
0.595166585,0.398908898,ARLZN951187FB42E49,47.60356,0,-122.32944,Tad,0.0,grunge,1.0,189503,0,0.0,0.0,0.002,0.63193,0.828,0.25324,215.43138,0.195,0.743943725,SONSFHN12A8C13463E,2.0,0.661,-12.067,1,0.417,212.927,0.4,0.25324,157.532,4.0,0.091,0,1991,tad,0
0.845601887,1.005941966,ARTDQRC1187FB4EFD4,0.0,0,0.0,Black Eyed Peas / Les Nubians / Mos Def,0.0,hip hop,1.0,13919,0,0.0,1.0,0.021,0.36478,0.74,0.36478,235.10159,0.0,-1.0,SOQOXXW12AF729F20B,6.0,0.748,-6.618,1,0.617,211.574,0.567,0.0477,94.993,4.0,0.684,0,2000,black eyed peas / les nubians / mos def,0
0.593119272,0.37300074,ARZHUJU1187FB51176,0.0,0,0.0,Leigh Jones,0.0,neo soul,0.930923704,314435,0,0.0,0.0,0.143,0.82147,0.108,0.47597,279.74485,0.0,0.510018725,SOKRHFH12A8C142167,8.0,0.461,-9.027,0,0.448,272.747,0.108,0.47597,172.35,3.0,0.892,0,2008,leigh jones,0
0.840590438,0.546545162,AR7GUNF1187B990CCF,35.2225,0,-80.83754,Between The Buried And Me,0.0,alternative metal,0.948459133,131598,0,0.0,1.0,0.028,0.79557,0.894,0.2937,133.82485,0.456,0.372530039,SOIKALD12A81C231CB,10.0,0.576,-8.06,0,0.37,133.825,0.532,0.2937,120.663,4.0,1.0,0,2007,between the buried and me,0
0.606885311,0.397594324,ARC6J781187B98F02B,0.0,0,0.0,Tania Maria,0.0,latin jazz,1.0,214125,0,0.0,0.0,0.005,0.69537,0.33,0.69537,267.67628,6.24,0.419674279,SONYHUC12A8C13B90E,5.0,0.583,-10.96,1,0.326,260.946,0.627,0.5185,176.349,4.0,0.236,0,2000,tania maria,0
0.712098902,0.413393911,AROTIMO1187FB532BF,0.0,0,0.0,DJ Quik,0.0,gangster rap,1.0,310652,0,0.0,0.0,0.088,1.63851,0.623,0.50591,247.562,0.188,-1.0,SOCZSYW12AAF3B490E,6.0,0.062,-6.57,0,0.194,243.287,0.638,0.21641,106.435,4.0,0.494,0,2000,dj quik,0
0.651583436,0.405025455,ARWWYK211C8A415AD4,0.0,0,0.0,Micachu,0.0,grime,0.978561249,627408,0,0.0,0.0,0.035,1.05513,0.579,0.54615,166.42567,0.0,0.650014515,SODDIXC12AB0180D2F,2.0,0.32,-8.107,1,0.469,162.058,0.319,0.28976,117.368,4.0,1.0,0,2008,micachu,0
0.768004235,0.560819769,ARHRY5S1187B99B96F,32.61436,0,-86.68073,Static-X,0.0,industrial metal,1.0,622883,0,0.0,2.0,0.727,0.31729,0.727,0.31729,259.63057,4.708,0.360370583,SOAMXYQ12AB017C25E,10.0,0.0,-7.295,0,0.0,257.295,0.095,0.31729,130.098,1.0,0.0,0,1999,static-x,0
0.560578608,0.222794125,ARAZ59E1187B98BF6D,0.0,0,0.0,Webb Wilder,0.0,roots rock,1.0,576048,0,0.0,0.0,0.01,0.6363,0.497,0.12062,277.10649,0.0,0.245284296,SOSCTQW12AB0184E46,5.0,0.565,-7.077,1,0.528,267.703,0.966,0.12062,116.992,4.0,0.0,0,2009,webb wilder,0
0.52607728,0.374560253,AR4MCB01187B98BF5C,0.0,0,0.0,Atman,0.0,downtempo,1.0,553001,0,0.0,0.0,0.115,0.44249,0.115,0.44249,264.25424,0.0,-1.0,SOSXZIN12AB0183785,5.0,0.173,-9.109,0,0.236,255.681,0.714,0.44249,90.055,1.0,0.379,0,2007,atman,0
0.609807806,0.40606255,ARVNK831187FB48831,37.27188,0,-119.27023,Shakedown,0.0,deep house,0.90861493,779118,0,0.0,1.0,0.045,0.98493,1.0,0.49738,437.9424,0.0,-1.0,SOWPLTX12A5891F918,3.0,0.256,-6.042,0,0.138,433.656,1.0,0.25661,123.994,4.0,0.95,0,2001,shakedown,0
0.579396663,0.349314408,ARYC3YP1187FB4C64D,0.0,0,0.0,Leonid Rudenko,0.0,chill-out,0.956321947,366584,0,0.0,0.0,0.004,0.66542,0.991,0.19439,395.28444,0.0,-1.0,SOCNOQB12AB0183A1E,6.0,0.288,-5.299,1,0.437,392.522,0.726,0.19439,127.981,4.0,0.0,0,2006,leonid rudenko,0
0.842431482,0.526458224,ARJV0U41187B9AB715,0.0,0,0.0,All Time Low,0.0,pop punk,1.0,628505,0,0.0,0.0,0.201,1.01572,0.91,1.01572,227.70893,2.519,0.927112122,SOPOPLW12A8C13A905,1.0,0.366,-8.901,1,0.595,223.266,0.306,1.01572,87.953,4.0,0.806,0,2008,all time low,0
0.601891975,0.38065636,AR1JD6E1187FB5696C,53.07516,0,8.80466,James Last,0.0,orchestra,1.0,226418,0,0.0,3.0,0.0,0.25772,0.0,0.25772,227.94404,3.901,0.239629098,SOFEYIV12A6D4FAC9A,0.0,0.708,-10.242,1,0.761,215.754,0.0,0.25772,84.001,1.0,0.979,0,1998,james last,0
0.439634435,0.329543323,ARV4I6F1187FB4D595,0.0,0,0.0,5th Ward Boyz,0.0,hip hop,1.0,347112,0,0.0,0.0,0.003,0.34049,0.343,0.34049,246.07302,0.0,-1.0,SOLDIUL12A58A7BB1A,1.0,0.0,-8.15,0,0.0,238.695,0.48,0.17438,179.831,4.0,0.0,0,1993,5th ward boyz,0
0.543971487,0.358685666,ARWF1KM1187B9908CA,0.0,0,0.0,Spliff,0.0,pop rock,0.976627409,292085,85555,0.0,1.0,0.009,0.38902,0.642,0.38902,225.74975,0.0,0.433861382,SOHWJYQ12A8C13658B,8.0,0.004,-15.893,1,0.181,205.967,0.982,0.38902,110.598,4.0,0.912,0,1988,spliff,85555
0.603882792,0.394282621,ARRZZRW1187B9A06E3,0.0,0,0.0,Rachel Portman,0.0,soft rock,0.920768352,313944,0,0.0,1.0,0.004,0.36522,0.657,0.36522,199.05261,0.241,0.313562114,SOXKUGL12A8C142BB9,4.0,0.665,-22.272,0,0.605,184.366,0.245,0.36522,86.463,4.0,0.334,0,2008,rachel portman,0
0.551311117,0.357663448,ARW3V6T1187B9ACAC4,48.39023,0,-4.48622,Miossec,0.0,chanson,0.978815243,565182,0,0.0,0.0,0.07,0.30891,0.612,0.30891,175.72526,2.432,-1.0,SOYXFNV12AB0182DEA,2.0,0.392,-11.556,0,0.419,164.908,0.221,0.03172,109.847,4.0,0.59,0,2009,miossec,0
0.686811617,0.443875676,AR3TG3X1187FB4D577,52.51607,0,13.37698,Atari Teenage Riot,0.0,breakcore,1.0,505465,0,0.0,3.0,0.129,2.20811,0.568,0.60584,1598.1971,1.03,0.392008772,SOIQQIX12AB018827D,10.0,0.152,-7.638,1,0.0,1588.216,0.063,0.35187,74.384,7.0,0.825,0,2000,atari teenage riot,0
0.864867842,0.766076164,ARKR75V1187FB3D4D5,0.0,0,0.0,My Chemical Romance,0.0,emo,1.0,45717,0,0.0,1.0,0.056,0.49025,0.0,0.05909,184.00608,0.084,0.43483809,SOLEETW12A6D4FB2FE,4.0,0.239,-2.895,0,0.323,175.525,0.553,0.05909,127.15,4.0,0.632,0,2006,my chemical romance,0
0.519000072,0.35303574,ARE2QID1187B98FA19,35.74595,0,-89.53176,Sleepy John Estes,0.0,country blues,0.967611517,176847,0,0.0,0.0,0.546,0.28207,0.546,0.28207,196.88444,0.282,-1.0,SONODJN12A6D4F9838,0.0,0.766,-18.338,1,0.811,189.864,0.0,0.28207,158.767,1.0,0.0,0,1930,sleepy john estes,0
0.838924311,0.607792752,AR1ABAO1187FB531E1,42.33168,0,-83.04792,Alice Cooper,0.0,shock rock,0.924687772,521760,0,0.0,2.0,0.17,0.83672,0.17,0.83672,210.54649,7.007,0.535106025,SOMRBBO12A8C13F67B,1.0,0.171,-12.26,0,0.238,196.545,0.17,0.83672,130.325,1.0,0.33,0,2003,alice cooper,0
0.773491325,0.500459151,ARJ8PZJ1187B99314F,0.0,0,0.0,Aiden,0.0,post-hardcore,0.999577635,461074,0,0.0,1.0,0.012,0.45615,0.473,0.16847,140.40771,0.0,0.715511707,SOULXLO12AB018379D,2.0,0.0,-4.459,0,0.242,136.214,0.515,0.02392,207.974,4.0,0.0,0,2009,aiden,0
0.624200328,0.369076871,AR9ST641187B99B4DE,38.62774,0,-90.19951,Cal Tjader,0.0,latin jazz,1.0,275331,0,0.0,1.0,0.141,0.59068,0.598,0.2481,197.22404,0.0,0.265861049,SOFBBXV12A81C21835,0.0,0.0,-23.549,1,0.0,188.714,0.69,0.2481,176.279,4.0,0.209,0,1956,cal tjader,0
0.80955221,0.583147022,ARQATWU1187B98EE26,40.14323,0,-74.72671,Ill Nino,0.0,alternative metal,1.0,140385,0,0.0,1.0,0.036,1.29114,0.554,0.62493,219.81995,0.119,0.638646723,SOTHZUA12A8C13268A,8.0,0.615,-3.67,1,0.611,211.598,0.776,0.17923,91.011,4.0,0.839,0,2005,ill nino,0
0.601305752,0.363675677,ARDPTGD1187B9AD361,36.87652,0,-89.58828,Brand X,0.0,jazz fusion,0.949400706,23102,0,0.0,1.0,0.071,0.46587,0.539,0.16864,281.52118,0.285,0.624833534,SODLHUG12A6D4F7BB7,9.0,0.223,-13.358,1,0.285,267.273,0.482,0.16864,201.006,4.0,0.0,0,1977,brand x,0
0.408850475,0.338992803,ARIXB7T1187B9AB215,0.0,0,0.0,Intars Busulis,0.0,experimental pop,0.896977914,422489,0,0.0,1.0,0.005,0.86103,0.551,0.44525,183.58812,0.206,0.43483809,SOIBRMZ12AB018AEF4,7.0,0.374,-2.713,0,0.324,172.832,0.682,0.23524,142.895,4.0,0.953,0,2009,intars busulis,0
0.862099767,0.530772085,ARFN2TE11A348EFFB4,36.15398,0,-95.99277,David Cook,0.0,post-grunge,1.0,333086,0,0.0,1.0,0.612,1.06363,0.147,0.27214,229.45914,2.322,0.689572199,SORCRQT12A8C142A5A,9.0,0.811,-3.8,1,0.784,217.641,0.237,0.07136,82.282,4.0,0.683,0,2008,david cook,0
0.786359137,0.420412618,ARVZWQ31187B9B8946,34.05349,0,-118.24532,Liars,0.0,experimental rock,0.953932501,29387,0,0.0,1.0,0.001,1.38091,0.513,0.47347,259.05587,0.0,-1.0,SONEAJZ12B0CEB476A,11.0,0.202,-8.977,0,0.533,259.056,0.578,0.24943,126.46,4.0,0.0,0,2006,liars,0
0.74119524,0.395793546,ARA6BH81187B98F3AF,0.0,0,0.0,Modeselektor,0.0,techno,0.966343493,134855,0,0.0,1.0,0.804,1.33784,0.966,0.05894,385.2273,0.0,0.495123936,SOMXWZX12A58A7B385,1.0,0.06,-6.965,1,0.273,353.228,1.0,0.05894,94.005,4.0,0.704,0,2002,modeselektor,0
0.611801472,0.399042081,AR9ILJF1187B9B80ED,33.89275,0,35.48527,Gabriel Yared,0.0,latin jazz,0.909053763,592680,0,0.0,1.0,0.437,0.65867,0.397,0.65867,53.31546,2.026,0.212045406,SOBBSEY12A67ADB9AA,6.0,0.21,-23.155,0,0.433,53.315,0.171,0.1564,79.685,4.0,0.618,0,2006,gabriel yared,0
0.643982592,0.406626217,ARM4J201187B9B8B3B,-34.60852,0,-58.37354,Gustavo A. Santaolalla,0.0,folk,1.0,8997,0,0.0,1.0,0.374,0.18448,0.886,0.18448,186.5922,0.148,0.599660358,SOSNZMS12A58A791D0,4.0,0.611,-15.45,0,0.53,172.803,0.81,0.18448,159.502,3.0,1.0,0,1998,gustavo a. santaolalla,0
0.622383754,0.368196028,ARAMCAZ1187B9AB6F5,0.0,0,0.0,Afrob feat. Sarah,0.0,pop rap,0.858779476,564121,0,0.0,1.0,1.0,0.22712,1.0,0.22712,258.19383,0.183,0.392008772,SORYSKI12AB0184790,2.0,0.886,-5.319,1,0.668,255.878,1.0,0.22712,180.327,1.0,0.538,0,2009,afrob feat. sarah,0
0.567814264,0.376688631,AR1GYND1187B9A9CD3,38.43773,0,-122.71242,Diesel Boy,0.0,pop rock,0.901868403,557621,0,0.0,1.0,0.587,0.35884,0.587,0.35884,152.65914,0.0,0.299877488,SOEHEYS12AB0181F19,2.0,0.508,-3.478,1,0.563,143.755,0.789,0.19959,181.748,1.0,0.0,0,2001,diesel boy,0
0.871010615,0.804830428,ARTH9041187FB43E1F,0.0,0,0.0,Eminem,0.0,hip hop,1.0,14305,0,0.0,2.0,0.109,0.17473,0.659,0.17473,289.30567,2.02,0.813003556,SOWNZHB12A6701C776,7.0,0.507,-2.973,1,0.507,277.211,0.29,0.17473,174.69,4.0,0.849,0,2000,eminem,0
0.61071322,0.425126208,ARVLIVA1187B991590,0.0,0,0.0,Zeca Baleiro,0.0,brazilian pop music,1.0,611922,0,0.0,0.0,0.104,0.19187,0.775,0.19187,237.97506,0.0,0.506270994,SOFCHBZ12A8C142084,9.0,0.632,-12.008,0,0.603,228.142,0.644,0.19187,86.006,5.0,0.375,0,2000,zeca baleiro,0
0.694098145,0.467552021,AR05OJD1187B9B99A6,0.0,0,0.0,Ol' Dirty Bastard,0.0,hip hop,1.0,602222,0,0.0,1.0,0.025,0.89565,0.815,0.26413,181.62893,0.0,0.727506434,SOJARRO12AC90756C5,5.0,0.002,-14.808,1,0.061,181.629,0.56,0.26413,96.22,4.0,0.479,0,1995,ol' dirty bastard,0
0.507016081,0.421388265,AR06USW1187FB4EACA,37.77916,0,-122.42005,The Lord Weird Slough Feg,0.0,folk metal,0.987235519,472191,0,0.0,0.0,0.122,0.03956,1.0,0.03956,106.60526,0.345,0.542035897,SOHQUTZ12AB0185F78,10.0,0.028,-9.104,1,0.626,102.47,1.0,0.03956,93.594,3.0,1.0,0,2000,the lord weird slough feg,0
0.321448433,0.0,AR21JFF1187B9A5CBA,0.0,0,0.0,Six Brown Brothers,0.0,ragtime,0.932997476,377202,0,0.0,0.0,0.001,0.67013,0.932,0.19079,257.95873,0.148,0.229144104,SOBQXJP12A6D4F7587,4.0,0.0,-11.401,1,0.0,244.065,1.0,0.19079,124.487,4.0,1.0,0,1988,six brown brothers,0
0.651045661,0.401723686,ARXR32B1187FB57099,0.0,0,0.0,Gob,0.0,pop punk,0.887288301,598782,0,0.0,0.0,0.381,0.50101,0.517,0.05306,153.33832,0.0,0.658202537,SOLMFNE12AB018F807,4.0,0.258,-5.92,1,0.319,141.56,1.0,0.05306,133.986,4.0,0.0,0,2001,gob,0
0.568428704,0.37986811,ARJPRV411A348EFE4B,0.0,0,0.0,Rupa & the April Fishes,0.0,tango,1.0,514098,0,0.0,1.0,0.095,0.09756,0.716,0.09756,251.76771,0.0,-1.0,SOODPJI12AB0181BD8,11.0,0.996,-8.592,1,0.78,240.849,0.719,0.09756,165.971,4.0,0.53,0,2009,rupa & the april fishes,0
0.674970293,0.424953084,ARZS5VW1187FB567E8,0.0,0,0.0,William Orbit,0.0,progressive house,0.898751785,860,0,0.0,1.0,0.243,2.81005,0.9,0.34919,159.11138,0.287,-1.0,SOEPVWS12A6D4FAFC4,1.0,0.687,-20.142,1,0.669,141.816,0.122,0.34919,98.823,7.0,0.858,0,1987,william orbit,0
0.680332846,0.397803707,ARNEJAG1187FB41600,0.0,0,0.0,Vitamin C,0.0,teen pop,0.949051238,266948,0,0.0,0.0,0.078,0.76146,1.0,0.14798,241.03138,0.094,0.48456253,SOHAXFE12A8C13F057,2.0,0.029,-6.297,1,0.154,229.68,0.746,0.14798,96.989,4.0,0.553,0,1999,vitamin c,0
0.797420741,0.536400011,ARUKN9H1187B9B71C8,0.0,0,0.0,The Black Crowes,0.0,blues-rock,0.900934361,639042,0,0.0,1.0,0.252,1.30017,0.294,0.30182,404.58404,0.0,-1.0,SOMCPKY12AB0184197,7.0,0.417,-8.087,1,0.544,404.584,0.33,0.30182,119.713,4.0,0.0,0,1996,the black crowes,0
0.609636698,0.382593001,ARRT66G1187FB3DDF9,0.0,0,0.0,Freddie King,0.0,texas blues,1.0,284736,0,0.0,1.0,0.851,0.44405,0.851,0.44405,226.06322,0.369,-1.0,SOLRGXU12A8C132FD7,11.0,0.462,-14.977,1,0.355,212.312,0.598,0.21979,135.951,1.0,0.014,0,1973,freddie king,0
0.61828473,0.414275682,ARDDWUI1187FB379F7,60.17116,0,24.93258,Amoral,0.0,death metal,1.0,455018,0,0.0,1.0,0.733,1.48036,0.79,0.6245,238.94159,0.309,0.487112195,SONGVVU12AB018719F,0.0,0.589,-3.394,1,0.572,233.471,0.449,0.33922,139.977,4.0,0.0,0,2009,amoral,0
0.645720023,0.543954417,AROY6XW1187B991121,0.0,0,0.0,Steve Vai,0.0,instrumental rock,0.998934632,641828,0,0.0,1.0,0.604,0.24284,0.604,0.24284,383.29424,0.0,0.564985964,SOFXFXN12AB01827D6,4.0,0.459,-12.338,1,0.112,383.294,0.232,0.24284,147.83,1.0,0.0,0,2009,steve vai,0
0.640757317,0.451219237,ARMSL551187FB3F4B0,0.0,0,0.0,K's Choice,0.0,post-grunge,1.0,281753,0,0.0,0.0,0.166,0.25118,0.873,0.25118,222.30159,0.531,0.659300406,SOULEZE12A8C134B31,4.0,0.389,-7.3,1,0.403,219.458,0.276,0.06458,161.456,4.0,0.28,0,1995,k's choice,0
0.905776889,0.598458501,ARK9TRQ1187B99C095,41.50471,0,-81.69074,Nine Inch Nails,0.0,industrial metal,0.999945289,523259,0,0.0,7.0,0.067,0.59906,0.68,0.14245,441.96526,0.102,-1.0,SOKJBKQ12A8C143666,10.0,0.593,-6.962,0,0.562,439.478,0.711,0.14245,133.903,3.0,0.312,0,1994,nine inch nails,0
0.623154284,0.429353515,ARBFDJW1187B9AD27A,30.2676,0,-97.74298,The Fabulous Thunderbirds,0.0,blues-rock,1.0,609801,0,0.0,0.0,0.062,1.7064,0.325,0.35822,342.20363,0.31,-1.0,SOLGZCP12A8C142CD0,0.0,0.123,-9.573,1,0.556,338.437,0.993,0.35822,92.742,7.0,0.804,0,2003,the fabulous thunderbirds,0
0.606611264,0.441366585,AR7WGYZ1187FB3CAB0,0.0,0,0.0,Wang Chung,0.0,pop rock,0.975618298,398,0,0.0,2.0,0.257,0.1579,0.671,0.1579,234.762,0.27,0.785025092,SODNQJO12A6310F970,0.0,0.901,-12.455,1,0.692,228.49,0.539,0.1579,205.245,4.0,0.498,0,1983,wang chung,0
0.425883322,0.313647771,ARPFKK81187B99878D,39.14465,0,-89.10827,Tex Williams,0.0,western swing,1.0,663511,0,0.0,0.0,0.057,0.36271,0.423,0.36271,181.08036,0.0,-1.0,SOHDMZZ12AB018AC70,9.0,0.569,-26.997,1,0.54,178.527,0.379,0.15203,142.398,4.0,1.0,0,1947,tex williams,0
0.813013089,0.548533655,ARXDQJB1187FB57154,51.50632,0,-0.12714,Faithless,0.0,progressive house,0.999956736,397816,0,0.0,3.0,0.165,0.6941,1.0,0.17276,142.52363,0.143,0.636145536,SOLITMH12A58A78F01,5.0,0.354,-10.596,0,0.287,133.12,0.146,0.04259,229.808,4.0,1.0,0,2004,faithless,0
0.429349278,0.277789967,AROVSYC119B3403921,0.0,0,0.0,Gus Viseur,0.0,gypsy jazz,0.984262155,195716,0,0.0,0.0,0.002,0.2358,0.0,0.2358,128.93995,0.728,0.364612477,SOXKNIV12A8C132248,8.0,0.411,-16.683,1,0.501,125.19,0.254,0.08902,206.454,4.0,0.148,0,2005,gus viseur,0
0.754917646,0.507464243,ARWPYQI1187FB4D55A,53.45644,0,-2.63265,Rick Astley,0.0,dance pop,1.0,279091,0,0.0,1.0,0.011,0.366,1.0,0.366,184.55465,0.27,0.386790177,SOWCEQL12AF729E70C,7.0,0.046,-8.7,1,0.336,173.099,0.491,0.366,86.971,4.0,0.441,0,2005,rick astley,0
0.852638932,0.535763158,ARWA8AH1187FB3FC84,51.50632,0,-0.12714,Hot Chip,0.0,dance rock,0.999949859,291143,0,0.0,1.0,0.194,0.91046,0.835,0.02155,381.17832,0.0,0.693464248,SOFKTPP12A8C1385CA,7.0,0.455,-6.36,1,0.528,377.295,1.0,0.02155,134.5,4.0,0.477,0,2008,hot chip,0
0.575646718,0.384079784,AR7KQQ91187B98ED7A,0.0,0,0.0,Lollipop Lust Kill,0.0,industrial metal,0.90599441,622234,0,0.0,0.0,0.05,1.5,0.307,0.30626,265.61261,0.0,0.494489518,SOWHSFS12AB0183B7D,10.0,0.058,-5.145,0,0.158,253.301,0.316,0.30626,153.211,7.0,0.0,0,2000,lollipop lust kill,0
0.489537503,0.343389815,ARBXBQR1187FB56FA5,0.0,0,0.0,Bill Douglas,0.0,chamber jazz,1.0,540620,0,0.0,0.0,0.0,0.22406,0.946,0.22406,201.9522,0.184,-1.0,SOORSEW12A8C1375CB,5.0,0.29,-13.214,1,0.575,195.39,0.6,0.07885,138.213,4.0,0.0,0,1990,bill douglas,0
0.774037142,0.521726648,ARL3VGT1187FB40E8E,-34.60852,0,-58.37354,Los Fabulosos Cadillacs,0.0,ska,1.0,509706,0,0.0,1.0,0.832,0.05817,0.832,0.05817,273.78893,0.328,0.629493248,SONPKNE12AB0180390,4.0,0.285,-10.27,0,0.27,269.903,0.414,0.05817,193.575,1.0,0.0,0,1993,los fabulosos cadillacs,0
0.6334089,0.394289662,ARLV8S31187B988B71,46.71067,0,1.71819,Georges Brassens,0.0,chanson,1.0,601969,0,0.0,4.0,0.002,0.6886,0.424,0.6886,115.25179,0.311,-1.0,SOBOPBU12AB0180EBE,4.0,0.16,-14.562,1,0.438,110.684,0.749,0.35314,59.983,4.0,0.18,0,1956,georges brassens,0
0.672680593,0.476389109,ARGBR4I1187B99D073,47.60356,0,-122.32944,Mudhoney,0.0,grunge,1.0,632110,0,0.0,1.0,0.013,0.36706,0.722,0.36706,211.87873,0.0,0.497833215,SOPOHPD12AB017F153,4.0,0.535,-4.309,0,0.674,207.778,0.38,0.1518,152.457,4.0,0.143,0,2006,mudhoney,0
0.56335349,0.36096096,ARDV4XV1187FB5A3F4,0.0,0,0.0,Apache Indian,0.0,dancehall,0.970909539,36169,0,0.0,0.0,0.116,1.39546,0.0,0.15127,273.18812,2.247,0.0,SOJITMV12A6D4F7A00,8.0,0.377,-9.722,0,0.385,263.57,0.118,0.15127,95.986,4.0,0.715,0,1993,apache indian,0
0.475755733,0.278425516,ARV69FI1187B9AA14F,0.0,0,0.0,Kari Tapio,0.0,german pop,1.0,526303,0,0.0,1.0,0.037,0.38674,0.885,0.38674,224.7571,0.335,-1.0,SOAAHZS12A8C143A21,5.0,0.387,-8.419,1,0.52,210.321,1.0,0.08842,103.244,4.0,1.0,0,2009,kari tapio,0
0.546460288,0.367869339,AR4NREB1187B9AEDAC,40.71455,0,-74.00712,Mink DeVille,0.0,blues-rock,0.981095523,813922,0,0.0,1.0,0.055,1.11938,0.843,0.49919,166.03383,0.462,-1.0,SOGHNTC12AB0188168,9.0,0.12,-13.589,0,0.203,161.634,0.67,0.49919,109.057,4.0,0.0,0,1977,mink deville,0
0.432839367,0.366905853,ARFZSPU1187B9B5BA9,0.0,0,0.0,John Frizzell,0.0,soundtrack,1.0,79637,0,0.0,1.0,0.008,0.94338,0.122,0.59775,108.85179,0.392,-1.0,SONQOIL12A6D4F4D47,7.0,0.096,-20.373,1,0.413,102.075,0.122,0.59775,176.756,4.0,0.617,0,1996,john frizzell,0
0.687023631,0.475085634,ARO3SS31187FB3729C,0.0,0,0.0,GWAR,0.0,comedy rock,0.932965478,560618,0,0.0,0.0,0.036,0.54911,0.763,0.25205,261.79873,0.357,0.454192988,SORGVTY12AB018349A,8.0,0.01,-7.51,1,0.235,258.664,0.528,0.10464,200.199,4.0,0.318,0,1995,gwar,0
0.540037749,0.360053307,AR1N6N61187FB4E25E,23.0833,0,-82.4167,Mongo Santamaria,0.0,latin jazz,1.0,411802,0,0.0,0.0,0.573,0.4624,0.573,0.4624,366.70649,2.148,-1.0,SOCNCAD12AB0187375,5.0,0.445,-11.257,0,0.396,361.221,0.359,0.4624,175.613,1.0,0.0,0,1995,mongo santamaria,0
0.63259242,0.497690507,ARGIABO1187FB4B3B5,35.32689,0,-83.80489,Ronnie Milsap,0.0,country rock,0.995517919,298724,0,0.0,0.0,1.0,0.41075,1.0,0.41075,242.70322,0.334,0.262391599,SOFSRSS12A8C13B685,2.0,0.795,-13.558,1,0.691,235.381,1.0,0.41075,69.704,1.0,0.0,0,1982,ronnie milsap,0
0.486766782,0.336106342,AR1AIC51187B98C03F,0.0,0,0.0,Theodor Zox,0.0,tech house,1.0,306715,0,0.0,0.0,0.0,0.48547,0.0,0.48547,353.17506,4.545,-1.0,SOFJEAL12A8C13E4C5,10.0,0.334,-11.005,0,0.421,345.379,0.0,0.24659,125.009,4.0,0.91,0,2007,theodor zox,0
0.5069025,0.348736698,ARQZY2A1187B9B7604,0.0,0,0.0,Erja Lyytinen,0.0,blues-rock,0.850036897,798891,0,0.0,0.0,0.529,0.70028,1.0,0.06629,111.80363,0.461,0.405115722,SOIZDTU12AB01840C5,7.0,1.0,-13.411,1,1.0,111.804,0.079,0.06629,91.76,4.0,0.774,0,2010,erja lyytinen,0
0.794331285,0.650665868,ARQRQRA12131B4B5A8,0.0,0,0.0,Cake,0.0,post-grunge,1.0,296611,0,0.0,1.0,0.235,0.86581,0.759,0.23511,210.07628,0.194,-1.0,SOLUABP12AF72A2CD2,2.0,0.179,-8.522,1,0.339,202.879,0.367,0.07803,189.616,4.0,0.461,0,1998,cake,0
0.840590438,0.546545162,AR7GUNF1187B990CCF,35.2225,0,-80.83754,Between The Buried And Me,0.0,alternative metal,0.948459133,128139,0,0.0,1.0,0.005,1.33239,0.992,0.23871,325.11955,0.479,0.588385844,SOCKCXC12A6D4FD052,6.0,0.491,-5.094,1,0.395,308.297,0.766,0.23871,126.773,4.0,0.57,0,2006,between the buried and me,0
0.360521012,0.279976025,ARRPFCU1187FB5402E,0.0,0,0.0,Oldelaf et Monsieur D,0.0,los angeles,0.831470078,524019,0,0.0,0.0,0.094,0.54787,0.827,0.16854,296.93342,0.125,-1.0,SOGEONB12A8C1429C7,2.0,0.202,-7.817,1,0.28,293.355,0.881,0.16854,145.323,4.0,0.692,0,2009,oldelaf et monsieur d,0
0.360729206,0.267124867,ARD7U0O1187FB5531A,49.34463,0,2.40955,AndrA(c) Verchuren,0.0,chanson,0.884635252,386707,0,0.0,0.0,0.711,0.17019,0.711,0.17019,170.1873,0.136,0.0,SOCISCT12AB0180021,7.0,0.804,-10.061,1,0.619,164.902,0.292,0.17019,137.192,1.0,0.0,0,1989,andra(c) verchuren,0
0.670615396,0.503151606,ARXPE571187FB4AFD0,0.0,0,0.0,Rickie Lee Jones,0.0,folk rock,0.989622403,47592,0,0.0,1.0,0.445,0.25073,0.36,0.25073,291.57832,0.102,0.469712431,SOAGJGA12A6D4F980C,7.0,0.559,-19.544,1,0.444,280.143,0.326,0.09201,189.524,4.0,0.0,0,1989,rickie lee jones,0
0.534464352,0.368689373,AR243ZT1187B9A98D2,32.29869,0,-90.18049,Otis Spann,0.0,piano blues,1.0,308407,0,0.0,0.0,0.056,0.65895,0.901,0.65895,141.24363,0.955,0.405115722,SOKPCQK12A8C14038A,7.0,0.946,-10.401,1,0.567,132.464,0.589,0.09924,86.296,4.0,0.0,0,1997,otis spann,0
0.650726924,0.423825663,ARM0RY81187B9AF248,34.05349,0,-118.24532,Jerry Goldsmith,0.0,soundtrack,1.0,275827,0,0.0,1.0,0.058,2.50932,0.0,1.64862,169.1424,2.363,-1.0,SOCEZZL12A81C23CD9,1.0,0.78,-23.815,1,0.661,156.822,0.06,1.64862,138.308,4.0,0.298,0,1966,jerry goldsmith,0
0.707199764,0.51346329,ARYKCQI1187FB3B18F,0.0,0,0.0,Tesla,0.0,hard rock,1.0,46614,0,0.0,0.0,0.183,0.80983,0.316,0.43551,390.66077,0.0,0.79902352,SOBHZOV12AF729E943,7.0,0.851,-10.478,1,0.739,390.661,0.421,0.24742,161.47,4.0,0.261,0,1989,tesla,0
0.609294155,0.373060493,AROGAPH1187B98CF9C,0.0,0,0.0,BA(c)nabar,0.0,chanson,1.0,307644,0,0.0,2.0,0.009,0.29811,0.985,0.29811,188.94322,0.241,0.54287719,SOMFNPC12A8C13E5FE,4.0,0.438,-9.224,0,0.313,180.303,0.838,0.06925,134.552,4.0,0.359,0,2005,ba(c)nabar,0
0.496224085,0.347249717,ARE08BN1187B98FCA3,0.0,0,0.0,Der Plan,0.0,experimental rock,0.946302519,711606,0,0.0,1.0,0.303,1.20314,0.964,0.37046,163.63057,0.328,0.270775999,SOYCPUY12AB018CE4D,7.0,0.591,-13.01,1,0.494,151.986,0.311,0.16409,146.143,3.0,0.493,0,1988,der plan,0
0.75100762,0.523699078,ARDGB6U1187FB3AD07,51.50632,0,-0.12714,Eurythmics,0.0,dance rock,0.947914829,278992,0,0.0,2.0,0.03,0.88182,0.0,0.42916,269.94893,5.358,0.730009843,SODJUSQ12A8AE486C6,5.0,0.412,-4.357,0,0.398,250.955,0.015,0.20462,124.973,4.0,0.177,0,1986,eurythmics,0
0.889460725,0.612067268,AR65K7A1187FB4DAA4,0.0,0,0.0,BeyoncA(c),0.0,hip hop,0.999154774,287352,0,0.0,1.0,0.165,0.41101,1.0,0.41101,260.20526,0.375,0.667279494,SORLLRN12A58A7F1EE,5.0,0.041,-6.259,0,0.415,249.388,1.0,0.41101,149.913,4.0,1.0,0,2003,beyonca(c),0
0.607919978,0.398727123,AR8PL5L1187FB37A10,37.27188,0,-119.27023,A Perfect Murder,0.0,groove metal,0.957499081,128149,0,0.0,0.0,0.712,0.25712,0.712,0.25712,202.23955,0.0,0.525497119,SOEVQPU12A6D4FCC09,4.0,0.0,-5.099,0,0.0,199.059,0.408,0.25712,146.013,1.0,0.075,0,2007,a perfect murder,0
0.44276965,0.294986617,ARI648V1187B9B5379,0.0,0,0.0,Michael Stanley Band,0.0,heartland rock,0.833322838,531846,0,0.0,0.0,0.275,0.69746,0.774,0.29732,218.40934,0.195,0.265861049,SOJCIPT12AB0181305,9.0,0.527,-9.71,1,0.446,195.408,0.551,0.09675,150.799,4.0,0.0,0,1980,michael stanley band,0
0.637181284,0.449139951,AR0N0DX1187FB41327,51.50632,0,-0.12714,Talvin Singh,0.0,jungle music,0.972884072,123076,0,0.0,1.0,0.854,0.15029,0.854,0.15029,350.4322,0.311,-1.0,SOBKWVC12A8C13F95C,10.0,0.642,-10.587,0,0.552,323.733,0.424,0.15029,106.58,1.0,0.599,0,1998,talvin singh,0
0.644693319,0.255941316,ARKHMZB1187B998670,0.0,0,0.0,Curtis,0.0,breakbeat,0.947436004,798135,0,0.0,0.0,0.014,1.42206,0.854,0.4845,456.51546,0.0,-1.0,SOYUCBW12AB0189C9A,11.0,0.561,-11.009,0,0.545,434.405,1.0,0.24971,127.874,4.0,0.384,0,1999,curtis,0
0.695421645,0.455537722,AR3Q86S1187B9ADDCF,0.0,0,0.0,Deep Forest,0.0,chill-out,0.832622402,284637,0,0.0,1.0,0.31,0.74006,0.143,0.29205,301.06077,2.786,-1.0,SOEQGVM12A8C132AB5,1.0,0.736,-8.688,0,0.797,284.398,0.101,0.14321,133.392,3.0,0.775,0,1997,deep forest,0
0.842423318,0.564855751,ARCP94M1187B9B0F56,42.88544,0,-78.87846,Every Time I Die,0.0,alternative metal,1.0,124764,0,0.0,0.0,0.038,1.10781,0.765,0.46283,148.92363,0.078,0.635164598,SOZPBWN12A58A7C3C4,9.0,0.489,-4.912,1,0.456,146.588,0.539,0.14282,95.611,4.0,0.335,0,2007,every time i die,0
0.491458521,0.381044109,ARJ7VKJ1187B98BA4B,0.0,0,0.0,Lifer,0.0,nu metal,0.938210395,25133,0,0.0,0.0,0.081,1.3005,1.0,0.14643,228.62322,0.078,0.631600818,SOMRGMY12A6D4F93A8,5.0,0.056,-4.739,1,0.835,215.911,0.461,0.14643,104.587,4.0,0.711,0,2001,lifer,0
0.605762457,0.385425325,ARDIP5S1187FB57056,27.9758,0,-81.54106,Diamond D,0.0,hip hop,1.0,84466,0,0.0,0.0,0.009,2.00058,0.528,2.00058,52.79302,2.479,0.720274943,SOHHVXI12A6D4F69E3,1.0,0.521,-13.149,1,0.522,48.03,0.203,2.00058,146.852,3.0,0.347,0,1997,diamond d,0
0.878811344,0.653897217,AR8V1WA1187B9AD9E9,42.33168,0,-83.04792,The White Stripes,0.0,blues-rock,0.939101413,105985,0,0.0,2.0,0.329,0.77947,0.346,0.29936,274.59873,0.0,0.707668305,SOFAQLG12A8C13AC04,7.0,0.791,-6.209,1,0.593,255.779,0.606,0.29936,131.279,4.0,0.943,0,2007,the white stripes,0
0.530631077,0.326235946,AR5BLB01187FB57E99,0.0,0,0.0,Headliners,0.0,hard house,1.0,35097,0,0.0,0.0,0.175,0.50239,0.897,0.14845,216.89424,0.27,0.638227964,SOOTRFL12A6D4F5428,9.0,0.712,-5.893,1,0.556,207.981,0.308,0.14845,160.158,4.0,0.835,0,2005,headliners,0
0.680620248,0.440326073,ART5IUL1187B9B0143,0.0,0,0.0,Lady Saw,0.0,dancehall,0.988005314,68110,0,0.0,0.0,0.163,1.39385,0.673,0.76877,230.53016,0.368,0.215080319,SOVZVNF12A67ADA382,11.0,0.77,-11.485,1,0.595,220.479,0.346,0.45238,97.004,4.0,0.78,0,1994,lady saw,0
0.719313234,0.472748273,ARYECDK1187FB45587,0.0,0,0.0,The Stranglers,0.0,pop rock,0.999512316,587,0,0.0,2.0,1.0,0.11047,1.0,0.11047,217.96526,0.073,0.581493637,SOHJRZY12A63110838,4.0,0.646,-10.011,1,0.352,204.138,1.0,0.11047,107.657,1.0,0.0,0,1981,the stranglers,0
0.851073009,0.590449277,AROBHK51187B9AD82B,0.0,0,0.0,Funeral For A Friend,0.0,post-hardcore,0.999214993,85625,0,0.0,1.0,0.037,1.11617,0.653,0.54883,261.14567,0.752,0.496175336,SOCNGFJ12A6D4F6DFD,8.0,0.847,-14.957,0,0.723,228.595,1.0,0.16673,105.324,4.0,0.377,0,2007,funeral for a friend,0
0.577158124,0.512197243,AR0JPOG1187FB37383,0.0,0,0.0,Lyrics Born,0.0,hip hop,1.0,240561,0,0.0,0.0,0.023,0.66775,1.0,0.66775,200.38485,0.0,-1.0,SOESUUA12A58A7BA05,1.0,0.0,-5.167,1,0.0,195.889,1.0,0.30998,85.012,4.0,0.189,0,2003,lyrics born,0
0.803105473,0.5457307,ARAKARO1187B9A1EB6,51.50632,0,-0.12714,George Michael,0.0,rock,1.0,482768,0,0.0,2.0,0.165,1.06519,0.623,0.59628,281.33832,0.317,-1.0,SOJRJDG12AF72A7B93,10.0,0.965,-8.183,1,0.64,271.65,0.714,0.36005,127.844,4.0,0.675,0,1990,george michael,0
0.585514007,0.364914035,AR32ETX1187B9A792F,0.0,0,0.0,The Vaughan Brothers;Stevie Ray Vaughan;Jimmy Vaughan,0.0,blues-rock,0.983709336,287254,0,0.0,0.0,0.165,0.62811,0.808,0.11778,208.48281,0.09,0.780157224,SOTNNLV12A8C1344BF,8.0,0.588,-8.066,1,0.499,197.23,1.0,0.11778,117.947,4.0,1.0,0,1990,the vaughan brothers;stevie ray vaughan;jimmy vaughan,0
0.545165441,0.348630142,ARX14WH1187FB50649,51.76102,0,-0.23396,Babe Ruth,0.0,neo-progressive,0.966574618,360812,0,0.0,1.0,0.692,0.82639,0.0,0.24602,365.16526,21.966,0.0,SOZIGEW12AB0183C28,4.0,0.471,-8.351,1,0.176,356.531,0.184,0.24602,111.315,4.0,0.0,0,1975,babe ruth,0
0.63259242,0.497690507,ARGIABO1187FB4B3B5,35.32689,0,-83.80489,Ronnie Milsap,0.0,country rock,0.995517919,251858,0,0.0,0.0,0.03,0.29617,0.319,0.29617,151.37914,0.0,-1.0,SOHCBTN12A8C134568,7.0,0.0,-12.581,1,0.257,148.225,0.752,0.29617,112.88,4.0,0.375,0,1983,ronnie milsap,0
0.705876402,0.62220896,ARNZ70R1187B9A4824,0.0,0,0.0,Joe Satriani,0.0,instrumental rock,1.0,281447,0,0.0,1.0,0.351,0.06639,0.863,0.06639,469.60281,0.0,-1.0,SOMCIIM12A8AE49622,4.0,0.467,-10.256,0,0.397,459.169,0.429,0.06639,100.171,3.0,0.499,0,1987,joe satriani,0
0.580367095,0.359662997,ARUW6HS1187FB3F028,0.0,0,0.0,Rokia TraorA(c),0.0,afrobeat,0.957436985,396352,0,0.0,1.0,0.118,0.05265,0.842,0.05265,340.50567,0.428,0.405115722,SOIRHHH12AB01807F0,7.0,0.339,-13.807,1,0.404,329.59,0.734,0.05265,96.311,4.0,0.484,0,2000,rokia traora(c),0
0.844085061,0.71366982,ARM7EDF1187B9B3FA1,0.0,0,0.0,Guns N' Roses,0.0,heavy metal,0.938552196,15638,0,0.0,3.0,0.061,1.37814,0.0,0.35191,524.87791,0.708,0.701040475,SOIHJSD12A6701EB04,1.0,0.63,-7.219,1,0.405,500.018,0.508,0.10066,118.101,4.0,0.596,0,1991,guns n' roses,0
0.693200054,0.321237234,ARKN6D91187B9B09A2,0.0,0,0.0,Speaker,0.0,dub,1.0,520602,0,0.0,0.0,0.177,0.04396,0.0,0.04396,188.29016,0.611,-1.0,SOJKLCP12AB0183BA1,9.0,0.438,-4.63,0,0.477,188.29,0.0,0.04396,131.968,4.0,0.565,0,1999,speaker,0
0.510660236,0.333770845,ARTK5LU1187B9A654C,0.0,0,0.0,Michael Gettel,0.0,chamber jazz,0.960316306,150863,0,0.0,0.0,0.619,0.96896,0.58,0.36636,330.97098,2.148,0.265861049,SOMLFVN12A8C136135,7.0,0.369,-16.934,1,0.406,315.902,0.136,0.06135,101.529,4.0,0.406,0,1996,michael gettel,0
0.632779016,0.447206657,ARR5CEB1187FB5A3FF,0.0,0,0.0,Restless Heart,0.0,country rock,1.0,297013,0,0.0,0.0,0.005,0.47119,1.0,0.47119,210.46812,0.421,-1.0,SOXAOIN12A8C138D34,9.0,0.568,-13.644,1,0.53,191.402,0.771,0.47119,114.382,4.0,0.0,0,1986,restless heart,0
0.673238691,0.479204558,AR87K371187FB5AA8E,0.0,0,0.0,Uriah Heep,0.0,heavy metal,0.988033491,265303,0,0.0,5.0,0.21,2.15858,0.461,1.20982,212.84526,0.0,0.50111684,SOIGNJY12A8C13AE1A,4.0,0.309,-4.014,1,0.188,209.032,0.457,1.20982,127.962,3.0,0.161,0,2008,uriah heep,0
0.422386809,0.319980033,ARSBZSV1187B989B86,0.0,0,0.0,Stress Assassin,0.0,dub,1.0,701622,0,0.0,0.0,0.248,2.37238,0.339,0.08699,229.53751,0.0,0.212045406,SODIRMS12A8C140C52,0.0,0.0,-11.957,1,0.0,219.777,0.234,0.08699,163.725,7.0,0.365,0,2003,stress assassin,0
0.541917737,0.404157671,ART1R9I1187B9B3324,0.0,0,0.0,Margaret Becker,0.0,ccm,0.992023155,484161,0,0.0,0.0,0.12,0.54033,0.0,0.14016,261.04118,0.694,-1.0,SOAZRCH12AB017A84D,9.0,0.757,-9.803,1,0.677,247.716,0.429,0.14016,149.916,4.0,0.411,0,1989,margaret becker,0
0.484311163,0.351841896,ARF1PSM1187B9B802A,0.0,0,0.0,Sugarbomb,0.0,post-grunge,0.963955325,298752,0,0.0,1.0,0.004,0.87883,0.767,0.44737,219.74159,0.566,0.405115722,SOCDZMU12A8C13C256,2.0,0.367,-4.866,1,0.452,214.454,0.755,0.23109,139.778,4.0,0.701,0,2001,sugarbomb,0
0.629751605,0.531411752,AR7ZI7Z1187B98BF55,0.0,0,0.0,Mago de Oz,0.0,folk rock,0.985827462,130398,0,0.0,0.0,0.121,1.19895,0.775,0.54893,380.682,0.177,0.679686055,SOKNFFM12A81C216F3,2.0,0.184,-7.736,1,0.476,341.769,0.738,0.22585,110.255,5.0,0.679,0,2005,mago de oz,0
0.710531388,0.433728781,ARATR0U1187B9B76D0,0.0,0,0.0,Dead To Me,0.0,skate punk,0.949382518,557792,0,0.0,0.0,0.049,0.13299,1.0,0.13299,145.55383,0.259,-1.0,SOFMQDK12AF729D3C8,4.0,0.518,-5.603,1,0.501,136.661,0.568,0.13299,201.123,4.0,0.0,0,2006,dead to me,0
0.603382768,0.449423635,AR2P71H1187B9B8C00,0.0,0,0.0,Kool Savas,0.0,garage rock,1.0,407754,0,0.0,0.0,0.132,2.12243,0.442,0.71575,79.93424,0.0,0.428702263,SOQTSEW12AB0180ED2,6.0,0.0,-5.031,0,0.0,79.934,0.292,0.24264,81.224,5.0,0.647,0,2000,kool savas,0
0.492440728,0.338946969,ARY1K701187B9A43A9,0.0,0,0.0,Joe McBride,0.0,smooth jazz,1.0,602374,0,0.0,0.0,0.404,0.71705,0.971,0.0709,314.06975,0.165,0.265861049,SODXHIZ12A58A7A889,0.0,0.445,-10.203,1,0.521,302.231,0.304,0.0709,91.979,4.0,0.833,0,2005,joe mcbride,0
0.693009204,0.498668875,ARD5K161187B9AC784,51.27562,0,0.17898,Orbital,0.0,techno,1.0,2004,0,0.0,3.0,0.34,0.24555,0.34,0.24555,933.642,0.0,-1.0,SOFNFIL12A8AE47377,0.0,0.36,-10.328,1,0.405,930.807,0.407,0.24555,95.315,1.0,1.0,0,1994,orbital,0
0.574400789,0.446071584,ARRH2S81187B98C8AA,43.07295,0,-89.38669,Bongzilla,0.0,stoner metal,1.0,223456,0,0.0,1.0,0.183,1.72831,0.811,0.47637,419.68281,0.142,0.548678056,SOZGZSN12A8C1407E3,11.0,0.109,-6.407,1,0.446,412.758,0.516,0.16505,91.498,3.0,1.0,0,2005,bongzilla,0
0.591846288,0.37246298,ARO0R521187B98A2D1,0.0,0,0.0,2 Minutos,0.0,skate punk,0.882294682,211112,0,0.0,0.0,0.991,0.27578,0.991,0.27578,88.58077,0.0,0.372530039,SOSSUGT12A8C138F9F,5.0,0.083,-3.211,1,0.118,84.184,0.447,0.27578,203.994,1.0,0.0,0,2006,2 minutos,0
0.693009204,0.498668875,ARD5K161187B9AC784,51.27562,0,0.17898,Orbital,0.0,techno,1.0,212480,0,0.0,3.0,0.004,1.46388,0.501,0.47162,192.20853,0.0,0.615654845,SOXHSTL12A8C13B5A6,5.0,0.352,-6.924,0,0.49,188.801,0.228,0.22355,120.938,4.0,1.0,0,1990,orbital,0
0.656759788,0.4104772,ARFKYG51187FB4CE41,44.64616,0,-63.57392,April Wine,0.0,pop rock,0.957625745,25564,0,0.0,0.0,0.486,0.86109,0.486,0.86109,179.04281,0.0,0.754716332,SOXAUYW12A6D4F7DAB,2.0,0.983,-13.666,1,0.822,171.642,0.855,0.68103,166.036,1.0,0.0,0,1979,april wine,0
0.707332699,0.603876487,ARYJSY01187B9B7C65,0.0,0,0.0,Dolly Parton,0.0,bluegrass,1.0,756547,0,0.0,2.0,0.009,0.96067,0.946,0.31568,152.45016,0.467,0.270775999,SOQYGKF12A6D4F77EC,8.0,0.033,-12.144,1,0.557,144.811,0.513,0.10209,95.981,4.0,0.959,0,1967,dolly parton,0
0.822432829,0.531303319,ARASYMJ1187B9ACAF2,51.50632,0,-0.12714,Whitesnake,0.0,blues-rock,0.94748667,53181,0,0.0,3.0,0.049,0.58701,0.67,0.10336,252.08118,0.514,0.270775999,SOGEQKA12A6D4FA27C,11.0,0.672,-8.706,0,0.63,234.887,0.149,0.10336,125.022,4.0,0.24,0,2003,whitesnake,0
0.612657824,0.457611174,AROJAG11187B9B71A3,51.50632,0,-0.12714,The Chap,0.0,future jazz,0.910049664,160998,0,0.0,1.0,0.029,1.34947,0.815,0.5023,170.05669,0.0,0.270775999,SOBJOLG12A8C13CC69,9.0,0.326,-9.502,1,0.479,170.057,0.921,0.5023,72.073,4.0,1.0,0,2006,the chap,0
0.749876367,0.528302262,AREHK7O1187B9ADDD7,0.0,0,0.0,The Cardigans,0.0,twee pop,0.946316111,14421,0,0.0,2.0,0.023,3.23782,0.57,3.23782,296.85506,19.336,0.717391634,SOJCBAM12A6701FD04,3.0,0.0,-6.966,1,0.0,290.482,0.038,3.23782,145.271,4.0,0.735,0,1998,the cardigans,0
0.889613555,0.593808365,ARSE5NP1187B9B98AB,0.0,0,0.0,Twista,0.0,gangster rap,0.949489324,138186,0,0.0,1.0,0.765,1.78051,0.317,0.53346,200.98567,0.125,-1.0,SOJEEKG12A8AE48C77,7.0,0.003,-8.273,1,0.384,200.986,0.248,0.11485,90.158,4.0,0.685,0,2005,twista,0
0.822908534,0.572027854,AR2XI6G1187B9AE7DA,0.0,0,0.0,Fat Joe,0.0,gangster rap,0.949342927,12757,0,0.0,1.0,0.054,0.77127,0.874,0.18214,211.59138,0.142,-1.0,SOLYAFD12A6702090E,5.0,0.246,-7.239,1,0.371,190.769,1.0,0.18214,100.783,4.0,1.0,0,2005,fat joe,0
0.464994319,0.344721111,ARHT0B11187B993CB3,30.22032,0,-92.01705,Eddy Raven,0.0,zydeco,1.0,87397,0,0.0,1.0,0.692,0.56471,0.692,0.56471,204.85179,0.0,-1.0,SOLKBKQ12A8C13400C,5.0,0.92,-11.14,1,0.658,204.852,0.554,0.34295,133.428,1.0,0.061,0,1995,eddy raven,0
0.537088297,0.352919184,ARF3L8J1187B9B7866,37.97615,0,23.73641,Astarte,0.0,black metal,1.0,144765,0,0.0,1.0,0.333,0.47166,0.656,0.47166,515.36934,0.427,0.443291312,SOHZHHE12A8C1360C0,4.0,0.596,-4.694,0,0.566,476.7,0.351,0.24155,129.088,3.0,0.453,0,2002,astarte,0
0.421960437,0.34563734,ARLNSD41187FB4D9A0,42.50382,0,12.57347,Sergio Franchi,0.0,ballad,1.0,296721,0,0.0,0.0,0.365,0.77953,0.258,0.77953,170.94485,0.203,0.641771193,SOBQSLF12A8C139785,8.0,0.217,-16.407,1,0.241,165.581,0.258,0.77953,69.768,4.0,1.0,0,1987,sergio franchi,0
0.540037749,0.360053307,AR1N6N61187FB4E25E,23.0833,0,-82.4167,Mongo Santamaria,0.0,latin jazz,1.0,725669,0,0.0,0.0,0.742,0.46525,0.742,0.46525,194.76853,0.15,-1.0,SOLAZFN12AB018A094,2.0,0.579,-8.674,0,0.696,182.503,1.0,0.20263,118.295,1.0,0.0,0,1975,mongo santamaria,0
0.790367909,0.615454462,ARIPLUN1187B99B9F9,0.0,0,0.0,The Police,0.0,new wave,1.0,16027,0,0.0,2.0,0.07,1.38808,0.37,0.68559,313.70404,0.142,-1.0,SOGMROZ12A679D8AE9,9.0,0.832,-14.361,0,0.684,277.885,0.795,0.2081,85.207,5.0,0.847,0,1983,the police,0
0.407455644,0.30004649,ARZKRD01187FB45FD2,0.0,0,0.0,Edith Lefel,0.0,zouk,1.0,769774,0,0.0,0.0,0.019,0.95077,0.414,0.50882,246.30812,0.439,0.0,SOTYGMX12AB018A0BA,11.0,0.631,-11.613,0,0.59,236.948,0.153,0.50882,135.099,4.0,0.458,0,1992,edith lefel,0
0.675384812,0.633339909,AR5FP401187FB523C9,0.0,0,0.0,Bob Dylan,0.0,blues-rock,0.947546054,285737,0,0.0,3.0,0.392,2.00748,0.369,0.5651,278.96118,0.177,0.574693297,SOJGCRU12A8C1323B7,9.0,0.557,-5.563,1,0.549,262.844,0.632,0.19114,80.7,4.0,0.0,0,1978,bob dylan,0
0.470212296,0.320086927,ARJIE2Y1187B994AB7,0.0,0,0.0,Line Renaud,0.0,chanson,1.0,34757,0,0.0,0.0,0.004,0.59579,0.811,0.15566,146.15465,0.304,0.0,SORXWXC12A6D4F87B3,7.0,0.799,-12.158,1,0.598,142.727,1.0,0.15566,137.567,4.0,0.309,0,1994,line renaud,0
0.558007752,0.414780659,AREOREU1187B99AACD,-41.28054,0,174.76714,Rhian Sheehan,0.0,trip hop,0.906784868,529514,0,0.0,0.0,0.079,0.31133,0.387,0.31133,314.48771,0.0,0.360370583,SOUDMHF12AAF3B4AB9,8.0,0.415,-10.215,0,0.495,302.852,0.201,0.17285,216.023,4.0,0.7,0,2002,rhian sheehan,0
0.690809096,0.450093382,ARUIO0J1187FB3D7D7,0.0,0,0.0,Mest,0.0,ska punk,1.0,138490,0,0.0,0.0,0.004,2.62297,0.034,2.27574,255.50322,10.374,0.609043943,SOXZWTN12A58A7C2A4,7.0,0.327,-8.247,1,0.417,234.969,0.034,2.27574,176.16,4.0,0.615,0,2005,mest,0
0.54227771,0.424271114,ARNG61X1187B98C7DF,33.43451,0,-86.10269,Five Blind Boys of Alabama,0.0,soul blues,0.943676917,570577,0,0.0,1.0,0.73,0.98867,1.0,0.26202,131.81342,0.525,-1.0,SOCCMDY12AB01877A8,10.0,0.529,-7.495,1,0.517,127.675,0.336,0.26202,93.417,4.0,1.0,0,2008,five blind boys of alabama,0
0.591423659,0.385344914,ARRU9GR1187FB43F56,33.46797,0,-82.50293,Blind Willie McTell,0.0,country blues,0.999409041,175116,0,0.0,1.0,0.157,0.53989,0.653,0.05963,191.73832,0.224,-1.0,SODVIWU12A6D4FCDA6,3.0,0.623,-11.383,1,0.502,185.179,0.551,0.05963,131.624,3.0,0.293,0,1927,blind willie mctell,0
0.843526543,0.825639111,ARUJ5A41187FB3F5F1,0.0,0,0.0,U2,0.0,dance rock,1.0,394700,0,0.0,3.0,0.032,1.53868,0.073,1.2179,316.96934,3.454,0.674436804,SOUATDY12AB0185157,7.0,0.537,-7.896,1,0.428,306.556,0.086,1.06312,187.844,4.0,0.543,0,2009,u2,0
0.870033797,0.54632612,ARUJZFJ1187B9B135F,0.0,0,0.0,Shania Twain,0.0,country rock,1.0,14219,0,0.0,2.0,0.096,3.08993,0.527,0.27557,278.54322,0.0,0.485122364,SOBRUSQ12A6701DF34,6.0,0.847,-11.958,1,0.844,266.437,0.985,0.27557,82.789,5.0,0.372,0,1995,shania twain,0
1.0,0.826777014,ARCGJ6U1187FB4D01F,0.0,0,0.0,Akon,0.0,hip hop,1.0,343568,0,0.0,1.0,0.049,0.55725,0.431,0.08687,266.89261,0.0,0.644116784,SOIMYXI12AB018106C,5.0,0.545,-6.102,0,0.595,261.683,0.976,0.08687,126.983,4.0,1.0,0,2008,akon,0
0.739435997,0.36187851,ARQXJW51187B9AEE27,44.00118,0,-71.6342,Since The Flood,0.0,hardcore metal,0.869093293,560096,0,0.0,0.0,0.399,0.69956,0.0,0.05744,117.08036,0.0,0.537503904,SOICTFT12AB0187B69,2.0,0.308,-2.191,1,0.453,112.948,0.427,0.05744,189.987,4.0,0.622,0,2007,since the flood,0
0.514967584,0.352895442,ARQR8Y51187B9B8E9C,0.0,0,0.0,La Mancha De Rolando,0.0,german pop,0.909976152,177199,0,0.0,0.0,0.177,1.49958,1.0,0.29692,243.98322,0.245,0.419125893,SOSWVUB12A6D4FCB1D,4.0,1.0,-4.296,1,0.858,235.683,1.0,0.29692,100.046,4.0,0.991,0,2003,la mancha de rolando,0
0.55143496,0.351717751,ARB1KC91187FB38B13,0.0,0,0.0,Carl Smith,0.0,honky tonk,1.0,406825,0,0.0,0.0,0.208,0.72013,0.817,0.22249,141.47873,0.188,-1.0,SOXVBBS12A58A7E482,2.0,0.536,-11.852,1,0.534,138.112,0.265,0.22249,120.546,4.0,0.93,0,1993,carl smith,0
0.595254765,0.3487022,ARND48J1187B990A0B,0.0,0,0.0,Storyville,0.0,blues-rock,0.964947191,762191,0,0.0,0.0,0.142,0.96869,0.906,0.41876,263.41832,0.0,0.0,SOTDILJ12AB0188A2B,0.0,0.552,-6.18,1,0.436,246.712,0.747,0.13346,109.085,4.0,1.0,0,1998,storyville,0
0.59994467,0.396800219,ARTE6AQ1187B9B2826,42.33168,0,-83.04792,The High Strung,0.0,post-grunge,0.918030639,171356,0,0.0,0.0,0.012,0.44035,0.803,0.44035,187.27138,0.142,0.0,SOKHJSC12A8C14016E,7.0,0.72,-3.765,1,0.66,182.23,0.788,0.22605,139.72,4.0,0.995,0,2005,the high strung,0
0.498946148,0.339020747,AR2G8SU1187FB4A871,42.33168,0,-83.04792,James Carter,0.0,soul jazz,0.978174738,527212,0,0.0,1.0,0.067,0.47931,0.516,0.47931,258.42893,4.348,0.319565987,SOSDWRI12A8C1443CB,5.0,0.217,-6.115,0,0.354,245.719,0.101,0.47931,81.492,4.0,0.732,0,2003,james carter,0
0.548185196,0.361105938,AR8TLVX1187B9B2D7D,0.0,0,0.0,Mithotyn,0.0,viking metal,0.999042667,528923,0,0.0,0.0,0.146,1.05205,0.589,0.49677,391.02649,0.16,0.514298331,SOIDEHN12AAA8C4B80,0.0,0.0,-7.078,1,0.131,386.984,0.92,0.21914,110.897,7.0,0.553,0,1999,mithotyn,0
0.552719818,0.371711094,AR25WM21187FB461B3,0.0,0,0.0,Francis Lai,0.0,space age pop,0.914735382,23399,0,0.0,1.0,0.383,1.91526,0.0,0.53272,184.45016,2.978,0.531722098,SOTSDZS12A6D4F65D9,9.0,0.75,-16.45,0,0.692,178.434,0.225,0.1976,85.131,4.0,0.938,0,1970,francis lai,0
0.659944919,0.434696913,ARDK6QW1187B9B8D85,53.93063,0,-1.20788,UK Subs,0.0,oi,1.0,197147,0,0.0,1.0,0.356,0.66274,0.26,0.1953,140.30322,0.0,0.499445835,SOXTBTY12A8C134A43,10.0,0.173,-11.031,1,0.296,136.272,0.0,0.1953,123.26,4.0,0.0,0,1979,uk subs,0
0.58036979,0.420176594,ARJ1BWM1187B9B117B,0.0,0,0.0,Embrace the End,0.0,death core,0.920347382,739757,0,0.0,1.0,0.007,0.95071,0.128,0.44609,364.14649,0.0,-1.0,SOKJYBX12AF72A900B,5.0,0.591,-3.6,1,0.462,351.463,0.297,0.19535,119.827,4.0,0.906,0,2008,embrace the end,0
0.631151242,0.432754337,ARGDSO91187B9AAB35,0.0,0,0.0,Patrick Bruel,0.0,cabaret,1.0,293740,0,0.0,0.0,0.17,1.45327,0.917,0.33049,257.2273,0.247,0.400039657,SORIWFK12A8C137A62,7.0,0.631,-8.086,1,0.506,238.782,0.241,0.33049,105.994,4.0,0.933,0,1999,patrick bruel,0
0.421132725,0.318834232,ARB45GQ1187B98D2B4,0.0,0,0.0,DeGarmo & Key,0.0,ccm,1.0,150859,0,0.0,1.0,0.213,0.50473,0.675,0.50473,203.62404,0.299,0.503381236,SOODQEF12A58A7AF5F,4.0,0.658,-6.917,1,0.588,196.284,0.0,0.25456,120.548,4.0,1.0,0,1988,degarmo & key,0
0.712662163,0.430697046,ARCF06I1187B995398,0.0,0,0.0,K-OS,0.0,trip hop,0.914245313,25586,0,0.0,2.0,0.104,0.86772,0.397,0.21086,235.04934,0.0,0.542307526,SOAXBAE12A6D4F79C3,5.0,0.402,-9.642,0,0.538,230.284,0.0,0.21086,90.507,4.0,1.0,0,2002,k-os,0
0.587029626,0.410850787,ARNWZ1N1187B9B71BA,0.0,0,0.0,Handsome Boy Modeling School,0.0,alternative dance,0.827356459,8986,0,0.0,0.0,0.119,0.43723,1.0,0.0612,324.07465,0.0,0.505487343,SOEUEUI12A6701E4AB,8.0,0.257,-9.423,1,0.383,309.313,1.0,0.0612,160.02,4.0,1.0,0,2004,handsome boy modeling school,0
0.510660236,0.333770845,ARTK5LU1187B9A654C,0.0,0,0.0,Michael Gettel,0.0,chamber jazz,0.960316306,150938,0,0.0,0.0,0.032,0.74679,0.205,0.74679,338.75546,4.632,0.0,SOZICZX12A8C136A61,2.0,0.012,-10.879,1,0.367,326.293,0.204,0.74679,94.849,4.0,1.0,0,1999,michael gettel,0
0.681598553,0.537537201,ARVML631187B99E90D,0.0,0,0.0,The B-52's,0.0,dance rock,1.0,542754,0,0.0,1.0,0.039,1.28911,1.0,0.40544,313.20771,0.344,0.474054831,SOFHWIG12AB01855B5,11.0,0.041,-7.465,1,0.419,303.398,1.0,0.40544,136.767,4.0,0.248,0,1992,the b-52's,0
0.615504103,0.439836359,AR02YGA1187B9B8AC4,-34.60852,0,-58.37354,Bersuit Vergarabat,0.0,cumbia,0.931274541,344890,0,0.0,0.0,0.083,1.13595,0.752,0.14655,181.18485,0.085,0.49271364,SOHAVVY12A8C1422E6,0.0,0.265,-7.301,1,0.49,178.033,0.609,0.14655,121.764,3.0,0.996,0,1998,bersuit vergarabat,0
0.93796475,0.566622888,ARSG7NQ1187FB57482,0.0,0,0.0,Fall Out Boy,0.0,pop punk,1.0,57000,0,0.0,1.0,0.041,0.6299,0.535,0.19512,203.91138,0.0,0.720431539,SOYVCJU12A67AD8617,2.0,0.045,-3.237,0,0.27,191.216,0.629,0.19512,140.878,4.0,0.93,0,2007,fall out boy,0
0.482006999,0.415897129,ARJA5XT1187B9B89AA,0.0,0,0.0,David Tao,0.0,chinese music,0.913590991,587631,0,0.0,2.0,0.021,0.18974,0.941,0.18974,260.33587,0.38,-1.0,SOSBBAV12AB018F27C,2.0,0.463,-4.602,1,0.422,255.042,1.0,0.18974,136.749,4.0,0.863,0,2009,david tao,0
0.822432829,0.531303319,ARASYMJ1187B9ACAF2,51.50632,0,-0.12714,Whitesnake,0.0,blues-rock,0.94748667,33120,0,0.0,3.0,0.909,0.54375,0.909,0.54375,204.14649,0.444,0.301681757,SOJBTDV12A6D4F776A,2.0,0.328,-4.556,1,0.42,192.83,0.48,0.27348,114.902,1.0,0.0,0,1978,whitesnake,0
0.53365014,0.343508878,AR8WHEJ1187B98CDCA,34.7519,0,-92.13055,Dee Clark,0.0,doo-wop,0.877618228,176888,0,0.0,0.0,0.06,0.27562,1.0,0.27562,132.07465,0.218,-1.0,SONOEAE12A6D4FB32B,10.0,0.562,-16.865,1,0.336,121.568,1.0,0.27562,95.948,4.0,1.0,0,1990,dee clark,0
0.601395113,0.436730221,AR05NQH1187B98E875,0.0,0,0.0,Kassav',0.0,zouk,1.0,288001,0,0.0,1.0,0.009,0.27031,0.509,0.27031,268.90404,0.0,0.0,SOLIWUR12A58A7D769,2.0,0.338,-8.158,1,0.369,260.963,0.403,0.27031,147.781,4.0,0.147,0,2009,kassav',0
0.506336378,0.338454576,ARE8RCR1187B996BF2,0.0,0,0.0,BeauSoleil,0.0,zydeco,1.0,109053,0,0.0,1.0,0.148,0.0945,0.0,0.0945,268.30322,0.644,0.0,SOCJFFQ12A8C13E02A,5.0,0.0,-13.758,1,0.028,264.226,0.371,0.0945,119.663,4.0,0.0,0,1991,beausoleil,0
0.714268533,0.505453153,ARWR6RK1187FB3AB52,0.0,0,0.0,From Autumn To Ashes,0.0,post-hardcore,1.0,69820,0,0.0,0.0,0.003,1.83381,0.085,0.55846,175.80363,0.061,0.600471581,SOKKMRS12A67ADD134,2.0,0.439,-5.911,0,0.536,166.429,0.378,0.08353,93.061,4.0,0.581,0,2007,from autumn to ashes,0
0.665322162,0.394217199,ARRJNTE1187FB44E12,0.0,0,0.0,Casiotone For The Painfully Alone,0.0,trip hop,0.877629027,234421,0,0.0,1.0,1.0,0.24167,1.0,0.24167,51.01669,0.088,0.673959844,SOKUBEF12A6D4FA3B8,0.0,0.276,-20.499,1,0.707,47.183,0.628,0.24167,78.16,1.0,0.0,0,2001,casiotone for the painfully alone,0
0.592797346,0.453629718,AR20BO61187B9B880E,36.83264,0,-76.29771,Patton Oswalt,0.0,parody,0.957967227,271629,0,0.0,0.0,0.078,0.70381,0.527,0.70381,121.96526,0.0,0.509640966,SOAFUPM12A6D4FD26F,8.0,0.345,-13.322,0,0.341,116.796,0.635,0.16531,75.669,3.0,0.665,0,2004,patton oswalt,0
0.596602385,0.399186285,ARB1CNO1187FB4CE93,0.0,0,0.0,45 Grave,0.0,deathrock,0.846695399,38352,0,0.0,1.0,0.249,0.28555,0.9,0.28555,118.38649,0.438,0.214864227,SOONSSK12A6D4F94E0,9.0,0.067,-10.285,1,0.421,110.01,0.697,0.11116,173.581,4.0,0.004,0,1983,45 grave,0
0.67529547,0.44269672,AR2EO6H1187B9A3B92,0.0,0,0.0,Brian Tyler,0.0,soundtrack,1.0,418586,0,0.0,1.0,0.147,0.48024,0.667,0.48024,52.87138,0.0,0.212045406,SOQOVSL12AB01897AB,0.0,0.774,-19.963,1,0.721,48.797,0.188,0.20942,104.988,3.0,0.198,0,2009,brian tyler,0
0.615740353,0.423608913,ARBFCK11187FB4C89B,36.17191,0,-115.13997,Brian Eno And David Byrne,0.0,art rock,1.0,647942,0,0.0,1.0,0.076,1.41828,1.0,0.40204,296.33261,0.334,-1.0,SOAGYNF12AB0187EEE,1.0,0.379,-8.209,1,0.428,287.277,0.529,0.14783,118.203,4.0,0.373,0,1981,brian eno and david byrne,0
0.344062159,0.0,ARS8WH31187B9B8B04,0.0,0,0.0,Edu Lobo,0.0,brazilian pop music,1.0,199694,0,0.0,1.0,0.604,0.08204,0.604,0.08204,309.52444,0.241,-1.0,SOQKYWC12A8C136A4F,2.0,0.239,-18.581,0,0.303,297.001,0.0,0.08204,84.853,1.0,0.094,0,1967,edu lobo,0
0.705870924,0.491178954,ARDSWIE1187FB39056,0.0,0,0.0,Gang Starr,0.0,jazz rap,0.985508966,24239,0,0.0,1.0,0.293,1.05121,0.0,0.6898,84.63628,0.0,0.572593045,SOLNHID12A58A78106,0.0,0.829,-18.7,1,0.672,72.464,0.763,0.51011,166.092,4.0,1.0,0,1991,gang starr,0
0.561370907,0.365533756,ARN3O411187FB4D859,0.0,0,0.0,Stephan Micus,0.0,free improvisation,0.86460919,179488,0,0.0,1.0,0.564,0.76166,0.328,0.33306,519.8624,0.0,-1.0,SOALFBA12A81C20681,0.0,0.004,-22.517,1,0.29,498.19,0.586,0.33306,142.158,4.0,0.677,0,1988,stephan micus,0
0.611801472,0.399042081,AR9ILJF1187B9B80ED,33.89275,0,35.48527,Gabriel Yared,0.0,latin jazz,0.909053763,286907,0,0.0,1.0,0.557,0.66189,0.638,0.66189,229.98159,2.815,0.313562114,SOJKNYV12A8C133E9C,9.0,0.697,-19.64,1,0.589,216.805,0.204,0.66189,111.577,3.0,0.824,0,2003,gabriel yared,0
0.865021512,0.916053228,ARJ7KF01187B98D717,0.0,0,0.0,Coldplay,0.0,piano rock,0.91162502,307,0,0.0,3.0,0.011,0.84244,1.0,0.39316,274.41587,0.322,0.810263613,SOEHTZE12A6310F0F2,2.0,0.194,-7.446,1,0.482,258.305,0.451,0.16851,134.027,4.0,0.135,0,2002,coldplay,0
0.595660905,0.345241137,ARWC3XN1187B9A8D82,40.71455,0,-74.00712,ZO2,0.0,hard rock,1.0,258315,0,0.0,0.0,0.033,0.27041,0.576,0.27041,276.4273,0.357,0.405115722,SODRLDV12A8C13D25E,7.0,0.083,-4.098,1,0.303,264.319,0.299,0.07028,150.715,4.0,0.722,0,2007,zo2,0
0.842423318,0.564855751,ARCP94M1187B9B0F56,42.88544,0,-78.87846,Every Time I Die,0.0,alternative metal,1.0,57839,0,0.0,0.0,0.202,0.24178,0.202,0.24178,171.59791,0.0,0.574693297,SOELMDY12A6D4FB18A,9.0,0.538,-4.029,1,0.346,166.487,0.014,0.24178,93.458,1.0,0.0,0,2001,every time i die,0
0.698532477,0.509456001,ARW2U4O1187FB4408B,0.0,0,0.0,Andrew W.K.,0.0,alternative metal,0.960145076,765362,0,0.0,0.0,0.128,0.15932,1.0,0.15932,165.51138,0.343,0.53066303,SOKVKEC12AB0186B68,2.0,0.0,-3.378,1,0.0,165.511,0.627,0.15932,120.153,4.0,0.0,0,2006,andrew w.k.,0
0.6742378,0.46527021,ARJ2PMY1187FB5B563,0.0,0,0.0,Burning Spear,0.0,roots reggae,1.0,14561,0,0.0,1.0,0.002,1.3841,1.0,0.38991,185.5473,0.531,0.496175336,SOQUGRT12A6701DD47,0.0,0.495,-19.633,1,0.493,175.572,0.526,0.05576,122.376,4.0,0.0,0,1977,burning spear,0
0.36830814,0.39764783,ARU35NK1187FB46CFD,0.0,0,0.0,Methods Of Mayhem / Scott Kirkland,0.0,hardstyle,0.99997697,22379,0,0.0,0.0,0.025,0.74288,1.0,0.34862,199.31383,0.0,0.605855031,SOIIZIX12A6D4F799D,1.0,0.222,-3.246,1,0.275,196.4,0.712,0.15199,116.04,4.0,0.899,0,1999,methods of mayhem / scott kirkland,0
0.6051397,0.420937755,ARU0HTX1187B98B4C6,34.05349,0,-118.24532,Lisa Lynne,0.0,chill-out,0.892937884,602698,0,0.0,0.0,0.001,0.80016,1.0,0.23002,261.95546,0.188,0.727891634,SOGDJTG12AC960A37D,9.0,0.771,-9.559,0,0.693,240.506,0.967,0.23002,106.009,4.0,0.729,0,2001,lisa lynne,0
0.69480252,0.561830538,ARIZODP1187B9AD272,54.89814,0,-1.53179,Bryan Ferry,0.0,glam rock,1.0,29026,0,0.0,2.0,0.015,0.24385,0.974,0.24385,253.12608,0.194,0.407233015,SOCDZDT12A6D4F8F73,4.0,0.223,-8.662,1,0.315,226.197,1.0,0.24385,116.36,4.0,0.863,0,1973,bryan ferry,0
0.616436885,0.409464909,ARAHQDS1187FB55275,0.0,0,0.0,Maysa,0.0,brazilian pop music,1.0,729053,0,0.0,1.0,0.306,0.76244,0.324,0.17251,180.87138,0.0,-1.0,SONMSFX12AB018CD74,9.0,0.429,-10.919,1,0.4,177.58,0.203,0.17251,103.172,4.0,0.03,0,2008,maysa,0
0.646815253,0.433173023,AROIL3N1187B9A9975,33.6671,0,-117.76505,BLEED THE SKY,0.0,groove metal,0.895266559,659943,0,0.0,0.0,0.054,0.39176,0.0,0.39176,202.91873,0.0,0.457447167,SOIJQRD12AB01882D0,1.0,0.033,-5.992,0,0.347,197.863,0.071,0.13287,116.064,4.0,0.247,0,2008,bleed the sky,0
0.519779083,0.348000019,ARNCOPS1187FB5A086,0.0,0,0.0,Dolores Keane,0.0,irish folk,1.0,223655,0,0.0,0.0,0.074,0.84281,0.813,0.84281,272.5873,0.495,-1.0,SOTIRUS12A8C13F53D,5.0,0.748,-12.577,1,0.6,253.423,0.245,0.63016,149.619,3.0,0.491,0,1993,dolores keane,0
0.572431139,0.34605822,ARC15471187FB4640C,38.49809,0,-98.32023,Hurricane,0.0,glam metal,0.879978446,233782,0,0.0,0.0,0.221,0.26012,1.0,0.26012,236.042,0.185,-1.0,SOCTUML12A8AE45691,8.0,0.864,-4.618,1,0.6,224.984,0.81,0.26012,110.177,4.0,0.131,0,1988,hurricane,0
0.370191165,0.285989808,AR7JPF81187B988D23,32.29869,0,-90.18049,Charlie McCoy,0.0,country gospel,1.0,285607,0,0.0,0.0,0.154,1.38117,0.5,0.04278,282.53995,0.073,-1.0,SOCHSUI12A8C131C44,7.0,0.405,-13.027,1,0.462,278.727,0.0,0.04278,90.81,3.0,0.962,0,1991,charlie mccoy,0
0.724284927,0.501360613,AREGV3K1187B9AF614,0.0,0,0.0,MAPtley CrA1/4e,0.0,heavy metal,1.0,306057,0,0.0,1.0,0.127,1.57216,0.854,0.51132,248.55465,0.385,-1.0,SOIQFYV12A8C13EEB6,7.0,0.04,-5.938,1,0.284,236.785,0.036,0.24351,115.254,5.0,0.0,0,1987,maptley cra1/4e,0
0.608824806,0.428650989,ARONPP01187B995FB5,52.88356,0,-1.97406,Cockney Rejects,0.0,oi,0.97011454,612184,0,0.0,1.0,0.003,0.30118,1.0,0.30118,182.25587,0.485,-1.0,SOZFOCS12A8C142CA3,2.0,0.582,-3.132,1,0.589,174.678,0.732,0.30118,84.59,4.0,0.0,0,2007,cockney rejects,0
0.772272161,0.500119335,AREV2491187B9B017E,0.0,0,0.0,Mobb Deep,0.0,gangster rap,0.947694853,294998,0,0.0,1.0,0.004,3.4299,0.948,1.26896,298.00444,2.734,0.636635971,SOCJAYM12A8C138772,6.0,0.48,-5.16,0,0.584,293.245,0.067,1.26896,87.747,4.0,0.385,0,1995,mobb deep,0
0.687454096,0.448629112,AR7H21J1187FB40C69,0.0,0,0.0,Mr. Lif,0.0,hip hop,1.0,118939,0,0.0,0.0,0.612,1.55566,0.11,0.44307,327.6273,0.0,0.419674279,SOOSLVC12A8C13E51E,10.0,0.584,-7.144,0,0.457,309.052,0.51,0.25795,107.32,3.0,0.995,0,2006,mr. lif,0
0.477271766,0.347194884,ARK9K3O1187B98F504,0.0,0,0.0,Cherrelle,0.0,disco,1.0,466293,0,0.0,0.0,0.047,1.22751,0.872,0.36104,290.82077,0.305,0.0,SOGJYMK12AB018272A,8.0,0.239,-6.222,0,0.513,278.448,0.431,0.14614,145.607,4.0,1.0,0,1999,cherrelle,0
0.520204911,0.361509802,ARWGIOC1187FB4CBEF,37.16793,0,-95.84502,Jim Chappell,0.0,chamber jazz,0.978177995,506876,0,0.0,0.0,0.182,0.29258,0.764,0.29258,217.49506,0.374,0.0,SONFHHG12A58A7D321,7.0,0.756,-23.69,1,0.579,190.793,0.022,0.29258,86.39,4.0,0.403,0,1997,jim chappell,0
0.555904123,0.395478861,ARHWVGW1187FB41479,0.0,0,0.0,The Paul Butterfield Blues Band,0.0,blues-rock,0.961436279,109040,0,0.0,0.0,0.831,0.3568,0.831,0.3568,228.75383,0.189,0.249199656,SOQPXJH12A8C13C3EA,3.0,0.728,-13.705,1,0.572,213.38,0.0,0.08533,77.207,1.0,0.0,0,1971,the paul butterfield blues band,0
0.725402921,0.454957395,ARVXKTV1187FB44139,36.97402,0,-122.03095,Arsonists Get All The Girls,0.0,death core,1.0,744095,0,0.0,1.0,0.229,1.00895,0.515,0.54231,240.92689,0.0,0.731473357,SOGMWOY12AB017FA59,1.0,0.506,-3.424,1,0.482,237.854,0.709,0.30958,129.824,3.0,0.595,0,2009,arsonists get all the girls,0
0.621414328,0.443930193,ARMIMHT1187B98F038,0.0,0,0.0,Teena Marie,0.0,disco,1.0,282362,0,0.0,1.0,0.064,1.19445,0.0,0.4501,328.56771,2.804,0.266955186,SOLWUMG12A8C13106C,9.0,0.585,-11.037,1,0.599,319.872,0.069,0.07157,81.947,4.0,0.624,0,1990,teena marie,0
0.589259678,0.389589781,AR8XG9J1187FB418C1,33.54243,0,-90.53727,Jerry Butler,0.0,chicago soul,0.930691919,342182,0,0.0,0.0,0.414,0.58234,0.414,0.58234,167.18322,1.019,-1.0,SOCTKFG12AB017D983,11.0,0.204,-18.341,1,0.305,160.705,0.613,0.08321,87.758,1.0,1.0,0,1960,jerry butler,0
0.686988955,0.606630152,ARX9YIP1187B98A656,0.0,0,0.0,RUN-DMC,0.0,hip hop,1.0,597033,0,0.0,1.0,0.165,3.72967,0.0,0.93902,267.59791,0.478,0.450762242,SODEXMV12A8C13B960,10.0,0.275,-13.306,0,0.393,265.392,0.708,0.51957,73.507,5.0,0.69,0,1990,run-dmc,0
0.878401543,0.620309821,ARY53RR1187B9AE485,0.0,0,0.0,Avril Lavigne,0.0,teen pop,0.950349317,312389,0,0.0,2.0,0.286,0.21536,1.0,0.21536,224.93995,0.194,-1.0,SOISAFU12CF5F882E5,0.0,0.648,-4.772,1,0.696,213.844,0.651,0.21536,118.055,4.0,0.692,0,2004,avril lavigne,0
0.825192029,0.529165902,ARWLV931187B9B0F5A,30.33138,0,-81.6558,Evergreen Terrace,0.0,melodic hardcore,0.99989219,605243,0,0.0,0.0,0.49,0.53363,0.49,0.53363,159.4771,1.025,0.510962044,SODYDMB12AC46896F8,7.0,0.585,-4.732,1,0.639,159.477,0.742,0.27629,112.421,1.0,0.0,0,2001,evergreen terrace,0
0.565750644,0.461526217,AR286CH1187B9B8441,0.0,0,0.0,James Ingram,0.0,quiet storm,0.975733467,774126,0,0.0,0.0,0.054,2.17807,0.965,0.61717,376.68526,0.0,0.0,SOGOQUK12AB018C3F1,2.0,0.312,-11.937,0,0.52,355.666,0.98,0.22065,76.385,3.0,0.6,0,1993,james ingram,0
0.331874147,0.277119514,AR0IAWL1187B9A96D0,8.4177,0,-80.11278,Danilo Perez / Claus Ogerman,0.0,latin jazz,1.0,265300,0,0.0,0.0,0.008,0.96309,0.548,0.37439,459.31057,0.379,0.0,SONQNCK12A8C13ADCB,4.0,0.566,-14.117,1,0.542,451.1,0.304,0.37439,100.394,4.0,0.0,0,2008,danilo perez / claus ogerman,0
0.731065756,0.509878708,AREPD8D1187FB3F5BC,0.0,0,0.0,Sister Hazel,0.0,post-grunge,1.0,47538,0,0.0,0.0,0.009,0.99601,0.057,0.50079,332.93016,0.0,0.598242155,SOMGVPO12A6D4F81E4,10.0,0.914,-8.416,1,0.76,326.06,0.8,0.50079,119.461,4.0,0.96,0,1997,sister hazel,0
0.540881349,0.386630837,ARJRQL51187FB541AB,0.0,0,0.0,Juan Carlos Baglietto,0.0,tango,1.0,160142,0,0.0,0.0,0.172,0.93472,0.661,0.30804,232.61995,0.248,0.201387442,SOMCTKM12A8C138B86,10.0,0.572,-14.511,1,0.439,210.913,0.805,0.30804,97.342,3.0,0.666,0,1982,juan carlos baglietto,0
0.416184081,0.285682007,ARLSGUY1187B98AEBC,37.16793,0,-95.84502,Crabby Appleton,0.0,power pop,0.931366007,57767,0,0.0,0.0,0.339,1.2071,0.339,1.2071,186.69669,0.0,0.57010593,SOUHVMV12A58A7C4D9,1.0,0.361,-4.594,1,0.465,182.056,1.0,0.75265,89.091,1.0,0.058,0,1970,crabby appleton,0
0.703690572,0.529195922,ARJ7SQ31187B9AF432,0.0,0,0.0,Billy Bragg,0.0,urban folk,0.949369581,239553,0,0.0,2.0,0.044,2.8742,0.728,0.23276,180.1922,0.0,0.231584988,SOWROAS12A8C14258B,0.0,0.452,-17.81,1,0.558,169.407,0.834,0.23276,81.256,4.0,1.0,0,2008,billy bragg,0
0.817256939,0.735208878,ARH861H1187B9B799E,0.0,0,0.0,Johnny Cash,0.0,honky tonk,1.0,623039,0,0.0,5.0,0.013,0.86146,0.0,0.25409,80.03873,2.258,-1.0,SODREXM12AB017C1E8,1.0,0.083,-13.136,1,0.427,74.449,0.376,0.10205,196.303,4.0,0.572,0,1959,johnny cash,0
0.872325597,0.535891043,AR38I491187B9B2F2D,0.0,0,0.0,Lil Boosie,0.0,gangster rap,0.999776674,124109,0,0.0,0.0,0.01,0.72125,0.822,0.37145,243.35628,0.0,0.591538929,SOQDCHV12A6D4FC12D,10.0,0.46,-3.165,1,0.339,231.282,0.874,0.197,171.85,4.0,0.804,0,2006,lil boosie,0
0.749796959,0.551552455,AR9YWMS1187FB43A34,0.0,0,0.0,Dinosaur Jr.,0.0,indie rock,1.0,70297,0,0.0,1.0,0.1,0.75744,0.559,0.26135,220.70812,0.136,0.62921271,SOZRIFJ12A67ADA4BE,2.0,0.191,-3.868,1,0.309,212.579,0.559,0.26135,253.357,4.0,0.506,0,2007,dinosaur jr.,0
0.629751605,0.531411752,AR7ZI7Z1187B98BF55,0.0,0,0.0,MA$?go de Oz,0.0,folk rock,0.985827462,754327,0,0.0,0.0,0.15,0.91319,0.474,0.42263,295.31383,0.0,0.43965466,SOVTEUT12AB0185D22,7.0,0.279,-4.638,1,0.551,293.071,0.0,0.42263,121.955,4.0,0.571,0,2010,ma$?go de oz,0
0.461741493,0.334252474,ARDZJ6H1187FB387F2,0.0,0,0.0,Moraes Moreira,0.0,latin jazz,0.994700804,141876,0,0.0,0.0,0.616,0.62427,0.982,0.16098,280.65914,0.264,0.0,SOTLPLH12A8C132E36,0.0,0.566,-7.437,1,0.596,272.887,0.629,0.16098,132.558,4.0,0.893,0,1991,moraes moreira,0
0.557875168,0.359324727,AREENKN1187B98F35D,40.71455,0,-74.00712,Plasmatics,0.0,trip hop,0.885545496,106026,0,0.0,1.0,0.272,0.55152,0.0,0.06965,344.24118,0.09,0.542898743,SOSZHGZ12A8C13B75E,0.0,0.671,-11.685,1,0.355,340.405,0.0,0.06965,125.363,4.0,0.94,0,1980,plasmatics,0
0.605109702,0.398547535,AR9AM2N1187B9AD2F1,53.4796,0,-2.24881,Inspiral Carpets,0.0,indie rock,0.99732938,770,0,0.0,2.0,0.118,0.78228,1.0,0.13777,232.12363,0.253,0.531722098,SOCGCVT12A6D4FAF6F,7.0,0.135,-11.319,1,0.338,227.405,0.377,0.13777,187.66,4.0,0.353,0,1994,inspiral carpets,0
0.598726841,0.426892681,ARG09R51187FB4D5C2,34.60515,0,-98.38983,Bryan White,0.0,country,1.0,759494,0,0.0,1.0,0.009,0.95326,0.882,0.49091,240.90077,3.1,0.0,SOSQILZ12AB0185AFB,0.0,0.834,-8.278,1,0.642,231.793,0.138,0.25497,126.618,4.0,0.0,0,1999,bryan white,0
0.693287839,0.393274491,ARMPQIE1187FB3D4EB,0.0,0,0.0,Bounty Killer,0.0,dancehall,0.998924521,138140,0,0.0,1.0,0.322,0.59037,0.668,0.59037,225.25342,0.113,-1.0,SOLYFEM12A8AE4836E,7.0,0.339,-7.629,1,0.182,220.816,0.366,0.13609,96.006,4.0,0.516,0,2001,bounty killer,0
0.614345532,0.406591477,ARO7FES1187B9A59BE,43.1763,0,-76.27503,M.I.K.E.,0.0,progressive trance,0.964570927,391019,0,0.0,0.0,0.0,0.70293,1.0,0.25833,440.52853,0.241,0.340922756,SOHOSLP12AB01805E6,6.0,0.024,-10.744,1,0.405,398.385,1.0,0.03603,135.053,4.0,0.0,0,2006,m.i.k.e.,0
0.655483478,0.445216987,ARXGASQ1187FB3C727,0.0,0,0.0,Camp Lo,0.0,pop rap,0.964222633,614267,0,0.0,1.0,0.031,1.88692,0.534,0.54087,214.46485,0.177,0.413739836,SOMTPYO12A8C14413D,9.0,0.203,-9.06,0,0.2,214.465,0.499,0.03972,90.983,3.0,0.467,0,2009,camp lo,0
0.44104996,0.353000688,ARSF4161187B9B449F,0.0,0,0.0,The Gone Jackals,0.0,blues-rock,0.796353591,457876,0,0.0,0.0,0.234,0.53009,1.0,0.19079,228.93669,0.34,0.386790177,SOAEPLE12AB0186815,2.0,0.482,-5.376,1,0.497,212.753,0.406,0.19079,177.563,3.0,0.907,0,1998,the gone jackals,0
0.6742378,0.46527021,ARJ2PMY1187FB5B563,0.0,0,0.0,Burning Spear,0.0,roots reggae,1.0,784940,0,0.0,1.0,1.0,0.91432,1.0,0.91432,146.88608,0.532,0.521659258,SOJIRPT12AB01877A6,11.0,0.509,-13.615,0,0.34,138.826,0.373,0.68494,135.033,1.0,0.0,0,2009,burning spear,0
0.819568422,0.597867168,ARSW5F51187FB4CFC9,0.0,0,0.0,Alice In Chains,0.0,grunge,0.99997762,290005,0,0.0,2.0,0.308,2.34296,0.948,0.30423,261.77261,0.275,-1.0,SODTJWJ12CF5F88321,3.0,0.165,-9.66,0,0.301,258.473,0.522,0.05327,114.758,5.0,1.0,0,1990,alice in chains,0
0.710901466,0.517990221,ARANIJI11F4C83EFD2,0.0,0,0.0,Toots & The Maytals,0.0,reggae,1.0,420138,0,0.0,1.0,0.188,1.43206,0.403,0.32174,169.53424,0.0,-1.0,SOMDRBE12AB01813EA,4.0,0.59,-5.914,1,0.47,164.368,0.116,0.13112,163.748,7.0,0.641,0,1984,toots & the maytals,0
0.710445622,0.540630686,AR2UQQ51187B9AC816,0.0,0,0.0,Gipsy Kings,0.0,flamenco,0.908599834,289146,0,0.0,1.0,0.127,0.86186,0.0,0.36022,222.92853,3.291,0.523166108,SOGTRKA12A8C137D72,7.0,0.697,-5.057,1,0.526,216.213,0.11,0.10654,118.056,4.0,1.0,0,2001,gipsy kings,0
0.462384382,0.344318542,ARXOUML1187FB48ACB,45.51179,0,-122.67563,Patrick Lamb,0.0,bossa nova,0.970961983,605707,0,0.0,0.0,0.04,1.90116,0.985,0.61316,290.37669,0.0,0.0,SOQVDWT12AC468A52B,5.0,0.272,-5.536,1,0.311,275.215,0.797,0.45195,93.041,4.0,0.0,0,2007,patrick lamb,0
0.61828473,0.414275682,ARDDWUI1187FB379F7,60.17116,0,24.93258,Amoral,0.0,death metal,1.0,550937,0,0.0,1.0,0.04,1.73354,0.608,0.03904,520.88118,0.0,0.450762242,SOHSENM12AB017FFF5,7.0,0.344,-5.532,1,0.468,499.995,0.766,0.03904,141.746,5.0,0.329,0,2004,amoral,0
0.726959806,0.45686542,AROLDZG1187FB50AFB,0.0,0,0.0,Melvins,0.0,sludge metal,1.0,565234,0,0.0,0.0,0.328,0.18273,0.328,0.18273,165.38077,0.0,0.334706549,SOAIQBP12AB01899F4,7.0,0.855,-14.682,1,0.598,165.381,0.0,0.18273,115.007,1.0,0.186,0,2009,melvins,0
0.665728336,0.456940558,ARHONG11187FB3B120,29.78772,0,-95.82333,L.A. Guns,0.0,heavy metal,0.998509337,95431,0,0.0,0.0,0.164,0.08382,0.0,0.08382,398.44526,0.0,0.64068403,SOWWLVP12A8C138BFB,1.0,0.584,-9.244,1,0.505,387.634,0.554,0.08382,150.3,4.0,0.41,0,1989,l.a. guns,0
0.803810768,0.559925869,ARS86AJ1187B9B4225,0.0,0,0.0,Janis Joplin,0.0,blues-rock,0.999754249,280736,0,0.0,2.0,0.547,1.3791,0.716,0.61938,266.23955,0.0,-1.0,SONIHFO12CF5F87D6C,4.0,0.625,-10.561,1,0.548,245.754,0.904,0.23998,80.455,4.0,0.004,0,1972,janis joplin,0
0.262850216,0.0,ARN6EWN1187B9A4600,29.89932,0,-93.92938,Jimmy Wyble,0.0,western swing,1.0,208882,0,0.0,0.0,0.081,4.18461,0.742,0.44736,181.96853,0.218,0.266955186,SOVJUCU12A8C138B3E,8.0,0.424,-18.891,1,0.327,174.55,0.062,0.0613,80.016,7.0,0.494,0,2005,jimmy wyble,0
0.481180212,0.379495651,ARUUXNF1187B98FB36,0.0,0,0.0,Charlie Peacock,0.0,ccm,1.0,152528,0,0.0,0.0,0.067,0.92654,0.322,0.42238,202.34404,0.136,0.288481643,SOHSILH12A58A7CA6B,4.0,0.1,-9.535,1,0.427,190.409,0.839,0.17093,118.155,4.0,1.0,0,1988,charlie peacock,0
0.337361713,0.258106247,ARZMWNY1187B99EBF1,41.82387,0,-71.41199,Paul Geremia,0.0,country blues,1.0,620938,0,0.0,0.0,0.523,0.37272,0.523,0.37272,204.56444,0.397,0.319565987,SOOGMHS12AB017D84A,0.0,0.907,-14.554,1,0.696,196.325,0.0,0.16765,116.318,1.0,0.0,0,2004,paul geremia,0
0.589995162,0.307711679,ARUAKAN1187FB48204,39.2794,0,-74.57555,Walter Trout,0.0,blues-rock,1.0,653733,0,0.0,0.0,0.041,1.08877,0.701,0.36409,233.24689,0.148,0.0,SOFNSNQ12AB01833D2,7.0,0.654,-8.392,1,0.537,217.594,0.368,0.18992,166.411,4.0,0.81,0,1997,walter trout,0
0.925191958,0.662876286,AR9LJ9D1187FB4303D,18.01571,0,-76.79731,Sean Kingston,0.0,reggae,1.0,636998,0,0.0,1.0,0.344,0.63383,0.65,0.27609,184.58077,0.061,0.917551963,SODKVWC12AF72A53CF,2.0,0.133,-3.426,1,0.286,179.304,0.857,0.09854,168.02,4.0,0.777,0,2009,sean kingston,0
0.594866646,0.382846902,ARE36MM1187B991E50,31.1689,0,-100.07715,Blind Lemon Jefferson,0.0,country blues,0.950349624,566576,0,0.0,1.0,0.397,0.10919,0.397,0.10919,165.35465,0.374,-1.0,SOFUKSP12A8C1416DC,5.0,0.348,-24.321,0,0.312,154.877,0.131,0.10919,132.59,1.0,0.209,0,1972,blind lemon jefferson,0
0.540032834,0.35697026,ARRJFJ31187B9961EF,0.0,0,0.0,Sergio Dalma,0.0,ballad,1.0,226246,0,0.0,0.0,0.394,0.93316,0.0,0.45367,279.24853,3.849,0.0,SOWDQHL12A6D4FAE8F,0.0,0.711,-6.213,1,0.656,264.806,0.278,0.22484,124.008,4.0,0.999,0,1995,sergio dalma,0
0.509473277,0.354295581,ARMZJIZ1241B9CA2DB,37.16793,0,-95.84502,The Jane Shermans,0.0,dance-punk,1.0,572479,0,0.0,0.0,0.017,0.62595,1.0,0.19778,235.49342,0.177,0.202216974,SORYSZW12AB0188A2A,2.0,0.804,-6.299,1,0.569,223.155,1.0,0.19778,140.143,4.0,0.166,0,2008,the jane shermans,0
0.839297678,0.718891456,ARDVZTE1187FB5A0A1,0.0,0,0.0,Bon Jovi,0.0,rock,1.0,234700,0,0.0,1.0,0.406,0.35881,0.762,0.35881,286.35383,0.228,-1.0,SOJWCMG12A8AE46D46,1.0,0.686,-3.38,1,0.648,282.366,0.335,0.13715,134.293,4.0,0.0,0,2007,bon jovi,0
0.541231189,0.360170271,ARUNYOW1187FB43F2A,34.96578,0,-80.07691,Blind Boy Fuller,0.0,country blues,0.975305276,559619,0,0.0,0.0,0.005,0.82934,0.559,0.14369,151.19628,0.0,0.0,SOTOIUP12AB0180CA0,10.0,0.639,-14.243,1,0.511,146.86,0.019,0.14369,87.899,4.0,0.086,0,2005,blind boy fuller,0
0.446151505,0.311269885,AR0TZ7T1187B994E37,42.33168,0,-83.04792,"Dave ""Baby"" Cortez",0.0,instrumental rock,1.0,714006,0,0.0,0.0,0.553,0.45277,0.0,0.12931,125.6224,0.589,-1.0,SOSLKBG12AB018D75E,0.0,0.595,-11.19,1,0.732,116.088,0.627,0.12931,185.559,4.0,0.159,0,1976,"dave ""baby"" cortez",0
0.602766934,0.463192852,ARH1LE01187B98D68D,0.0,0,0.0,John Debney,0.0,pop rock,0.964523997,286891,0,0.0,1.0,0.012,1.35553,0.919,0.66476,74.762,0.229,0.0,SOBCOMU12A8C1330B0,0.0,0.0,-17.712,1,0.0,66.113,0.363,0.31307,83.95,4.0,0.66,0,2003,john debney,0
0.701260701,0.418894705,AR8B1WY1187FB38366,0.0,0,0.0,Rakim,0.0,hip hop,1.0,309106,0,0.0,1.0,0.185,2.19562,0.892,0.70228,79.93424,0.258,0.621126117,SONDBYI12A6310D81C,0.0,0.279,-22.214,1,0.286,76.788,0.697,0.3134,50.059,4.0,0.0,0,1997,rakim,0
0.620392056,0.390660523,ARLDW2Y1187B9B544F,39.75911,0,-84.19444,Tommy James And The Shondells,0.0,brill building pop,0.939209027,60341,0,0.0,0.0,0.962,0.44248,0.962,0.44248,146.02404,0.347,0.641228739,SOKEAOU12A6D4FB6B2,0.0,0.695,-11.693,1,0.536,133.224,0.449,0.44248,133.312,1.0,0.0,0,1989,tommy james and the shondells,0
0.706827671,0.416173065,ARB29H41187B98F0EF,41.88415,0,-87.63241,Terry Callier,0.0,soul jazz,0.985011245,55301,0,0.0,1.0,0.402,0.65026,0.0,0.65026,258.19383,2.792,0.360370583,SONFVHA12A6D4F932F,7.0,0.675,-19.933,1,0.642,252.36,0.091,0.31334,92.927,3.0,1.0,0,2007,terry callier,0
0.662670207,0.378969801,AR0V36F1187FB366B1,53.41961,0,-8.24055,The Chieftains,0.0,irish folk,1.0,331631,0,0.0,2.0,0.008,1.04372,0.0,0.75599,187.92444,0.0,0.518759898,SOFMCTW12A8C139DDA,7.0,0.768,-6.984,0,0.67,185.365,0.142,0.61036,210.957,4.0,0.0,0,2003,the chieftains,0
0.376419611,0.208578174,ARJO8W91187B9AB734,0.0,0,0.0,Count Ossie,0.0,roots reggae,1.0,372022,0,0.0,0.0,0.759,0.64484,0.759,0.64484,234.9971,0.0,0.335920479,SOBRNCK12A8C13FB92,11.0,0.948,-14.835,1,0.718,220.787,0.692,0.44291,137.714,1.0,0.0,0,1994,count ossie,0
0.462996094,0.329391949,AR858UO1187FB437B4,35.21962,0,-80.01955,Precious Bryant,0.0,blues,1.0,485079,0,0.0,0.0,0.776,0.04296,0.776,0.04296,164.8322,0.206,0.265861049,SOIPEKK12AB01805B4,9.0,0.537,-11.425,1,0.488,154.738,0.28,0.04296,130.453,1.0,0.522,0,2002,precious bryant,0
0.665322162,0.394217199,ARRJNTE1187FB44E12,0.0,0,0.0,Casiotone For The Painfully Alone,0.0,trip hop,0.877629027,316960,0,0.0,1.0,1.0,0.48609,1.0,0.48609,115.17342,0.165,0.557187768,SOBQKWL12A8C14337F,0.0,0.614,-7.807,1,0.605,107.503,0.723,0.24028,125.663,1.0,0.0,0,2008,casiotone for the painfully alone,0
0.435105061,0.315919019,AROMMO41187B99F8FF,38.99792,0,-105.55096,Jeff Wahl,0.0,meditation,0.920206362,537210,0,0.0,0.0,0.007,0.46355,1.0,0.21548,43.88526,0.113,0.0,SOUCLBZ12AB0182A5A,1.0,0.395,-23.366,0,0.484,43.885,0.719,0.09516,243.195,4.0,0.0,0,2003,jeff wahl,0
0.063391824,0.289191235,ARSIECN1257509EBB0,0.0,0,0.0,Kapelle Herrenweide,0.0,humppa,0.844677833,688967,0,0.0,0.0,0.767,0.09143,0.767,0.09143,214.36036,0.061,-1.0,SOGVPUQ12AC468BCA8,2.0,0.568,-12.246,0,0.585,207.499,0.386,0.09143,109.293,1.0,0.0,0,2009,kapelle herrenweide,0
0.602766934,0.463192852,ARH1LE01187B98D68D,0.0,0,0.0,John Debney,0.0,pop rock,0.964523997,662608,0,0.0,1.0,0.448,4.43525,0.868,0.86496,76.79955,0.327,0.304169503,SOEKMUY12AB018CB47,10.0,0.193,-32.637,1,0.38,67.895,0.056,0.54095,91.249,4.0,0.568,0,1999,john debney,0
0.392710303,0.311789406,ARO6WZY1187FB3A86E,0.0,0,0.0,Sonic Subjunkies,0.0,jungle music,0.991696732,505296,0,0.0,0.0,0.352,0.87691,0.532,0.05024,327.73179,0.398,0.340922756,SOZVXUQ12AB01832CC,7.0,0.022,-10.22,1,0.368,321.3,0.451,0.05024,149.853,3.0,1.0,0,1995,sonic subjunkies,0
0.851417629,0.592614927,AR3JMC51187B9AE49D,28.53823,0,-81.37739,Backstreet Boys,0.0,teen pop,1.0,589319,0,0.0,2.0,0.264,1.01487,0.082,0.52183,228.38812,0.0,0.581987157,SOKEFDU12AB0187D54,6.0,0.296,-5.98,0,0.547,225.303,0.895,0.52183,122.988,4.0,0.317,0,2009,backstreet boys,0
0.609819761,0.419967936,AR8FMEN1187FB4A657,34.05349,0,-118.24532,Lizzy Borden,0.0,heavy metal,1.0,559847,0,0.0,0.0,0.041,0.80551,0.625,0.25575,371.19955,0.165,0.375984302,SOFGBOY12AB018549F,5.0,0.07,-9.657,1,0.209,364.588,0.255,0.25575,107.886,4.0,0.652,0,1985,lizzy borden,0
0.496291469,0.376349323,ARZXYRK1187B99E432,0.0,0,0.0,John Stevens,0.0,free jazz,0.975344816,132728,0,0.0,1.0,0.151,0.98003,0.712,0.74238,245.44608,0.729,0.574882892,SOQBKAT12A81C20661,10.0,0.545,-12.785,1,0.39,235.021,0.712,0.74238,244.366,4.0,0.294,0,2005,john stevens,0
0.691956473,0.460389582,ARN2C4X1187B9B363C,26.12367,0,-80.14356,Jack Off Jill,0.0,dark wave,0.868718042,246583,0,0.0,0.0,0.916,0.31171,0.916,0.31171,149.36771,0.286,0.613652202,SOSUVCW12A8C13580D,8.0,0.436,-12.625,1,0.498,144.782,1.0,0.31171,177.866,1.0,0.0,0,1995,jack off jill,0
0.640757317,0.451219237,ARMSL551187FB3F4B0,0.0,0,0.0,K's Choice,0.0,post-grunge,1.0,290001,0,0.0,0.0,0.115,0.75081,0.071,0.39968,207.56853,0.0,-1.0,SOIXENX12A8C134CE1,9.0,0.326,-11.622,1,0.481,207.569,0.179,0.22455,171.648,4.0,0.437,0,2000,k's choice,0
0.774037142,0.521726648,ARL3VGT1187FB40E8E,-34.60852,0,-58.37354,Los Fabulosos Cadillacs,0.0,ska,1.0,346407,0,0.0,1.0,0.0,0.0,0.0,0.0,187.0624,0.0,0.43483809,SOSPNDI12AB017F769,0.0,0.881,-15.909,0,0.758,182.904,0.0,0.0,0.0,4.0,0.761,0,1986,los fabulosos cadillacs,0
0.686221995,0.48607238,AR5LE4K1187FB4C3BE,0.0,0,0.0,John Hiatt,0.0,southern rock,0.937278773,47633,0,0.0,1.0,0.094,0.45137,0.537,0.11788,239.5424,0.403,0.608552821,SOFZNZA12A6D4F8B0D,9.0,0.443,-8.626,1,0.275,229.529,0.825,0.11788,181.355,4.0,0.472,0,1987,john hiatt,0
0.545866609,0.375362434,ARH0Z131187B9B69E9,40.8079,0,-73.9454,Kool Moe Dee,0.0,hip hop,1.0,342581,0,0.0,1.0,0.089,0.0797,0.916,0.0797,219.76771,0.318,0.386790177,SOOCRIF12AB0181137,5.0,0.853,-16.205,1,0.421,208.718,1.0,0.0797,107.905,4.0,0.967,0,1989,kool moe dee,0
0.603550952,0.303618163,ARB5S4L1187FB4AD20,0.0,0,0.0,Carlos Ponce,0.0,male vocalist,0.86803755,154404,0,0.0,0.0,0.144,2.05499,0.507,0.6371,269.97506,0.253,0.371458477,SOAJEOO12A8C13A2FF,1.0,0.378,-8.704,0,0.41,258.955,0.639,0.16306,84.631,5.0,0.899,0,1999,carlos ponce,0
0.491050168,0.355008769,ARWLJLY1187B9AD881,0.0,0,0.0,Desert Dwellers,0.0,progressive house,0.932922678,225132,0,0.0,0.0,0.08,4.51056,0.376,0.88655,406.17751,3.657,0.483891999,SOKHEON12A8C13EABE,10.0,0.516,-11.128,1,0.477,406.178,0.0,0.88655,86.675,3.0,0.291,0,2006,desert dwellers,0
0.609819761,0.419967936,AR8FMEN1187FB4A657,34.05349,0,-118.24532,Lizzy Borden,0.0,heavy metal,1.0,559955,0,0.0,0.0,0.024,0.88851,0.798,0.37567,235.65016,0.334,0.511424326,SOQHTSH12AB01849EE,10.0,0.13,-3.053,0,0.378,218.25,0.9,0.11861,115.418,4.0,0.007,0,2000,lizzy borden,0
0.68508049,0.460703675,ARGS67J1187FB3FC1A,37.27188,0,-119.27023,Righteous Brothers,0.0,blue-eyed soul,1.0,495087,0,0.0,0.0,0.228,0.31685,0.878,0.31685,188.55138,0.27,0.0,SOIGYUY12A6D4F8A3F,3.0,0.006,-8.602,1,0.325,180.651,0.664,0.31685,103.225,4.0,0.885,0,1999,righteous brothers,0
0.758299704,0.493629438,ARUHYH21187B98BA89,44.23153,0,-76.47933,The Tragically Hip,0.0,roots rock,0.946109067,358351,0,0.0,0.0,0.139,0.76993,0.435,0.03914,219.89832,0.0,0.471578248,SOAFHVH12AAF3B11C8,4.0,0.447,-3.926,1,0.452,210.686,0.791,0.03914,165.224,3.0,0.855,0,2006,the tragically hip,0
0.576404205,0.450546674,ARPNDSH1187B9B942F,0.0,0,0.0,Sui Generis,0.0,cumbia,0.901803307,509704,0,0.0,0.0,0.095,0.07969,0.0,0.07969,319.00689,0.0,0.266955186,SOGKRNG12AB01862A3,9.0,0.259,-14.886,0,0.428,313.934,0.216,0.07969,109.305,5.0,0.795,0,1975,sui generis,0
0.369988124,0.26173013,ARPTHEV123E29C17B3,0.0,0,0.0,Flowin Immo et Les Freaqz,0.0,hip hop,1.0,758701,0,0.0,0.0,0.405,1.70059,0.615,0.49819,185.10322,2.496,0.299877488,SOETVON12AB0181732,4.0,0.138,-6.79,0,0.339,173.244,0.156,0.19686,51.714,4.0,0.0,0,2009,flowin immo et les freaqz,0
0.683771102,0.513300123,AR3USQW1187FB4A90D,0.0,0,0.0,Bebo Norman,0.0,ccm,1.0,524252,0,0.0,1.0,0.527,0.23186,0.0,0.23186,280.39791,2.955,0.473346541,SOEJCNS12A8C142BBE,1.0,0.444,-5.174,1,0.537,269.636,0.162,0.23186,144.022,4.0,0.754,0,2004,bebo norman,0
0.645426499,0.438779161,ARKQ6QN1187B9B016D,52.05777,0,1.14378,Photek,0.0,jungle music,0.928765186,29172,0,0.0,1.0,0.05,0.84671,0.895,0.27848,157.3873,0.199,0.468997788,SOYASGU12A6D4F89BE,2.0,0.087,-15.006,1,0.599,157.387,0.338,0.27848,105.085,4.0,1.0,0,2000,photek,0
0.496152636,0.363506516,ARUK0W21187B995456,0.0,0,0.0,Isabel Pantoja,0.0,flamenco,1.0,225923,0,0.0,0.0,0.128,0.24229,0.0,0.24229,237.322,4.696,-1.0,SOFXDAO12A6D4FA140,4.0,0.837,-8.361,0,0.768,233.372,0.049,0.24229,128.502,3.0,0.708,0,1999,isabel pantoja,0
0.628290857,0.36416381,ARNR58F1187FB52FA9,0.0,0,0.0,BigElf,0.0,stoner rock,0.938235125,593775,0,0.0,0.0,0.009,0.99845,0.769,0.4979,225.59302,0.288,0.664542415,SOGCZSL12AB018572C,10.0,0.252,-4.456,0,0.261,216.938,0.621,0.24204,120.07,4.0,0.033,0,2008,bigelf,0
0.575844757,0.426851853,AR6IJJ41187B98C872,26.30116,0,-98.1607,Bobby Pulido,0.0,tejano,1.0,153196,0,0.0,0.0,0.217,0.49776,0.833,0.19035,233.06404,0.253,0.0,SOZVJGT12A8C137370,2.0,0.636,-9.433,1,0.621,223.3,0.562,0.03927,199.826,4.0,0.0,0,1996,bobby pulido,0
0.661766092,0.257381628,ARYGSFW1187FB519B1,0.0,0,0.0,Mike And The Mechanics,0.0,pop rock,1.0,28754,0,0.0,0.0,0.008,1.02881,0.0,0.41491,283.24526,2.961,-1.0,SOBDCWG12A6D4F832E,5.0,0.644,-6.951,1,0.525,269.886,0.056,0.11064,97.882,4.0,1.0,0,1988,mike and the mechanics,0
0.749077779,0.447330487,ARHKQGH1187B9A4DB4,0.0,0,0.0,In Extremo,0.0,heavy metal,1.0,428422,0,0.0,1.0,0.673,0.44875,0.673,0.44875,297.45587,0.0,-1.0,SOOVHAY12A8C143418,2.0,0.639,-5.065,0,0.603,297.456,0.194,0.44875,110.133,1.0,0.0,0,2000,in extremo,0
0.508058613,0.372298573,ARLQ5EV1187FB4491D,38.99792,0,-105.55096,Don Francisco,0.0,ccm,1.0,578298,0,0.0,0.0,0.097,1.89791,0.0,0.21032,280.73751,2.49,0.445454526,SOVCOGQ12A58A7D0DE,7.0,0.718,-15.636,1,0.712,273.81,0.388,0.21032,103.584,7.0,0.438,0,1991,don francisco,0
0.694357746,0.520784107,ARJ5FD21187FB43F12,0.0,0,0.0,Mavado,0.0,reggaeton,0.998265719,117351,0,0.0,1.0,0.251,0.23457,0.355,0.23457,211.30404,0.0,0.478726289,SOUHUZR12A8C13E7A6,7.0,0.438,-6.088,1,0.474,211.304,0.606,0.23457,125.348,3.0,1.0,0,2007,mavado,0
0.687694457,0.441643405,ARGYHUI1187B9AC2A5,0.0,0,0.0,Hanoi Rocks,0.0,heavy metal,0.997080677,162141,0,0.0,1.0,0.045,0.73229,0.589,0.05513,240.66567,0.0,0.327736683,SOXXBFW12A8C13D1E6,4.0,0.62,-3.764,1,0.654,230.864,0.392,0.05513,126.105,4.0,0.0,0,2005,hanoi rocks,0
0.686811617,0.443875676,AR3TG3X1187FB4D577,52.51607,0,13.37698,Atari Teenage Riot,0.0,breakcore,1.0,505438,0,0.0,3.0,0.368,0.94686,0.385,0.41072,231.47057,0.0,-1.0,SOILOWM12AB018648D,11.0,0.016,-5.054,0,0.269,231.471,0.017,0.1524,114.037,4.0,1.0,0,1997,atari teenage riot,0
0.686988955,0.606630152,ARX9YIP1187B98A656,0.0,0,0.0,RUN-DMC,0.0,hip hop,1.0,307454,0,0.0,1.0,0.08,0.67885,0.0,0.0588,101.74649,0.0,0.270775999,SORURGG12A8C13E8BF,1.0,0.095,-6.905,0,0.486,101.746,1.0,0.0588,96.686,4.0,0.976,0,1988,run-dmc,0
0.534464352,0.368689373,AR243ZT1187B9A98D2,32.29869,0,-90.18049,Otis Spann,0.0,piano blues,1.0,379517,0,0.0,0.0,0.489,0.44273,0.346,0.44273,233.63873,0.518,0.680655631,SONFGZA12AB018643D,5.0,0.655,-23.893,1,0.646,224.653,0.065,0.18696,115.38,3.0,0.689,0,1989,otis spann,0
0.52607728,0.374560253,AR4MCB01187B98BF5C,0.0,0,0.0,Atman,0.0,downtempo,1.0,555390,0,0.0,0.0,0.008,0.75537,0.692,0.75537,268.22485,4.673,0.379523324,SOLLQVT12A81C208EF,1.0,0.664,-11.783,0,0.592,261.433,0.057,0.43874,91.007,4.0,1.0,0,2002,atman,0
0.534392294,0.345174319,ARDE7I31187FB43352,23.1168,0,-82.38859,Gonzalo Rubalcaba,0.0,latin jazz,1.0,34483,0,0.0,0.0,1.0,0.55951,1.0,0.55951,206.00118,0.177,-1.0,SOGOXVK12A6D4F91F9,3.0,0.569,-24.57,1,0.483,206.001,0.773,0.19891,72.071,1.0,0.0,0,2006,gonzalo rubalcaba,0
0.668020249,0.516963731,ARYF20K1187B9B76BD,0.0,0,0.0,George Lopez,0.0,california,1.0,591018,0,0.0,0.0,0.251,0.06092,0.251,0.06092,261.51138,0.0,-1.0,SOUDIVN12AF72A07D7,5.0,0.253,-15.336,1,0.352,256.801,0.562,0.06092,83.883,1.0,0.568,0,2003,george lopez,0
0.858270678,0.515325301,ARMB95F1187B9B5B93,40.8079,0,-73.9454,Cam'Ron / Juelz Santana,0.0,hip hop,0.999845667,64782,0,0.0,1.0,0.112,1.71975,0.205,0.63607,366.05342,0.0,0.474054831,SOKOYJZ12A8C13FB58,2.0,0.0,-6.426,1,0.0,359.619,0.0,0.27485,110.57,3.0,1.0,0,2002,cam'ron / juelz santana,0
0.612770671,0.372890581,ARGXXNS1187FB4BAA4,0.0,0,0.0,Minipop,0.0,dream pop,0.934041879,725703,0,0.0,0.0,0.051,1.20726,0.986,0.46259,163.00363,2.038,0.673074435,SOTJIBZ12A58A79560,2.0,0.208,-4.993,1,0.523,151.005,0.192,0.46259,160.051,4.0,0.614,0,2007,minipop,0
0.508636229,0.372119119,AREUYDJ1187B9BA040,0.0,0,0.0,Krystof,0.0,soft rock,0.998367287,72104,0,0.0,1.0,0.159,0.49026,0.39,0.49026,301.24363,2.485,0.413739836,SOBLFTH12A6BD53D38,0.0,0.0,-7.016,1,0.271,292.838,0.432,0.2031,105.157,3.0,0.904,0,2004,krystof,0
0.528736353,0.321366997,AR2BBHS1187FB4AE06,0.0,0,0.0,Jeff Beck Group,0.0,blues-rock,0.968240739,280787,0,0.0,0.0,0.0,2.33987,0.0,2.33987,367.46404,2.676,0.284327696,SOCXWVO12A58A7E7C6,0.0,0.555,-12.569,1,0.333,335.43,0.244,2.14276,159.415,1.0,0.0,0,1971,jeff beck group,0
0.556997728,0.391587029,ARPH0O91187B99706D,53.41961,0,-8.24055,Taste,0.0,blues-rock,1.0,15931,0,0.0,0.0,0.497,0.38791,0.497,0.38791,362.03057,0.194,0.698708462,SOFOYJY12A679D30E3,9.0,0.44,-13.839,0,0.492,354.592,0.275,0.20506,161.529,1.0,0.0,0,1970,taste,0
0.637772159,0.540832552,AR2O3B51187B98CD94,35.2225,0,-80.83754,Cece Winans,0.0,ccm,1.0,514111,0,0.0,0.0,0.259,0.97446,0.975,0.49251,248.99873,0.206,0.349166902,SOUKYBX12AF72AB35E,0.0,0.282,-7.181,0,0.561,231.277,0.727,0.25094,124.332,4.0,0.428,0,1998,cece winans,0
0.710901466,0.517990221,ARANIJI11F4C83EFD2,0.0,0,0.0,Toots & The Maytals,0.0,reggae,1.0,764874,0,0.0,1.0,0.008,1.21974,0.96,0.19157,125.88363,0.148,0.460963161,SOXBXWO12AF72A719A,5.0,0.673,-9.969,1,0.505,120.448,0.873,0.19157,115.75,4.0,1.0,0,1998,toots & the maytals,0
0.567278871,0.405178359,AREOGMA1187B9908EF,37.77916,0,-122.42005,Hot Tuna,0.0,blues-rock,1.0,425551,0,0.0,1.0,0.0,1.37444,0.0,1.37444,375.562,3.884,-1.0,SODQLZO12A8C14308B,2.0,0.169,-15.202,1,0.327,370.84,0.075,1.11498,116.806,1.0,0.0,0,1970,hot tuna,0
0.78041271,0.369803828,AR2AGLK1187B9AAAD0,34.05349,0,-118.24532,Year Long Disaster,0.0,stoner rock,0.982747227,707594,0,0.0,0.0,0.078,0.42818,1.0,0.06693,222.04036,0.131,0.650248724,SOBFTUR12AB0184285,9.0,0.493,-4.776,1,0.396,217.025,0.475,0.06693,166.025,4.0,0.792,0,2010,year long disaster,0
0.498834974,0.379960767,AR9OLFX1187B9A5762,31.30757,0,-96.63166,Bob Wills,0.0,western swing,1.0,120595,0,0.0,0.0,0.343,0.70382,0.368,0.70382,137.42975,0.276,-1.0,SOCBXDX12A8C13EE08,0.0,0.557,-15.987,1,0.622,132.122,0.504,0.34109,86.197,4.0,0.708,0,1991,bob wills,0
0.595554054,0.400705227,ARPAAPH1187FB3601B,0.0,0,0.0,Bacilos,0.0,vallenato,0.941710026,104256,0,0.0,0.0,0.042,0.7604,0.0,0.37525,229.32853,1.088,0.542898743,SOVIPHT12A8C139E9B,10.0,0.19,-5.047,1,0.205,227.103,0.449,0.18219,156.002,4.0,0.974,0,2004,bacilos,0
0.450053568,0.395352793,AR9YI7H1187B9960E3,0.0,0,0.0,Dobet GnahorA(c),0.0,blues-rock,0.93696032,800719,0,0.0,0.0,0.12,1.05051,1.0,0.17781,46.21016,0.311,0.405115722,SOBYHEB12AB01877E6,1.0,0.663,-15.912,0,0.623,46.21,0.422,0.17781,142.782,3.0,0.914,0,2010,dobet gnahora(c),0
0.747061427,0.327526078,AR8J63I119B8668504,0.0,0,0.0,Red I Flight,0.0,death core,0.976061067,212771,0,0.0,0.0,0.022,1.45853,0.867,0.16129,259.29098,0.45,0.358976526,SOYEJKC12A8C136E3D,6.0,0.087,-5.033,1,0.244,256.296,0.725,0.16129,92.439,4.0,0.734,0,2008,red i flight,0
0.500528353,0.401354215,AR6PMJQ1187B9B9655,0.0,0,0.0,3 Steps Ahead,0.0,gabba,1.0,713439,0,0.0,0.0,0.328,1.00219,0.328,1.00219,45.50485,0.0,-1.0,SONHYZF12AB0186F67,9.0,0.523,-16.459,0,0.497,45.505,0.656,0.61858,74.551,1.0,0.0,0,1997,3 steps ahead,0
0.375736887,0.447386029,ARDCQM61187B9951CE,-33.86963,0,151.20695,Sneaky Sound System,0.0,alternative dance,0.862639088,401488,0,0.0,1.0,0.003,0.57359,0.857,0.1599,342.02077,0.136,0.0,SOSLBDO12AB018117E,11.0,0.345,-6.424,0,0.422,329.706,0.997,0.1599,145.032,4.0,0.743,0,2006,sneaky sound system,0
0.58097151,0.34873593,ARELFAE1187FB40D0A,0.0,0,0.0,Bally Sagoo,0.0,bhangra,0.886340165,198380,0,0.0,1.0,0.003,0.67583,0.713,0.04441,282.25261,0.0,0.0,SOSBJIU12A8C1345E7,6.0,0.817,-12.686,0,0.679,263.227,0.658,0.04441,96.043,4.0,0.676,0,2003,bally sagoo,0
0.481621471,0.384201629,ARMWXUE1187B9B9D3D,0.0,0,0.0,Los Titanes,0.0,salsa,1.0,234738,0,0.0,0.0,0.009,0.69647,0.958,0.10495,214.17751,0.183,0.465641758,SOISHGK12A8AE452B3,2.0,0.196,-6.453,1,0.559,210.483,0.385,0.10495,103.548,4.0,0.41,0,2008,los titanes,0
0.636423645,0.447935481,ARD842G1187B997376,43.64856,0,-79.38533,Blue Rodeo,0.0,country rock,1.0,217966,0,0.0,2.0,0.154,0.35759,0.55,0.35759,251.402,0.0,0.334706549,SOVEVEW12A8C13D5A6,7.0,0.655,-7.225,1,0.807,240.477,0.652,0.35759,121.795,4.0,0.522,0,2007,blue rodeo,0
0.22873031,0.308303462,ARDUJZJ1252CCFA253,0.0,0,0.0,Whitney Cummings,0.0,stand-up comedy,0.839689315,629748,0,0.0,0.0,0.379,0.43666,0.379,0.43666,48.63955,0.0,0.215080319,SOVZRDZ12AB0185294,6.0,0.14,-4.429,0,0.241,48.64,0.238,0.20226,106.41,1.0,0.0,0,2009,whitney cummings,0
0.46258544,0.309656149,ARFLBJQ1187B9B928D,0.0,0,0.0,Nando Lauria,0.0,latin jazz,1.0,399772,0,0.0,0.0,0.412,0.59455,0.444,0.59455,210.52036,0.224,0.425304242,SOOOUCP12AB0180D5B,10.0,0.71,-12.928,1,0.773,198.972,0.38,0.30726,106.658,4.0,1.0,0,2003,nando lauria,0
0.577612661,0.446363868,ARNSAEA1187B9B908E,18.01361,0,-66.6149,Cheo Feliciano,0.0,salsa,1.0,366780,0,0.0,1.0,0.007,0.7858,0.79,0.42849,269.26975,3.495,-1.0,SOLAJJX12AB01824B9,3.0,0.589,-6.071,1,0.486,262.397,0.156,0.42849,165.346,4.0,0.117,0,1972,cheo feliciano,0
0.719492291,0.467565441,ARWVOHH1187FB5974B,0.0,0,0.0,Screamin' Jay Hawkins,0.0,rock 'n roll,0.999779173,95340,0,0.0,1.0,0.438,0.58693,0.438,0.58693,211.33016,0.293,-1.0,SOQLGZH12AF729B7CF,5.0,0.844,-6.56,0,0.786,205.05,0.626,0.34225,130.335,1.0,0.606,0,1956,screamin' jay hawkins,0
0.52607728,0.374560253,AR4MCB01187B98BF5C,0.0,0,0.0,Atman,0.0,downtempo,1.0,553001,0,0.0,0.0,0.003,1.76483,0.411,0.76344,290.48118,2.328,0.313562114,SOQMNBZ12A81C2301E,9.0,0.683,-8.732,0,0.317,282.889,0.217,0.51247,118.058,4.0,0.876,0,2005,atman,0
0.495518893,0.33286717,ARFLHWV1187FB4E77F,0.0,0,0.0,Sandy Posey,0.0,ballad,0.960592583,663900,0,0.0,0.0,0.717,0.46977,0.717,0.46977,125.36118,2.038,0.215080319,SOCWCNX12AB0185027,4.0,0.937,-12.892,1,0.786,117.383,0.913,0.15638,120.92,1.0,0.0,0,1990,sandy posey,0
0.561370907,0.365533756,ARN3O411187FB4D859,0.0,0,0.0,Stephan Micus,0.0,free improvisation,0.86460919,178620,0,0.0,1.0,0.104,0.23372,0.104,0.23372,274.65098,0.334,0.367273416,SOMOHHA12A81356D12,8.0,0.701,-25.395,1,0.419,247.188,0.104,0.23372,82.581,1.0,0.0,0,2001,stephan micus,0
0.738039725,0.530330384,AROG07L1187FB4C826,0.0,0,0.0,Boards of Canada,0.0,trip hop,0.920417205,532527,0,0.0,3.0,0.013,0.80557,1.0,0.20518,472.52853,0.18,0.685473638,SONSNRE12A6D4FA2F7,7.0,0.087,-13.207,0,0.427,429.941,1.0,0.20518,100.013,4.0,0.831,0,1996,boards of canada,0
0.599662426,0.385571725,AR06IFV1187B9977EC,0.0,0,0.0,MU330,0.0,ska punk,1.0,243289,0,0.0,0.0,0.275,1.45663,0.97,0.49867,132.44036,0.232,0.460484845,SOBTSMO12A8C135EDF,0.0,0.601,-7.554,0,0.631,132.44,1.0,0.25836,126.274,4.0,1.0,0,1997,mu330,0
0.593972953,0.510324986,ARIWB161187B9AA1D5,0.0,0,0.0,Simon & Garfunkel,0.0,folk-pop,0.946117754,316046,0,0.0,2.0,0.348,0.59516,0.074,0.18749,130.76853,0.0,-1.0,SOKWQCX12AF729F29A,4.0,0.247,-23.964,1,0.465,125.045,0.074,0.18749,149.9,3.0,1.0,0,1968,simon & garfunkel,0
0.707204744,0.519636856,ARL5BEN1187B98E4D9,0.0,0,0.0,Jah Cure,0.0,roots reggae,0.977039271,647213,0,0.0,1.0,0.586,0.68274,0.586,0.68274,287.65995,0.148,0.485122364,SOEGPFZ12AB0180F58,5.0,0.551,-6.304,0,0.592,279.667,1.0,0.19338,85.731,1.0,0.584,0,2008,jah cure,0
0.444677871,0.333015302,ARKON4P1187B98B291,50.3758,0,-4.13689,Ron Goodwin,0.0,easy listening,1.0,64157,0,0.0,1.0,0.903,0.69621,0.903,0.69621,47.51628,0.362,0.212045406,SOALDWR12A6D4FAEA3,7.0,0.21,-19.995,1,0.505,47.516,0.097,0.19219,61.409,1.0,0.0,0,1999,ron goodwin,0
0.563748627,0.33953242,ARB78VW1187B98F81C,0.0,0,0.0,George Nooks,0.0,dancehall,0.951169129,146308,0,0.0,0.0,0.008,0.70467,1.0,0.30431,223.50322,0.404,-1.0,SOEHRVB12A8C1324C3,7.0,0.549,-5.641,0,0.435,217.925,0.436,0.11461,149.827,4.0,0.09,0,2001,george nooks,0
0.632130913,0.472281211,ARO0QD41187FB3AB0A,34.05349,0,-118.24532,Keb' Mo',0.0,blues,1.0,292133,0,0.0,1.0,1.0,0.17889,1.0,0.17889,194.48118,0.154,0.536032112,SOHSNYO12A8C134B6C,7.0,0.511,-10.981,1,0.684,181.005,1.0,0.17889,88.746,1.0,0.0,0,2004,keb' mo',0
0.887386081,0.779118679,ARQUMH41187B9AF699,34.05349,0,-118.24532,Linkin Park,0.0,rap metal,0.905192264,43318,0,0.0,3.0,0.011,0.09307,0.96,0.09307,190.30159,0.0,-1.0,SOYSVCJ12A6D4F91D2,3.0,0.212,-4.78,0,0.345,183.472,0.554,0.09307,103.129,4.0,0.712,0,2000,linkin park,0
0.63259242,0.497690507,ARGIABO1187FB4B3B5,35.32689,0,-83.80489,Ronnie Milsap,0.0,country rock,0.995517919,390157,0,0.0,0.0,0.036,1.52596,0.769,0.54399,251.27138,0.257,-1.0,SOYUONX12A58A7A821,2.0,1.0,-10.415,1,0.91,231.741,0.534,0.28419,113.86,4.0,0.265,0,1980,ronnie milsap,0
0.541745664,0.400208058,ART35UC1187FB4CC25,0.0,0,0.0,The Flies,0.0,freakbeat,0.927732289,94459,0,0.0,1.0,0.464,1.12823,0.461,0.49461,222.40608,11.755,-1.0,SOCBIEJ12A8C135CDB,5.0,0.002,-11.814,0,0.25,217.693,0.0,0.17753,95.051,3.0,0.226,0,2007,the flies,0
0.315684874,0.453850265,ARSQDUN1187B98D7D7,0.0,0,0.0,EPMD,0.0,hip hop,1.0,47639,0,0.0,1.0,0.003,0.69752,0.621,0.34587,159.26812,0.31,0.476248227,SOZLLLT12A3F1EA275,6.0,0.543,-11.498,0,0.273,159.268,0.719,0.16961,173.423,4.0,0.918,0,1990,epmd,0
0.840590438,0.546545162,AR7GUNF1187B990CCF,35.2225,0,-80.83754,Between The Buried And Me,0.0,alternative metal,0.948459133,27051,0,0.0,1.0,0.041,0.66511,0.392,0.0725,291.39546,0.0,0.579038701,SOUJQRS12A6D4F7ADE,1.0,0.457,-5.765,1,0.46,286.616,0.591,0.0725,179.406,4.0,0.439,0,2002,between the buried and me,0
0.48307464,0.339457315,ARQ6DNW1187FB4DF1D,36.83264,0,-76.29771,Deborah Coleman,0.0,blues-rock,0.976557583,238767,0,0.0,0.0,0.033,0.69719,0.605,0.22713,209.44934,0.171,0.334706549,SOKRBIR12A8C12FF4B,5.0,0.652,-3.432,1,0.655,195.587,0.42,0.22713,127.122,4.0,0.89,0,2000,deborah coleman,0
0.633932726,0.4165294,ARB4ZRM1187B993147,0.0,0,0.0,Dark Fortress,0.0,sympho black metal,0.944116121,708849,0,0.0,2.0,0.295,1.27947,0.0,0.29094,336.16934,0.0,0.754404411,SOLCWWS12AB0188F42,3.0,0.0,-3.832,1,0.0,307.542,0.333,0.29094,127.817,4.0,1.0,0,2010,dark fortress,0
0.411190826,0.308174369,ARL47TY11C8A416938,0.0,0,0.0,Time Factory,0.0,hip house,1.0,269267,0,0.0,0.0,0.204,2.25883,0.0,0.0819,243.56526,4.429,-1.0,SOZTXFU12A8C13F5C0,1.0,0.155,-6.612,1,0.201,240.39,0.162,0.0819,89.335,3.0,1.0,0,2006,time factory,0
0.679292184,0.431882756,ARZL6CE1187FB3F264,27.9758,0,-81.54106,Mindy McCready,0.0,female vocalist,1.0,106254,0,0.0,0.0,0.061,0.39217,0.803,0.39217,231.33995,0.439,0.0,SONIQTE12A58A7A189,9.0,0.4,-9.018,1,0.552,218.767,0.0,0.05428,88.942,4.0,0.835,0,2002,mindy mccready,0
0.619366856,0.434823431,ART70HI1187B9A37BC,32.20703,0,-90.14988,Elmore James,0.0,chicago blues,0.975697618,588884,0,0.0,2.0,0.047,0.26542,0.756,0.26542,57.39057,0.184,-1.0,SOEOJJA12AB018FCCF,5.0,0.009,-10.985,1,0.307,52.28,0.56,0.08986,172.9,5.0,1.0,0,1993,elmore james,0
0.829135422,0.528709934,ARMBTFC1187FB56343,0.0,0,0.0,Korn,0.0,rap metal,0.921075999,518084,0,0.0,2.0,0.273,0.10096,0.0,0.10096,185.93914,0.0,-1.0,SOSCPDO12AB018395F,9.0,0.768,-6.738,0,0.471,185.939,0.132,0.10096,210.691,4.0,1.0,0,2003,korn,0
0.522693398,0.228751049,ARSK4D11187B9BA046,0.0,0,0.0,Lisa Lisa & Cult Jam (featuring Full Force),0.0,freestyle,0.957155255,286317,0,0.0,0.0,0.149,1.40403,0.678,0.29816,285.12608,0.0,-1.0,SOAEBQL12A8C134E07,6.0,0.351,-7.311,1,0.41,281.617,1.0,0.29816,107.944,4.0,1.0,0,1989,lisa lisa & cult jam (featuring full force),0
0.786427083,0.512226738,AR035N21187FB3938E,34.23294,0,-102.4102,BT,0.0,electronica,0.999989369,264782,0,0.0,2.0,0.399,0.7088,0.652,0.26363,253.07383,0.0,0.578274893,SOPTEDP12A8C139E74,10.0,0.255,-6.21,0,0.375,234.934,0.565,0.26363,136.897,3.0,1.0,0,2004,bt,0
0.518337026,0.335335108,AR26XQ61187FB36CF3,0.0,0,0.0,Geggy Tah,0.0,post-grunge,1.0,240016,0,0.0,0.0,0.054,0.19783,1.0,0.19783,231.54893,0.165,0.0,SORIAMF12A8C14058D,8.0,0.17,-9.781,1,0.617,212.103,1.0,0.19783,103.046,4.0,0.884,0,2001,geggy tah,0
0.645533997,0.448407442,AR1ZZOW1187B99BA84,40.14323,0,-74.72671,Bumblefoot,0.0,alternative metal,0.899648388,630579,0,0.0,1.0,0.044,0.58045,0.494,0.58045,200.35873,0.067,0.27224568,SOJPOIO12AB0184888,2.0,0.487,-4.793,1,0.434,194.99,0.93,0.11127,98.784,4.0,0.26,0,2008,bumblefoot,0
0.572470888,0.424487599,ARNEL2O1187FB4421A,33.89627,0,-89.00018,Bukka White,0.0,delta blues,0.979290736,161691,0,0.0,0.0,0.958,0.94311,0.936,0.334,172.30322,0.0,-1.0,SOCMHUW12A58A7A5A1,6.0,0.657,-14.873,1,0.588,166.168,0.852,0.334,107.081,4.0,0.949,0,1940,bukka white,0
0.716035209,0.541656322,AR2W4T81187FB410A7,0.0,0,0.0,David Gilmour Featuring Richard Wright,0.0,blues-rock,1.0,53164,0,0.0,2.0,0.733,0.33117,0.733,0.33117,202.1873,2.067,-1.0,SOGEMEJ12B34F1C5AC,2.0,0.036,-7.204,1,0.404,193.091,0.261,0.11622,138.43,1.0,0.0,0,2006,david gilmour featuring richard wright,0
0.833967972,0.576201966,ARE8GLF1187FB52532,0.0,0,0.0,Red Hot Chili Peppers,0.0,rap rock,0.936098431,9153,0,0.0,3.0,0.001,1.6019,0.904,0.25075,367.01995,0.192,0.911733498,SOAZIRE12A6702046F,0.0,0.262,-5.278,1,0.44,357.953,0.439,0.25075,88.57,4.0,0.602,0,2002,red hot chili peppers,0
0.653397489,0.419163588,AR3FOK11187FB3F4EE,0.0,0,0.0,Seven Mary Three,0.0,post-grunge,1.0,761892,0,0.0,0.0,0.686,2.24047,0.705,0.64954,238.10567,6.31,0.0,SOVHTEG12AB0188A10,9.0,0.213,-10.133,0,0.486,230.882,0.138,0.25908,77.885,4.0,0.575,0,1997,seven mary three,0
0.588827101,0.379671125,AROUOZZ1187B9ABE51,40.79195,0,-73.94512,Willie Bobo,0.0,latin jazz,0.965406124,228300,0,0.0,0.0,0.034,2.50956,0.993,0.49311,139.49342,0.136,-1.0,SOSZDCF12A6D4FCC54,0.0,0.516,-12.039,1,0.645,128.522,0.747,0.22757,113.552,7.0,0.595,0,2008,willie bobo,0
0.629399857,0.345269235,ARE2XN81187B98BB83,0.0,0,0.0,Alexis HK,0.0,chanson,1.0,406997,0,0.0,0.0,0.019,0.5393,0.892,0.16855,202.57914,0.137,0.327736683,SOQGWBX12AB017E456,11.0,0.483,-12.215,0,0.564,197.538,0.414,0.16855,160.066,4.0,0.356,0,2009,alexis hk,0
0.536655656,0.0,ARLLUSZ1187B98ACDC,0.0,0,0.0,Tha Liks featuring King T,0.0,los angeles,0.864452172,287223,0,0.0,0.0,0.121,3.06741,0.197,0.3882,251.6371,0.0,-1.0,SOXADYA12A8C135E39,1.0,0.162,-5.17,1,0.453,251.637,0.29,0.3882,89.311,5.0,0.599,0,2001,tha liks featuring king t,0
0.722733963,0.465492356,ARW0Z9V1187B9A0699,0.0,0,0.0,Peter Tosh,0.0,roots reggae,0.894675141,26379,0,0.0,3.0,0.359,1.30316,0.292,0.65172,238.23628,0.369,-1.0,SOLVUQB12A6D4F7DF3,11.0,0.299,-7.261,0,0.523,223.48,1.0,0.21887,92.643,4.0,0.0,0,1978,peter tosh,0
0.607326982,0.401144742,ARDK0551187FB5AC48,31.30627,0,-96.89774,Blind Willie Johnson,0.0,texas blues,0.972352995,599320,0,0.0,0.0,0.531,0.32611,0.531,0.32611,189.3873,0.177,0.358534976,SOHMHLN12AC90977FE,5.0,0.215,-16.111,1,0.415,182.793,0.342,0.14543,164.641,1.0,0.0,0,1996,blind willie johnson,0
0.596642396,0.33810401,AREW7CO1187B9A1B0D,34.05349,0,-118.24532,Onesidezero,0.0,post-grunge,0.981715592,571600,0,0.0,0.0,0.002,0.3736,0.716,0.3736,228.80608,2.473,0.206396916,SONFCKJ12AB0185138,11.0,0.568,-6.036,0,0.519,228.806,0.454,0.20154,86.844,4.0,1.0,0,2001,onesidezero,0
0.657826886,0.458730806,ARS4KT21187B9B9438,0.0,0,0.0,Fito Paez,0.0,rock 'n roll,0.916230687,759590,0,0.0,0.0,0.291,1.15972,0.905,0.20206,273.03138,0.165,0.496175336,SOXFCPM12AB01896CC,4.0,0.127,-6.116,0,0.156,265.41,0.905,0.20206,124.989,4.0,0.0,0,2010,fito paez,0
0.642280769,0.411195688,AR35YUO1187B9AD83E,55.8578,0,-4.24251,Wet Wet Wet,0.0,blue-eyed soul,1.0,1593,0,0.0,1.0,0.025,1.26799,0.856,0.64203,257.25342,0.288,-1.0,SOEGTGH12A6D4F7DF4,2.0,0.393,-4.925,1,0.557,247.728,0.64,0.32346,93.156,4.0,0.824,0,1992,wet wet wet,0
0.558007752,0.414780659,AREOREU1187B99AACD,-41.28054,0,174.76714,Rhian Sheehan,0.0,trip hop,0.906784868,529997,0,0.0,0.0,0.096,0.67473,0.885,0.07873,200.77669,0.061,-1.0,SOLTUPQ12AAF3B2B85,5.0,0.158,-12.88,0,0.297,192.244,0.74,0.07873,98.998,4.0,0.905,0,2001,rhian sheehan,0
0.623154284,0.429353515,ARBFDJW1187B9AD27A,30.2676,0,-97.74298,The Fabulous Thunderbirds,0.0,blues-rock,1.0,382118,0,0.0,0.0,0.12,1.54215,1.0,0.48475,221.23057,0.473,0.215080319,SOFCKRY12AAF3B2FAF,4.0,0.69,-14.977,0,0.534,212.91,0.444,0.48475,110.98,3.0,1.0,0,1989,the fabulous thunderbirds,0
0.639614201,0.464550281,ARTL6FB1187FB4EAA7,0.0,0,0.0,Kool Keith,0.0,dirty rap,0.89262147,347392,0,0.0,1.0,0.197,0.35707,0.477,0.03077,222.30159,0.0,0.323112121,SONYMCA12AB0184228,9.0,0.459,-4.224,0,0.451,222.302,0.695,0.03077,181.208,4.0,0.0,0,1996,kool keith,0
0.877213746,1.082502557,ARRH63Y1187FB47783,0.0,0,0.0,Kanye West / Adam Levine,0.0,hip hop,1.0,297735,0,0.0,2.0,0.049,1.45364,0.75,0.82073,204.5122,0.0,-1.0,SOCVLYM12A8C13A799,6.0,0.0,-11.38,1,0.0,196.499,1.0,0.50407,95.098,4.0,1.0,0,2005,kanye west / adam levine,0
0.469747624,0.379396806,ARRWQW61187FB5B301,30.2676,0,-97.74298,Lou Ann Barton,0.0,texas blues,0.974074361,286965,0,0.0,0.0,0.379,1.49208,0.648,0.1244,241.26649,0.078,0.454042766,SOSVKSI12A8C133503,3.0,0.367,-10.733,1,0.406,235.572,0.973,0.1244,87.485,3.0,0.286,0,1986,lou ann barton,0
0.597794859,0.418895804,ARGQANQ11F50C4769E,37.87869,0,-121.94345,Y&T,0.0,heavy metal,1.0,74608,0,0.0,0.0,0.188,0.91806,0.0,0.21226,275.9571,0.0,0.334706549,SOYOFSW12A6D4FA9F1,6.0,0.44,-8.112,0,0.502,275.957,0.354,0.21226,170.773,4.0,0.332,0,1982,y&t,0
0.545348354,0.34900059,AR6BUYW1187B98E221,34.19451,0,-90.5651,Earl Hooker,0.0,chicago blues,0.993586772,223624,0,0.0,1.0,0.035,1.74301,0.54,1.14166,298.91873,0.618,0.334706549,SOQLUSG12A8C140BA3,2.0,0.59,-14.476,1,0.79,290.174,0.114,0.84098,94.1,3.0,0.895,0,1968,earl hooker,0
0.448892805,0.373862971,ARKJKVO1187FB49D0A,0.0,0,0.0,"MichA""le Bernard",0.0,chanson,1.0,777840,0,0.0,0.0,0.957,1.32097,0.385,0.63151,232.38485,0.224,-1.0,SOBVPZG12AC46862C6,2.0,0.061,-12.838,0,0.204,219.225,0.624,0.28074,83.116,4.0,0.805,0,2002,"micha""le bernard",0
0.856448924,0.854637828,ARPDVPJ1187B9ADBE9,0.0,0,0.0,Usher,0.0,hip hop,1.0,418240,0,0.0,1.0,0.07,0.41314,0.891,0.41314,283.89832,0.142,0.419125893,SOKUBQW12AF72AC4E2,1.0,0.066,-7.275,0,0.177,265.184,0.089,0.08596,90.199,4.0,1.0,0,1994,usher,0
0.770040695,0.543681107,AR4WHYC1187B9896E7,0.0,0,0.0,A Tribe Called Quest,0.0,jazz rap,0.921020858,280531,0,0.0,1.0,0.197,1.54329,0.834,0.36402,251.14077,0.0,0.704098839,SOIBEXL12A8AE46975,2.0,0.161,-10.086,1,0.384,248.581,0.673,0.36402,102.829,4.0,1.0,0,1991,a tribe called quest,0
0.631741802,0.464525451,ARO3XZQ1187FB39351,0.0,0,0.0,Cobra Killer,0.0,folk rock,0.968255664,505423,0,0.0,0.0,0.208,2.11988,0.821,0.71294,112.19546,0.949,0.340922756,SOVBLDE12AB017F8AF,3.0,0.461,-10.672,0,0.416,109.128,0.0,0.24396,86.96,3.0,0.3,0,1998,cobra killer,0
0.245370723,0.0,ARFEU2G1187FB54B2F,0.0,0,0.0,Tel Basta,0.0,world beat,0.854181791,450834,0,0.0,0.0,0.51,0.83842,0.669,0.34196,220.36853,0.0,-1.0,SOLZCDF12AB017DF6B,9.0,0.421,-12.383,0,0.457,209.31,0.175,0.34196,120.349,3.0,0.598,0,1996,tel basta,0
0.744641246,0.579988982,ARNLO5S1187B9B80CC,0.0,0,0.0,Van Halen,0.0,heavy metal,0.999932033,7049,0,0.0,1.0,0.022,0.5382,0.544,0.2152,248.00608,0.0,0.589015659,SOAXAPU12A67020EF9,1.0,1.0,-6.635,1,0.858,238.887,1.0,0.0529,184.012,4.0,0.0,0,1981,van halen,0
0.684894723,0.511526435,ARHPPJK1187B9AC897,0.0,0,0.0,Teenage Fanclub,0.0,power pop,0.99990588,278726,0,0.0,1.0,0.003,0.73393,1.0,0.25775,204.77342,0.206,0.672072976,SOZMVGJ12A8AE4565D,8.0,0.854,-5.013,1,0.726,195.622,0.905,0.02441,127.811,4.0,0.0,0,2000,teenage fanclub,0
0.633932726,0.4165294,ARB4ZRM1187B993147,0.0,0,0.0,Dark Fortress,0.0,sympho black metal,0.944116121,734782,0,0.0,2.0,0.401,0.85729,0.191,0.33664,459.33669,17.09,0.709909938,SOCFKOX12A67ADAE95,1.0,0.017,-7.57,1,0.204,459.337,0.284,0.07502,115.37,4.0,0.0,0,2006,dark fortress,0
0.450743178,0.33121499,AR1DGSO1187FB59B15,0.0,0,0.0,Eddie Turner,0.0,blues-rock,1.0,227650,0,0.0,0.0,0.015,2.23185,0.85,1.57441,306.78159,3.1,0.531722098,SOYMQXY12A6D4FC5BD,2.0,0.591,-6.398,0,0.51,287.852,0.327,1.41067,91.084,4.0,0.686,0,2005,eddie turner,0
0.561589946,0.420570307,AR2PT4M1187FB55B1A,0.0,0,0.0,Los Chichos,0.0,flamenco,1.0,221684,0,0.0,0.0,0.154,0.03835,0.0,0.03835,242.80771,0.0,-1.0,SOLPJPM12A8C141BDE,5.0,0.129,-8.707,0,0.312,234.185,0.614,0.03835,152.857,4.0,0.929,0,1979,los chichos,0
0.528736353,0.321366997,AR2BBHS1187FB4AE06,0.0,0,0.0,Jeff Beck Group,0.0,blues-rock,0.968240739,280787,0,0.0,0.0,0.238,2.73246,0.0,0.26261,340.34893,2.305,0.347592851,SOCONYN12A8AE48117,2.0,0.815,-13.637,1,0.57,330.002,0.235,0.05823,98.087,5.0,0.545,0,1972,jeff beck group,0
0.606975737,0.386289651,ARIRD6J1187FB5A98C,18.01571,0,-76.79731,Sugar Minott,0.0,roots reggae,0.940150437,203410,0,0.0,0.0,0.012,0.79571,1.0,0.40508,226.40281,0.119,0.372530039,SOENTVS12A8C136556,11.0,0.314,-5.627,1,0.465,213.188,0.764,0.20976,154.585,4.0,1.0,0,2008,sugar minott,0
0.627361447,0.406642649,AR6UVLC1187B9B4D4C,42.33168,0,-83.04792,Suzi Quatro,0.0,glam rock,0.942375899,23967,0,0.0,1.0,0.703,0.03968,0.703,0.03968,217.46893,0.345,0.637783286,SOEGATN12A6D4F73B9,4.0,0.924,-11.314,1,0.752,208.8,0.534,0.03968,168.165,1.0,0.0,0,1979,suzi quatro,0
0.559317502,0.437001919,ARDK87R1187B98D51C,0.0,0,0.0,Flamin' Groovies,0.0,power pop,1.0,302022,0,0.0,1.0,0.141,0.58675,0.758,0.07295,199.96689,0.293,0.661651391,SOHANQX12A8C13C2C4,4.0,0.581,-5.24,1,0.401,195.274,0.775,0.07295,235.405,4.0,1.0,0,1971,flamin' groovies,0
0.416141023,0.331090126,ARSDSMG1187B98CB59,40.71455,0,-74.00712,Eddie Cantor,0.0,easy listening,1.0,563109,0,0.0,0.0,0.107,1.23046,0.904,0.24578,145.31873,0.24,0.212045406,SOVAIXW12AB0184398,5.0,0.57,-24.705,1,0.502,139.424,0.729,0.24578,122.887,3.0,0.924,0,2000,eddie cantor,0
0.632856419,0.428980521,ARQ0BZY1187B99F093,0.0,0,0.0,Everyday Sunday,0.0,post-grunge,0.946119922,92631,0,0.0,0.0,0.084,0.08206,1.0,0.08206,168.95955,0.074,0.601402939,SOQSSFX12A8C13424A,1.0,0.683,-4.017,1,0.651,163.614,0.72,0.08206,151.844,4.0,0.0,0,2007,everyday sunday,0
0.556083173,0.421448618,ARKJHKX1187FB5AEE5,0.0,0,0.0,Buckwheat Zydeco,0.0,zydeco,1.0,481828,0,0.0,0.0,0.015,0.90496,1.0,0.41687,246.49098,0.307,0.496175336,SOVCZBS12A8C1354F1,6.0,0.125,-7.822,1,0.374,244.204,0.287,0.41687,124.577,4.0,0.863,0,1987,buckwheat zydeco,0
0.506126774,0.350787891,AR5GLIU1187FB4638A,0.0,0,0.0,Memphis Jug Band,0.0,country blues,0.989090743,597112,0,0.0,0.0,0.852,0.48701,0.852,0.48701,161.54077,0.142,-1.0,SOKJNHN12AC46888ED,10.0,0.977,-15.963,1,0.858,156.253,0.474,0.18252,97.754,1.0,0.0,0,2001,memphis jug band,0
0.528308349,0.512197243,AR0JPOG1187FB37383,0.0,0,0.0,Lyrics Born,0.0,hip hop,1.0,240644,0,0.0,0.0,0.21,0.98933,0.0,0.28885,256.13016,0.0,0.425124658,SOLXQSB12A8C133A2D,11.0,0.817,-4.316,0,0.775,253.411,1.0,0.11178,174.293,3.0,1.0,0,2005,lyrics born,0
0.866519754,0.766545451,ARXPPEY1187FB51DF4,0.0,0,0.0,Michael Jackson,0.0,motown,0.999971562,76202,0,0.0,4.0,0.014,1.60233,1.0,0.51445,192.57424,0.45,-1.0,SOHMIIR12A6D223C84,1.0,0.544,-7.98,1,0.564,183.089,0.949,0.24558,110.28,4.0,0.087,0,1975,michael jackson,0
0.899279599,0.579441938,AR1RMYB1187FB5A59E,37.27188,0,-119.27023,Incubus,0.0,funk metal,0.999949418,292235,0,0.0,1.0,0.272,1.26229,0.129,0.27745,353.77587,0.0,0.70969929,SOPAUNQ12A8C138555,9.0,0.684,-8.744,1,0.611,349.797,0.216,0.27745,107.922,4.0,0.492,0,2001,incubus,0
0.623823768,0.441106359,ARALUUG1187FB58696,30.43883,0,-90.44116,Irma Thomas,0.0,delta blues,0.973191971,43438,0,0.0,1.0,0.18,0.58226,0.324,0.25748,146.88608,0.363,0.405115722,SOIVAVN12A6D4F92D7,5.0,0.347,-10.22,0,0.62,134.728,0.324,0.25748,183.882,3.0,0.844,0,2004,irma thomas,0
0.732571745,0.457981674,ARNNQ9E1187FB3C82F,0.0,0,0.0,Sizzla,0.0,dancehall,0.97102593,463655,0,0.0,1.0,0.059,0.03906,0.512,0.03906,197.48526,0.0,0.0,SOEHUEK12AB018471E,5.0,0.022,-6.382,0,0.326,193.37,0.836,0.03906,131.868,5.0,0.921,0,2003,sizzla,0
0.616566081,0.448233203,AR3O0021187B999BC8,42.02534,0,-93.6202,Radio Moscow,0.0,blues-rock,1.0,515100,0,0.0,0.0,0.018,0.76956,0.755,0.03573,255.89506,0.0,0.721199658,SOVMXWO12AB0181DC9,0.0,0.612,-6.83,1,0.62,251.96,0.367,0.03573,163.087,4.0,0.316,0,2009,radio moscow,0
0.573612399,0.372251208,AR11NP91187B9901B4,0.0,0,0.0,The Roches,0.0,singer-songwriter,1.0,760855,0,0.0,2.0,0.008,0.19578,0.434,0.19578,243.51302,0.148,0.0,SODYLCG12AB018484B,2.0,0.705,-19.514,1,0.639,232.908,0.757,0.19578,131.84,4.0,0.179,0,1979,the roches,0
0.524834599,0.380004667,ARSYHZ21187B99F5F5,0.0,0,0.0,Tina Ann,0.0,progressive house,1.0,90302,0,0.0,0.0,0.123,0.29755,0.747,0.29755,395.62404,0.06,0.0,SOQJZSD12A58A7B143,9.0,0.432,-3.139,0,0.33,388.859,0.206,0.08126,135.037,4.0,0.0,0,2003,tina ann,0
0.565050138,0.407602576,ARIKFQP1187B99A246,0.0,0,0.0,Stille Volk,0.0,neofolk,0.966801331,331557,0,0.0,0.0,0.311,2.86335,0.585,2.07144,276.37506,6.861,0.450762242,SOUMWKR12AB0181548,5.0,0.0,-12.685,1,0.0,269.009,0.072,2.07144,149.971,4.0,0.392,0,2003,stille volk,0
0.467413844,0.372737613,AR0WAW61187B98B7D7,40.71455,0,-74.00712,Doug MacLeod,0.0,blues,1.0,463877,0,0.0,0.0,0.054,0.12963,0.591,0.12963,337.42322,0.211,0.248166624,SOPFEVW12AB01821DC,2.0,1.0,-10.516,1,0.985,323.82,0.275,0.12963,85.56,3.0,1.0,0,2004,doug macleod,0
0.78303711,0.544257506,ART3O5Z1187B9AB043,32.77815,0,-96.7954,Stevie Ray Vaughan And Double Trouble,0.0,texas blues,0.999791772,395797,0,0.0,1.0,0.117,0.85232,0.856,0.38302,166.73914,0.061,-1.0,SOMUYLX12CF58288C9,8.0,0.649,-14.373,1,0.583,162.865,0.853,0.14895,122.546,4.0,0.454,0,1988,stevie ray vaughan and double trouble,0
0.64444361,0.443547553,AR3KGPQ1187FB53C84,34.05349,0,-118.24532,L7,0.0,grunge,1.0,608959,0,0.0,1.0,0.435,1.18468,0.719,0.47597,163.13424,0.212,0.60146314,SOJTAUQ12AC4689DD9,2.0,0.177,-9.429,0,0.331,151.011,0.311,0.2953,85.82,3.0,0.238,0,1992,l7,0
0.483762732,0.332177445,ARY6EBA1187B9AD525,41.36149,0,-74.27362,Bill Perry,0.0,blues-rock,0.991143804,226915,0,0.0,0.0,0.053,0.85496,0.384,0.34243,217.88689,0.0,0.0,SOBTTZR12A6D4FB6D0,9.0,0.138,-6.623,0,0.276,208.939,0.42,0.34243,107.083,4.0,0.995,0,2004,bill perry,0
0.560201912,0.375223967,ARN8YG41187B99A480,0.0,0,0.0,Moments In Grace,0.0,emo,1.0,5402,0,0.0,0.0,0.005,0.46991,0.11,0.46991,195.91791,4.174,0.405115722,SORVEEG12A670200D2,10.0,0.318,-6.214,1,0.389,189.933,0.196,0.46991,145.147,4.0,0.48,0,2004,moments in grace,0
0.496794628,0.365260893,ARGUACZ1187FB3F35C,41.68676,0,-85.97567,Connie Smith,0.0,country gospel,1.0,295597,0,0.0,0.0,0.029,0.90809,0.959,0.43395,125.67465,0.334,0.427446572,SOVRIRM12A8C13B476,4.0,0.036,-9.089,0,0.366,121.574,0.894,0.19569,124.916,4.0,0.0,0,2001,connie smith,0
0.46626221,0.369609835,AR0B6VD1187B99C293,34.47326,0,-119.05505,Uphill Battle,0.0,grindcore,1.0,223470,0,0.0,0.0,0.082,2.07459,0.812,0.44121,166.37342,0.0,0.260338243,SOPYPCN12A58A7A856,7.0,0.235,-1.545,1,0.509,161.28,0.564,0.16459,108.252,7.0,0.57,0,2004,uphill battle,0
0.681581305,0.479407676,ARODBRG1187FB3FD99,-36.35484,0,146.32611,Nick Cave & The Bad Seeds,0.0,rock,1.0,738,0,0.0,2.0,0.028,0.90434,0.921,0.50237,315.08853,0.444,0.47643522,SOCVMHO12A6D4F9C77,7.0,0.768,-9.29,1,0.631,294.963,0.208,0.50237,153.768,4.0,0.559,0,1996,nick cave & the bad seeds,0
0.529379509,0.343010914,ARXFAOQ1187B9A3616,18.11526,0,-77.27348,Dave And Ansel Collins,0.0,rock steady,1.0,804421,0,0.0,1.0,0.001,0.4153,0.713,0.4153,151.84934,0.299,0.262308997,SOLRPYX12AB0184061,2.0,0.395,-14.3,1,0.772,139.244,0.824,0.14307,117.157,4.0,0.0,0,1971,dave and ansel collins,0
0.905776889,0.598458501,ARK9TRQ1187B99C095,41.50471,0,-81.69074,Nine Inch Nails,0.0,industrial metal,0.999945289,71603,0,0.0,7.0,0.142,0.39428,0.551,0.39428,256.83546,3.181,-1.0,SOKYOFO12AF72A2F06,9.0,0.203,-6.787,0,0.516,254.258,1.0,0.16347,86.624,3.0,1.0,0,2007,nine inch nails,0
0.712662163,0.430697046,ARCF06I1187B995398,0.0,0,0.0,K-OS,0.0,trip hop,0.914245313,60049,0,0.0,2.0,0.055,1.2021,0.649,0.43565,161.51465,0.0,0.543788273,SOMURVQ12A67AD741A,10.0,0.459,-5.095,0,0.463,152.764,0.16,0.17847,78.971,4.0,0.954,0,2006,k-os,0
0.561272323,0.377852557,AR5IHI31187B998618,0.0,0,0.0,Pascal Obispo,0.0,europop,0.986950277,289903,0,0.0,2.0,0.025,0.78872,0.604,0.35991,231.00036,0.769,0.0,SODZLWS12A8C136414,5.0,0.488,-13.691,0,0.634,209.717,0.0,0.1455,139.98,4.0,0.29,0,1994,pascal obispo,0
0.439907658,0.311559176,ARQVLQJ1187B98F11F,0.0,0,0.0,Mau Mau,0.0,progressive house,0.984512778,160073,0,0.0,0.0,0.013,0.50981,0.372,0.13856,255.55546,0.44,-1.0,SOAHDEK12A8C13A82E,1.0,0.089,-7.921,1,0.603,245.365,0.396,0.13856,162.134,4.0,0.0,0,1992,mau mau,0
0.797420741,0.536400011,ARUKN9H1187B9B71C8,0.0,0,0.0,The Black Crowes,0.0,blues-rock,0.900934361,479326,0,0.0,1.0,0.269,0.58686,0.587,0.05241,348.89098,0.0,-1.0,SOYPZQB12A58A776C1,0.0,0.646,-7.349,1,0.577,344.712,0.886,0.05241,97.672,4.0,0.363,0,1992,the black crowes,0
0.53365014,0.343508878,AR8WHEJ1187B98CDCA,34.7519,0,-92.13055,Dee Clark,0.0,doo-wop,0.877618228,653224,0,0.0,0.0,0.002,1.06386,0.726,0.4602,133.3024,0.0,-1.0,SORXBDA12AB018553E,7.0,0.359,-12.632,1,0.443,119.089,0.686,0.1542,111.422,4.0,0.773,0,2000,dee clark,0
0.595645309,0.426009301,AR6EVQA1187B9AA1DF,0.0,0,0.0,Cocoa Tea,0.0,dancehall,0.962247474,273611,0,0.0,0.0,0.287,0.42331,0.664,0.42331,241.29261,0.194,0.0,SOBULBX12A81C22BF0,0.0,0.808,-11.368,1,0.512,223.498,0.142,0.1537,99.894,3.0,0.906,0,1992,cocoa tea,0
0.829851317,0.581505803,ARAN38V1187FB4C4EE,0.0,0,0.0,The Almost,0.0,post-hardcore,0.999781348,327022,0,0.0,0.0,0.045,1.06234,1.0,0.3316,187.11465,0.288,0.569505199,SOXVXGO12AB0180137,7.0,0.433,-7.387,1,0.351,187.115,0.97,0.14681,163.975,4.0,1.0,0,2008,the almost,0
0.851417629,0.592614927,AR3JMC51187B9AE49D,28.53823,0,-81.37739,Backstreet Boys,0.0,teen pop,1.0,281698,0,0.0,2.0,0.218,2.44287,0.64,1.86633,236.2771,2.014,-1.0,SOUKPYI12A8C1349EB,10.0,0.495,-2.801,0,0.5,229.883,0.784,1.57225,103.997,4.0,0.611,0,2000,backstreet boys,0
0.58547954,0.364384925,ARW63KF1187B98AC48,46.71067,0,1.71819,Julien Clerc,0.0,chanson,1.0,29212,0,0.0,1.0,0.0,0.93026,0.06,0.44767,264.93342,2.479,-1.0,SOBTTKT12A6D4F8314,6.0,0.731,-8.648,1,0.774,252.053,0.147,0.20637,128.549,4.0,0.445,0,2000,julien clerc,0
0.581884359,0.347006921,ARWSMC91187B9AD369,51.48126,0,-3.18067,Helen Love,0.0,power pop,0.926846872,784479,0,0.0,1.0,0.282,0.1643,0.0,0.1643,156.21179,0.568,0.212045406,SONTCDQ12AC9072D1A,8.0,0.441,-6.674,1,0.587,156.212,0.333,0.1643,195.026,5.0,0.735,0,2007,helen love,0
0.909324834,0.677087547,ARRBF3M1187FB4D59F,0.0,0,0.0,30 Seconds To Mars,0.0,rock,1.0,35166,0,0.0,1.0,0.011,0.24834,0.906,0.24834,245.02812,0.224,0.793613668,SOWTBTR12A6D4F7881,8.0,0.616,-4.675,1,0.52,224.81,0.49,0.09213,190.102,4.0,0.04,0,2002,30 seconds to mars,0
0.612200429,0.319905354,AR6RXJD1187B9B8B23,39.74001,0,-104.99226,Grace Gale,0.0,alternative metal,0.956503406,500158,0,0.0,0.0,0.049,1.18124,0.133,0.41513,247.71873,0.0,0.265861049,SOVJMFO12AB017E9A7,0.0,0.268,-6.533,0,0.374,247.719,0.595,0.23038,155.173,4.0,0.0,0,2008,grace gale,0
0.576404205,0.450546674,ARPNDSH1187B9B942F,0.0,0,0.0,Sui Generis,0.0,cumbia,0.901803307,509704,0,0.0,0.0,0.985,1.01762,0.0,0.45905,335.33342,2.409,-1.0,SOQWOLC12AB018393D,7.0,0.685,-16.111,0,0.628,330.948,0.17,0.18603,107.592,4.0,0.735,0,1973,sui generis,0
0.871010615,0.804830428,ARTH9041187FB43E1F,0.0,0,0.0,Eminem,0.0,hip hop,1.0,533837,0,0.0,2.0,0.009,1.64955,0.507,0.73493,397.60934,0.473,-1.0,SOZYRBU12AB0181196,5.0,1.0,-7.038,0,0.89,373.696,0.61,0.50542,131.955,4.0,0.722,0,2009,eminem,0
0.509021261,0.406517869,ARWONOR1187FB3817C,43.7698,0,-79.4138,Geddy Lee,0.0,instrumental rock,0.833089256,9039,0,0.0,1.0,0.336,1.22787,1.0,0.224,271.46404,0.148,0.661445223,SOQRTCV12A67020430,0.0,0.31,-5.956,1,0.475,260.702,0.569,0.224,119.953,3.0,1.0,0,2000,geddy lee,0
0.508461668,0.357049054,ART8BW81187B9AC33F,0.0,0,0.0,Planetakis,0.0,electropop,1.0,469438,0,0.0,0.0,0.138,2.58307,0.742,2.13136,234.73587,8.696,-1.0,SOYLVTU12AB0181B08,0.0,0.33,-2.019,1,0.49,228.618,0.06,1.90496,137.936,4.0,0.333,0,2007,planetakis,0
0.567313224,0.580013183,ARAIABB1187B9AC6E2,0.0,0,0.0,Seal,0.0,dance pop,1.0,387111,0,0.0,2.0,0.032,0.44304,0.532,0.04534,354.76853,0.351,0.507531546,SOQMMLD12AB017F3CC,5.0,0.486,-11.918,0,0.511,340.126,0.293,0.04534,153.731,4.0,0.523,0,1998,seal,0
0.731590593,0.498563611,AR198711187B9AD09F,0.0,0,0.0,Simply Red,0.0,pop rock,0.999085472,328398,0,0.0,1.0,0.272,1.70321,1.0,0.26756,258.08934,0.218,0.561428518,SOFLHAS12A8C13851C,0.0,0.012,-9.38,0,0.44,252.604,1.0,0.26756,83.73,4.0,0.766,0,1987,simply red,0
0.70366489,0.448223589,AR7DFJP1187B992F13,0.0,0,0.0,Juana Molina,0.0,folktronica,0.913431511,496370,0,0.0,1.0,0.877,0.81724,0.877,0.81724,213.26322,0.955,0.62658598,SOUFQJU12A58A80EAC,2.0,0.415,-19.775,1,0.606,202.681,0.353,0.08822,46.867,1.0,0.0,0,2004,juana molina,0
0.596482482,0.393956637,AROW4VK1187B999DED,0.0,0,0.0,Byzantine,0.0,groove metal,0.999509082,701679,0,0.0,0.0,0.062,1.48422,0.438,0.87825,300.01587,5.445,0.518759898,SOGLNWB12A8C142D82,0.0,0.586,-5.663,1,0.461,288.496,0.07,0.87825,198.016,4.0,0.239,0,2008,byzantine,0
0.50710874,0.353532628,ARZ3JUB1187B99A5AC,0.0,0,0.0,Halfway to Gone,0.0,southern rock,0.995165101,230458,0,0.0,0.0,0.123,0.92791,0.958,0.42618,255.42485,0.618,0.541966019,SOJFLBP12A81C22DB2,6.0,0.011,-5.544,0,0.327,241.969,0.466,0.17839,122.624,4.0,1.0,0,2004,halfway to gone,0
0.604820432,0.383877494,AR7BMMV1187FB5B2D7,39.15093,0,-123.2079,Robben Ford,0.0,blues-rock,0.983628765,545281,0,0.0,1.0,0.075,1.21905,0.772,0.28298,367.98649,0.0,0.375984302,SODVGUA12AB017D708,2.0,0.0,-6.626,1,0.147,361.076,0.635,0.12705,126.42,4.0,0.267,0,2009,robben ford,0
0.519000072,0.35303574,ARE2QID1187B98FA19,35.74595,0,-89.53176,Sleepy John Estes,0.0,country blues,0.967611517,219520,0,0.0,0.0,0.007,1.30913,0.317,0.84954,197.0673,0.0,-1.0,SOBYNHP12A8C13C6AB,2.0,0.008,-15.163,1,0.358,188.041,0.209,0.62204,130.889,4.0,0.205,0,1993,sleepy john estes,0
0.596184927,0.427479242,AREBWEH1187B99EA9A,0.0,0,0.0,Beherit,0.0,illbient,0.921677475,480803,0,0.0,1.0,0.288,1.08802,0.5,0.66109,185.05098,0.363,0.549342332,SOYEWDH12AAF3B45CE,8.0,0.269,-13.213,1,0.269,181.714,0.525,0.44762,141.621,4.0,0.905,0,1993,beherit,0
0.563236431,0.445438103,ARC0NOU1187B9AA91D,0.0,0,0.0,Nick Colionne,0.0,smooth jazz,1.0,29379,0,0.0,0.0,0.07,0.36387,1.0,0.36387,215.14404,0.0,0.621195684,SOBOOXP12A6D4F7F9F,8.0,0.594,-7.114,0,0.342,202.257,1.0,0.0713,102.04,4.0,1.0,0,2006,nick colionne,0
0.71881021,0.463900095,AR5O6W51187FB46984,51.16418,0,10.45415,SNAP!,0.0,pop rap,0.923736367,66964,0,0.0,2.0,0.56,0.71422,0.878,0.25152,404.37506,0.694,-1.0,SOFWOXM12A67ADEA89,11.0,0.689,-9.317,0,0.584,399.575,1.0,0.25152,130.286,4.0,0.0,0,2005,snap!,0
0.594832624,0.378649979,AR9YV621187B99373E,0.0,0,0.0,Marco Beltrami,0.0,soundtrack,1.0,433281,0,0.0,1.0,0.226,0.9008,0.666,0.9008,209.08363,2.299,0.334706549,SOIKWWB12AAF3B45D0,8.0,0.052,-28.231,1,0.385,198.444,0.065,0.9008,121.28,4.0,0.0,0,2009,marco beltrami,0
0.705876402,0.62220896,ARNZ70R1187B9A4824,0.0,0,0.0,Joe Satriani,0.0,instrumental rock,1.0,310479,0,0.0,1.0,0.241,0.49994,1.0,0.19663,300.82567,0.0,0.593795114,SODBFUB12A8C140704,0.0,0.683,-5.943,1,0.693,300.826,0.354,0.19663,197.443,4.0,1.0,0,2006,joe satriani,0
0.44276965,0.294986617,ARI648V1187B9B5379,0.0,0,0.0,Michael Stanley Band,0.0,heartland rock,0.833322838,540308,0,0.0,0.0,0.223,0.16454,0.223,0.16454,220.05506,13.827,0.250638101,SOVSWSL12A58A7856D,2.0,0.58,-12.253,1,0.574,214.256,0.094,0.16454,140.654,1.0,0.0,0,1975,michael stanley band,0
0.267576321,0.0,ARRZFUG1187B98AD42,37.41402,0,-79.14284,Ray Pillow,0.0,country rock,1.0,260566,0,0.0,0.0,0.333,0.6678,1.0,0.06257,129.12281,0.363,0.212045406,SOBGACN12A8C13E14D,9.0,0.716,-13.404,1,0.646,119.74,0.485,0.06257,98.015,4.0,0.083,0,1998,ray pillow,0
0.846455128,0.787005469,ARKSZW81187B9B695D,0.0,0,0.0,Mariah Carey,0.0,dance pop,1.0,9859,0,0.0,1.0,0.355,1.1218,0.859,0.1786,241.65832,0.148,-1.0,SOAIURX12A67020F3B,3.0,0.034,-9.635,1,0.312,228.27,0.537,0.1786,131.761,4.0,0.554,0,2005,mariah carey,0
0.761357312,0.42337641,AR4FVK41187FB4BC83,0.0,0,0.0,Frankie J,0.0,pop,1.0,291851,0,0.0,0.0,0.028,0.4859,0.694,0.4859,273.00526,0.684,0.522733261,SOMEGDY12A8C1394D1,4.0,0.0,-6.728,0,0.17,267.453,0.301,0.22913,117.844,4.0,1.0,0,2005,frankie j,0
0.772871995,0.473700501,ARMPRI31187FB4F7D9,39.37413,0,22.95775,Vangelis,0.0,progressive rock,1.0,53053,0,0.0,5.0,0.836,0.11245,0.868,0.11245,573.67465,0.0,0.588922168,SOYGOKZ12A58A7C65D,4.0,0.66,-17.629,0,0.509,553.332,0.0,0.11245,119.712,4.0,0.919,0,1990,vangelis,0
0.59168036,0.372951043,ARDD5NR1187B9B61F9,0.0,0,0.0,Maria Bamford,0.0,comedy,1.0,191051,0,0.0,0.0,0.115,6.20146,0.913,0.14952,127.16363,0.0,0.480934213,SOFOSKB12A8C1328B6,2.0,0.398,-10.377,0,0.412,124.598,0.665,0.14952,114.597,7.0,0.893,0,2003,maria bamford,0
0.547230938,0.345306908,ARALEAC1187B9902A8,51.89834,0,-8.47277,Rubyhorse,0.0,freestyle,0.851768977,311115,0,0.0,0.0,0.224,1.16077,0.901,0.20837,228.20526,7.831,0.265861049,SORSZKZ12A8C13FEF1,0.0,0.829,-13.556,1,0.777,202.809,0.387,0.20837,125.898,3.0,0.993,0,2002,rubyhorse,0
0.479755041,0.34054408,ARNARI81187FB3C9A7,0.0,0,0.0,Flora Purim,0.0,latin jazz,0.94893525,153286,0,0.0,0.0,0.102,0.87749,0.597,0.43418,246.67383,0.169,0.334706549,SOEYPZV12A8C138CCC,8.0,0.544,-14.181,1,0.565,239.16,0.966,0.21307,137.823,5.0,0.69,0,2001,flora purim,0
0.599536502,0.398349517,ARNUFGE1187B9B7881,40.85715,0,-73.85678,THE CHIFFONS,0.0,doo-wop,0.923679184,43673,0,0.0,1.0,0.097,0.99071,0.791,0.43934,156.36853,0.363,0.266955186,SOJYYCA12A6D4F9C1F,4.0,0.35,-9.059,1,0.315,149.519,0.769,0.43934,113.431,4.0,0.401,0,1963,the chiffons,0
0.560215648,0.364258871,ARZQSNO1187FB5BBAB,0.0,0,0.0,Elizabeth Cotten,0.0,ragtime,0.847719554,221617,0,0.0,0.0,0.045,1.69437,0.739,1.09262,295.60118,2.392,-1.0,SOJURPV12A8C141B82,2.0,0.184,-16.678,1,0.516,295.601,0.147,0.78728,99.959,4.0,0.375,0,1958,elizabeth cotten,0
0.710203377,0.51484988,ARUWB5W1187B98D7A1,0.0,0,0.0,Ensiferum,0.0,power metal,1.0,391883,0,0.0,1.0,0.0,0.40561,0.0,0.40561,352.49587,0.0,0.682204662,SOLECZU12AB017DAAC,11.0,0.762,-5.827,0,0.579,347.638,0.036,0.40561,105.05,1.0,0.0,0,2004,ensiferum,0
0.764566084,0.527492981,ARPNY981187B9ACB75,0.0,0,0.0,Eluveitie,0.0,death metal,1.0,734270,0,0.0,1.0,0.002,0.77443,0.906,0.22568,307.69587,0.148,0.662986161,SOVLQYZ12AC3DF6BCA,11.0,0.48,-4.367,0,0.519,285.408,0.558,0.08969,110.018,4.0,0.446,0,2010,eluveitie,0
0.506168491,0.384244952,ARFW0QN11C8A4216B7,0.0,0,0.0,Dark Party,0.0,parody,0.916162827,394826,0,0.0,0.0,0.142,0.22095,0.0,0.22095,261.58975,2.026,0.731473357,SOUPNLN12A58A7CDDF,1.0,0.582,-3.542,0,0.384,250.311,0.125,0.05026,175.948,4.0,0.455,0,2008,dark party,0
0.713945881,0.466991272,ARP7AOI1187FB518B4,0.0,0,0.0,MAom,0.0,glitch,0.809301978,279564,0,0.0,3.0,0.028,2.55475,0.249,1.92069,249.05098,2.264,0.774004274,SOLYLZD12A6D4FB2F5,1.0,0.704,-15.775,0,0.858,231.329,0.095,1.44063,95.576,4.0,0.453,0,2004,maom,0
0.698452539,0.502974636,ARHD3RX1187FB3A7DA,0.0,0,0.0,Steel Pulse,0.0,roots reggae,1.0,601830,0,0.0,1.0,0.162,0.98518,1.0,0.20227,231.49669,0.171,-1.0,SOFNRTP12AC90717AA,6.0,0.727,-6.092,1,0.579,218.285,1.0,0.20227,153.052,4.0,0.195,0,1978,steel pulse,0
0.632130913,0.472281211,ARO0QD41187FB3AB0A,34.05349,0,-118.24532,Keb'Mo',0.0,blues,1.0,282923,0,0.0,1.0,0.774,2.10667,0.783,2.10667,176.5873,1.468,0.662493161,SOQMZCQ12A8C1335F0,7.0,0.677,-15.608,1,0.65,165.309,0.226,1.71454,79.151,4.0,0.93,0,1994,keb'mo',0
0.778835827,0.570106512,ARAZCWP129462A97F1,0.0,0,0.0,Bob Marley,0.0,reggae,1.0,783246,0,0.0,1.0,0.004,0.96696,0.859,0.48135,173.24363,0.287,-1.0,SOLTIVF12AAFF43797,2.0,0.519,-7.236,1,0.575,166.388,0.0,0.23855,127.765,4.0,1.0,0,1991,bob marley,0
0.700446614,0.528795206,AR0XSOO1187B9B9E88,51.50632,0,-0.12714,Buzzcocks,0.0,new wave,0.958450854,235138,0,0.0,2.0,0.184,0.77567,0.646,0.10747,144.77016,0.0,-1.0,SOLREKJ12AF729FF59,9.0,0.9,-11.058,1,0.481,137.526,0.148,0.10747,181.421,4.0,0.235,0,1978,buzzcocks,0
0.566661658,0.418356681,ARGE4J31187B9B41EE,62.19845,0,17.55142,Sofia Karlsson,0.0,chanson,1.0,647745,0,0.0,0.0,0.24,2.87585,0.207,0.62843,340.21832,0.604,-1.0,SOVCPGK12AB01894AB,0.0,0.954,-14.863,1,0.845,329.195,0.207,0.62843,101.897,5.0,0.799,0,2002,sofia karlsson,0
0.415784608,0.307902094,ARDQO721187FB3C6D9,0.0,0,0.0,Rodney O_ Joe Cooley,0.0,miami bass,0.931449931,612611,0,0.0,0.0,0.032,0.70325,0.0,0.10315,222.24934,0.0,0.408110884,SOUBNYW12A8C1460C3,6.0,0.006,-11.255,1,0.227,199.61,0.996,0.10315,99.612,4.0,1.0,0,1995,rodney o_ joe cooley,0
0.650726924,0.423825663,ARM0RY81187B9AF248,34.05349,0,-118.24532,Jerry Goldsmith,0.0,soundtrack,1.0,291636,0,0.0,1.0,0.258,0.92378,0.865,0.44034,110.70649,0.351,-1.0,SOBYJFO12A8C1365DD,5.0,0.342,-28.19,0,0.097,105.808,0.708,0.19862,130.908,4.0,0.606,0,1997,jerry goldsmith,0
0.629399857,0.345269235,ARE2XN81187B98BB83,0.0,0,0.0,Alexis HK,0.0,chanson,1.0,1798,0,0.0,0.0,0.149,1.27746,0.675,1.27746,98.66404,0.0,0.480934213,SOZEMUM12A6D4F9672,4.0,0.043,-15.615,1,0.416,93.948,0.199,0.96516,96.082,5.0,0.007,0,2004,alexis hk,0
0.755566398,0.464186402,AR4BDNG1187FB44870,0.0,0,0.0,Robert Palmer,0.0,blue-eyed soul,0.827998374,25024,0,0.0,1.0,0.184,1.51233,0.916,0.50342,247.95383,0.218,0.445454526,SOJCYES12A6D4F78AE,11.0,0.417,-17.664,0,0.577,230.963,1.0,0.24995,119.389,4.0,1.0,0,1978,robert palmer,0
0.497083116,0.390051795,ARW644S1187B9B4924,0.0,0,0.0,Sigmatropic,0.0,post rock,1.0,223721,0,0.0,1.0,0.031,0.29639,0.906,0.29639,263.57506,4.743,0.253834736,SOKCIOZ12A8C13F625,1.0,0.438,-8.511,1,0.37,252.401,0.752,0.06218,128.006,4.0,0.0,0,2007,sigmatropic,0
0.610349426,0.349483389,AR18VAV1187B9AEC0C,0.0,0,0.0,Neon Blonde,0.0,pop rock,0.97907671,164326,0,0.0,1.0,0.568,0.16057,0.568,0.16057,170.70975,0.554,0.523175055,SOILAFT12A8C13AE3D,7.0,0.891,-5.059,1,0.73,162.186,0.674,0.16057,139.562,1.0,0.085,0,2005,neon blonde,0
0.493125957,0.353242067,ARWJEOP1187B996538,0.0,0,0.0,Soul Ballet,0.0,smooth jazz,1.0,230740,0,0.0,1.0,0.125,1.2127,0.725,0.64457,224.86159,0.0,0.511424326,SOYLCIA12A81C2387A,9.0,0.573,-6.769,0,0.382,209.34,0.442,0.21864,106.01,4.0,0.942,0,2007,soul ballet,0
0.652801355,0.443098947,ARYG6CU1187FB3852B,0.0,0,0.0,Milk Inc.,0.0,dance pop,0.981028008,26166,0,0.0,0.0,0.081,0.56317,0.659,0.14268,204.25098,2.009,0.513517029,SOGOOMV12A6D4F6BEB,7.0,0.779,-6.62,0,0.647,197.283,0.251,0.14268,141.008,4.0,0.0,0,2001,milk inc.,0
0.829135422,0.528709934,ARMBTFC1187FB56343,0.0,0,0.0,Korn,0.0,rap metal,0.921075999,400732,0,0.0,2.0,0.233,3.79321,0.587,0.49615,197.53751,0.0,-1.0,SOODLJF12AB017F2EE,2.0,0.0,-4.347,1,0.106,188.5,0.953,0.11498,80.375,3.0,0.93,0,1996,korn,0
0.764287183,0.576294651,ARKZXSQ1187B9AC9F3,0.0,0,0.0,Joy Division,0.0,alternative,0.992280518,242839,0,0.0,4.0,0.247,0.53621,0.601,0.08846,128.67873,0.0,-1.0,SOCDQJG12A8C133163,10.0,0.063,-9.663,1,0.453,123.751,0.568,0.08846,135.066,4.0,0.791,0,1980,joy division,0
0.707839968,0.532445871,ARYML1P1187B9AF39B,0.0,0,0.0,Devo,0.0,rock,1.0,28253,0,0.0,1.0,0.002,0.99166,0.853,0.21036,141.08689,0.16,0.509640966,SOJBRYI12A6D4F80EF,9.0,0.805,-11.714,1,0.524,133.846,1.0,0.21036,155.26,4.0,0.813,0,1979,devo,0
0.566661658,0.418356681,ARGE4J31187B9B41EE,62.19845,0,17.55142,Sofia Karlsson,0.0,chanson,1.0,519413,0,0.0,0.0,0.777,0.65126,0.777,0.65126,165.69424,3.402,0.372530039,SOWHSLN12AB01875F0,6.0,0.341,-10.062,1,0.367,158.18,0.143,0.50324,205.16,1.0,0.0,0,2009,sofia karlsson,0
0.917863906,0.908202619,ARKU3Z61187FB51DCA,13.11199,0,-59.59895,Rihanna,0.0,dance pop,1.0,15269,0,0.0,3.0,0.152,1.22145,0.71,0.52074,235.98975,0.125,0.668601101,SONQNPM12A67020A32,0.0,0.647,-8.298,1,0.547,230.023,0.637,0.16457,85.976,4.0,0.973,0,2005,rihanna,0
0.547801656,0.369470511,ARKO7AO1187FB5664B,0.0,0,0.0,Tin Hat Trio,0.0,chamber jazz,0.880120964,160733,0,0.0,1.0,0.285,0.72545,0.454,0.72545,407.06567,0.0,-1.0,SOELJKL12A8C13C57C,7.0,0.895,-12.957,1,0.778,391.216,0.0,0.50394,144.012,3.0,0.708,0,2000,tin hat trio,0
0.698770478,0.399451724,AR1PCLK1187FB5BBFF,40.14323,0,-74.72671,Angelo Badalamenti,0.0,chill-out,0.916559613,36831,0,0.0,3.0,0.092,2.45698,0.688,0.47147,86.56934,0.0,0.674833876,SOJUGKQ12A8C13A83A,1.0,0.267,-23.476,0,0.348,80.225,0.826,0.24531,90.336,7.0,0.0,0,2001,angelo badalamenti,0
0.877213746,1.082502557,ARRH63Y1187FB47783,0.0,0,0.0,Kanye West,0.0,hip hop,1.0,418092,0,0.0,2.0,0.019,0.45956,0.766,0.45956,189.962,0.197,0.814517241,SOJMUAN12AB0183911,1.0,0.58,-9.644,1,0.567,187.548,0.659,0.23424,125.593,3.0,0.432,0,2008,kanye west,0
0.484333758,0.335935512,ARQFKVO1187B9B1777,0.0,0,0.0,Dave Brockie Experience,0.0,shock rock,1.0,560017,0,0.0,0.0,0.49,0.46167,0.49,0.46167,126.4322,0.2,0.323112121,SOKTKTM12AB0189837,1.0,0.491,-6.293,1,0.357,126.432,0.677,0.2421,138.156,1.0,0.0,0,2003,dave brockie experience,0
0.679395051,0.390963612,ARB8H82119B34032E1,0.0,0,0.0,Ashton Shepherd,0.0,country rock,0.935594699,271471,0,0.0,0.0,0.356,1.47955,1.0,0.14881,260.51873,0.218,0.525497119,SOCCXXA12A58A762B2,3.0,0.562,-6.857,1,0.64,249.255,0.217,0.14881,45.508,4.0,0.439,0,2008,ashton shepherd,0
0.682067848,0.437711291,ARLFUII1187FB565E5,0.0,0,0.0,I Wayne,0.0,roots reggae,0.970491181,134156,0,0.0,1.0,0.058,1.53009,0.817,0.62472,244.32281,0.258,0.464923994,SOQHIVV12A6D4FB2BE,6.0,0.508,-5.587,1,0.522,236.193,0.551,0.10016,67.606,5.0,0.877,0,2005,i wayne,0
0.612244817,0.31685326,AR1NRA91187FB404C3,0.0,0,0.0,Jazzy B,0.0,bhangra,1.0,85226,0,0.0,1.0,0.243,1.01668,0.505,0.24652,411.68934,2.397,0.270775999,SOMBWDW12A6D4F7248,4.0,0.415,-7.172,1,0.34,407.696,0.205,0.05542,156.066,4.0,0.073,0,2005,jazzy b,0
0.652367864,0.437964733,ARVEJ9M1187FB4DC44,0.0,0,0.0,Les Ogres De Barback,0.0,chanson,1.0,224149,0,0.0,0.0,0.018,0.71503,0.169,0.25813,404.45342,0.0,0.212045406,SOVFCKE12A8C141CF4,2.0,0.273,-10.899,0,0.444,391.755,0.819,0.02968,131.509,4.0,0.712,0,2004,les ogres de barback,0
0.470012403,0.362782941,ARDBFT21187B98E524,0.0,0,0.0,Janitor Joe,0.0,math rock,0.928714905,87591,0,0.0,0.0,0.032,0.45081,0.741,0.07622,169.22077,0.398,0.392008772,SOMMAVY12A8C1327AF,7.0,0.066,-12.114,1,0.403,166.801,0.344,0.07622,160.979,4.0,0.733,0,1993,janitor joe,0
0.502245023,0.215958703,ARTJ9GZ1187B9B46DE,41.88415,0,-87.63241,Young-Holt Unlimited,0.0,soul jazz,0.97882545,51852,0,0.0,0.0,0.164,0.38671,0.827,0.38671,266.05669,0.29,0.0,SOLGASB12A58A79460,2.0,0.368,-10.095,1,0.431,248.529,0.45,0.38671,156.298,4.0,0.0,0,1971,young-holt unlimited,0
0.481180212,0.379495651,ARUUXNF1187B98FB36,0.0,0,0.0,Charlie Peacock,0.0,ccm,1.0,153350,0,0.0,0.0,0.053,0.84341,0.638,0.45057,355.34322,0.0,-1.0,SOYJKEB12A8C138723,0.0,0.919,-9.64,0,0.884,345.205,0.484,0.45057,153.968,4.0,0.706,0,1999,charlie peacock,0
0.580367095,0.359662997,ARUW6HS1187FB3F028,0.0,0,0.0,Rokia TraorA(c),0.0,afrobeat,0.957436985,314018,0,0.0,1.0,0.043,1.2695,1.0,0.18762,273.08363,0.154,0.66352541,SOBMHDZ12A58A79364,7.0,0.384,-9.784,1,0.533,262.542,1.0,0.18762,109.804,4.0,0.319,0,2008,rokia traora(c),0
0.780461749,0.574274731,ARMQHX71187B9890D3,0.0,0,0.0,Mastodon,0.0,alternative metal,0.999863626,223368,0,0.0,2.0,0.781,0.14324,0.781,0.14324,262.89587,0.078,0.693996934,SOEFTHD12A8C13EC47,2.0,0.507,-7.628,1,0.429,259.297,0.567,0.14324,145.997,1.0,0.0,0,2004,mastodon,0
0.510993042,0.379222861,ARKQN8X1187B99221C,40.73197,0,-74.17418,Joe Rogan,0.0,comedy,0.82150099,775673,0,0.0,0.0,0.191,0.48863,0.71,0.48863,179.51302,0.0,0.355285536,SOMCMRN12AC3DF400A,1.0,0.521,-5.475,1,0.517,179.513,0.333,0.26172,134.112,3.0,0.628,0,2010,joe rogan,0
0.440258822,0.393359338,ARDUBUY12086C1464B,0.0,0,0.0,Brenda Boykin,0.0,nu jazz,0.9992591,726761,0,0.0,0.0,0.307,3.50374,0.73,0.64754,263.73179,0.943,-1.0,SOXIBUG12AB018914B,1.0,0.621,-10.235,1,0.588,251.861,0.0,0.18773,86.684,5.0,1.0,0,2008,brenda boykin,0
0.590360325,0.371786734,ARY1VGA1187FB5A39E,56.85147,0,-101.04893,Tom Cochrane,0.0,heartland rock,0.963241515,24411,0,0.0,1.0,0.039,0.81052,0.954,0.12907,320.44363,0.0,0.531722098,SOCGBIR12A6D4F601E,5.0,0.85,-11.415,1,0.536,294.702,0.889,0.12907,88.072,4.0,0.481,0,1992,tom cochrane,0
0.833967972,0.576903816,ARE8GLF1187FB52532,0.0,0,0.0,Red Hot Chili Peppers,0.0,rap rock,0.936098431,59411,0,0.0,3.0,0.024,1.09757,0.887,0.54156,231.23546,0.229,-1.0,SOMJNVK12A6D4FC4B2,0.0,0.213,-4.818,0,0.186,225.448,0.808,0.27232,111.541,4.0,0.731,0,1985,red hot chili peppers,0
0.611381595,0.445321878,ARSZIBW1187B994053,0.0,0,0.0,James Newton Howard,0.0,instrumental pop,0.957240203,275798,0,0.0,1.0,0.051,2.10339,0.0,0.72038,95.50322,0.0,0.323112121,SOFFFRA12A81C2059A,2.0,0.241,-28.506,1,0.432,95.503,0.058,0.72038,88.662,3.0,0.875,0,1997,james newton howard,0
0.374024633,0.18721329,ARNV7U61187FB54DCB,0.0,0,0.0,Faith Yang,0.0,singer-songwriter,0.964588156,446676,0,0.0,1.0,0.0,1.16382,0.924,0.28724,134.97424,7.843,0.212045406,SODOKPF12AB01817F4,10.0,0.452,-6.223,0,0.364,119.269,1.0,0.06809,136.984,4.0,0.876,0,2009,faith yang,0
0.641172818,0.43676907,ARC0MTS1187FB44C21,50.84838,0,4.34968,Toots Thielemans,0.0,latin jazz,1.0,398646,0,0.0,1.0,0.89,0.3994,0.89,0.3994,302.62812,0.322,-1.0,SONRBMW12AB017E52D,5.0,0.061,-16.252,0,0.307,290.783,0.77,0.11057,68.326,1.0,0.729,0,1955,toots thielemans,0
0.624252499,0.462190105,ARZVTZN1187FB579D4,32.20049,0,-94.35887,Jim Reeves,0.0,country gospel,1.0,295599,0,0.0,1.0,0.753,0.1702,1.0,0.1702,145.13587,0.345,-1.0,SOXZNEF12A8C137AD7,4.0,0.722,-12.653,1,0.749,141.038,0.577,0.1702,91.318,4.0,0.785,0,1990,jim reeves,0
0.697174183,0.527548582,ARPUEAL1187FB57814,0.0,0,0.0,Gov't Mule,0.0,jam band,1.0,626791,0,0.0,2.0,0.063,0.80232,0.0,0.1883,378.95791,0.856,0.776573883,SOPWTLC12AB0184E34,5.0,0.138,-5.856,0,0.267,351.881,0.46,0.0346,196.141,4.0,0.617,0,2009,gov't mule,0
0.552021062,0.363930188,ARCBYJW1187FB51FD8,41.88415,0,-87.63241,Major Lance,0.0,neo soul,0.947557773,284620,0,0.0,0.0,1.0,0.50413,1.0,0.50413,141.42649,0.892,0.460484845,SOYVWTC12A8C135865,6.0,0.781,-9.379,1,0.595,135.308,0.594,0.25788,119.712,1.0,0.123,0,1963,major lance,0
0.552053803,0.341376268,AREB22L1187B9A4BCE,0.0,0,0.0,Bad Azz,0.0,gangster rap,1.0,451472,0,0.0,0.0,0.727,1.41646,0.717,0.49077,255.84281,0.167,0.591754161,SOMAFMA12AB0182DB4,1.0,0.278,-7.532,1,0.402,255.843,0.01,0.25293,121.871,4.0,0.915,0,2003,bad azz,0
0.208373973,0.0,ARFJXTS11F4C83E24E,0.0,0,0.0,Defect & Quixotic,0.0,turnablism,1.0,252213,0,0.0,0.0,0.404,0.70149,0.0,0.09841,267.75465,0.682,0.435954145,SOADZHL12A8C13CE75,9.0,0.0,-5.136,0,0.095,250.346,0.455,0.09841,102.008,4.0,0.506,0,2008,defect & quixotic,0
0.063480796,0.0,AR4C7UZ1187B9AB278,0.0,0,0.0,She Satellites,0.0,future jazz,0.999358866,505440,0,0.0,0.0,0.385,0.41858,0.705,0.14938,149.36771,0.102,-1.0,SOBDFTE12AB017ECA9,8.0,0.0,-7.798,1,0.1,140.173,0.705,0.14938,185.76,3.0,0.832,0,1999,she satellites,0
0.796420044,0.574497026,AR3MSAN1187B98F06B,33.74831,0,-84.39111,OutKast,0.0,dirty south rap,0.946580686,294879,0,0.0,2.0,0.131,0.60687,0.316,0.26842,366.39302,0.0,0.757471387,SOTEZMZ12A8C138355,8.0,0.444,-6.788,0,0.483,362.162,0.521,0.26842,177.662,4.0,0.674,0,1994,outkast,0
0.86652032,0.766545451,ARXPPEY1187FB51DF4,0.0,0,0.0,Michael Jackson,0.0,motown,0.999971562,312343,0,0.0,4.0,0.147,1.14472,0.0,0.2272,281.73016,1.047,-1.0,SOXOMUO12AF72AA7D1,5.0,0.345,-4.843,1,0.174,270.269,0.382,0.2272,131.319,4.0,0.797,0,1987,michael jackson,0
0.624252499,0.462190105,ARZVTZN1187FB579D4,32.20049,0,-94.35887,Jim Reeves,0.0,country gospel,1.0,303109,0,0.0,1.0,0.011,0.20702,0.754,0.20702,121.73016,0.165,-1.0,SOPQNUE12A8C13DB5A,11.0,0.712,-12.744,1,0.705,116.878,0.563,0.20702,151.73,3.0,0.878,0,1994,jim reeves,0
0.587515495,0.313538459,ARSNTX51187B989CA2,0.0,0,0.0,Tsar,0.0,freestyle,0.875923082,31324,0,0.0,0.0,0.313,0.41261,0.372,0.41261,220.42077,0.0,0.358976526,SOPRQKQ12A6D4F82CE,9.0,0.607,-2.588,1,0.59,215.017,0.629,0.21269,150.23,4.0,0.347,0,2005,tsar,0
0.641197515,0.448653471,AR4TLW81187B99683D,0.0,0,0.0,Martin Sexton,0.0,blue-eyed soul,0.934193031,544622,0,0.0,1.0,0.108,0.6038,0.545,0.6038,144.19546,0.212,0.239629098,SOFXOIF12AB0182415,3.0,0.775,-12.031,1,0.768,139.163,1.0,0.27545,90.099,3.0,0.868,0,2005,martin sexton,0
0.632718261,0.43659934,ARIMJFK1187FB4ED3E,0.0,0,0.0,Luke Vibert,0.0,trip hop,0.924296241,793116,0,0.0,1.0,0.009,0.5412,0.0,0.06752,420.15302,0.996,0.400039657,SOZTOSX12AC468AD34,0.0,0.572,-9.801,1,0.611,411.109,0.345,0.06752,125.008,4.0,0.989,0,2007,luke vibert,0
0.506734505,0.397249735,ARQXAGC12472CE2BBD,0.0,0,0.0,Spiral Stairs,0.0,indie rock,1.0,594703,0,0.0,0.0,0.24,3.93184,0.088,0.29853,65.51465,2.27,0.265861049,SOHLATT12AC3DF4D4B,3.0,0.071,-22.71,1,0.391,60.929,0.088,0.29853,100.088,5.0,0.695,0,2009,spiral stairs,0
0.643182773,0.500691341,AR3793X1187FB50CB3,0.0,0,0.0,Rea_ Chris,0.0,soft rock,0.961375214,17220,0,0.0,1.0,0.157,0.76733,0.854,0.31144,366.28853,0.113,0.467574948,SOVOBYK12A67ADD753,9.0,0.572,-13.018,0,0.585,347.469,0.0,0.0835,131.948,4.0,0.04,0,1999,rea_ chris,0
0.767768809,0.536219993,ARIH5GU1187FB4C958,0.0,0,0.0,Silverchair,0.0,post-grunge,0.998639971,284195,0,0.0,4.0,0.166,0.98363,0.284,0.31572,213.13261,0.0,0.738814996,SORKKTY12A8C132F3E,7.0,0.0,-5.382,1,0.0,203.372,0.169,0.31572,91.922,4.0,0.357,0,1997,silverchair,0
0.820072418,0.710879071,ARUTEVU1187B9ACAF9,34.05349,0,-118.24532,Lifehouse,0.0,post-grunge,0.99955727,297944,0,0.0,0.0,0.025,0.29105,0.546,0.29105,215.82322,0.0,0.661576692,SOQLWQU12A8C13C87E,1.0,0.375,-4.176,0,0.459,203.9,0.749,0.29105,164.002,4.0,0.0,0,2005,lifehouse,0
0.689793071,0.377849173,AR7MNIX1187B9A2A68,34.05349,0,-118.24532,Tyrone Wells,0.0,folk-pop,1.0,384801,0,0.0,0.0,0.021,0.20218,0.933,0.20218,252.65587,3.553,0.722844728,SOSAFCZ12AAFF41CD4,1.0,0.561,-7.825,0,0.536,249.678,0.942,0.20218,151.699,4.0,0.831,0,2005,tyrone wells,0
0.7087354,0.542289933,AR4GAFY1187B9B639D,0.0,0,0.0,B.B. King,0.0,blues-rock,0.903831242,460183,0,0.0,1.0,0.099,0.6488,0.39,0.24965,237.66159,0.0,-1.0,SOAEUQV12AB01813F8,2.0,0.755,-4.651,1,0.504,235.096,0.875,0.24965,151.284,4.0,0.162,0,2002,b.b. king,0
0.718381342,0.455825979,ARBD4QW1187FB42153,62.19845,0,17.55142,Scar Symmetry,0.0,death metal,1.0,263504,0,0.0,1.0,0.007,2.62258,0.497,1.53692,237.84444,3.117,0.71010151,SOZSSCO12AF72A554D,1.0,0.651,-3.492,1,0.272,233.674,0.349,1.35642,110.107,4.0,0.853,0,2008,scar symmetry,0
0.693258488,0.484124713,ARDPFGP1187B98A58A,59.33217,0,18.06243,Concretes,0.0,pop rock,0.963612169,345367,0,0.0,1.0,0.007,0.88249,0.645,0.21379,204.85179,0.16,0.48306456,SOHOZCG12A8C13EB23,2.0,0.579,-11.112,1,0.629,191.083,0.939,0.21379,89.676,4.0,1.0,0,2007,concretes,0
0.489629327,0.332970152,ARZ39UI1187B989289,0.0,0,0.0,Izzy Stradlin And The Ju Ju Hounds,0.0,blues-rock,0.892352697,55888,0,0.0,0.0,0.132,3.81483,0.311,2.99051,267.65016,8.11,0.537503904,SOHPTTD12A6D4F6FE6,7.0,0.781,-10.097,1,0.612,263.784,0.061,2.99051,150.404,4.0,0.0,0,1992,izzy stradlin and the ju ju hounds,0
0.541033427,0.423808444,ARQQP3Z1187FB5707B,53.55334,0,9.99245,Bert Kaempfert,0.0,easy listening,0.986837479,47326,0,0.0,1.0,0.332,0.39479,0.0,0.39479,184.31955,3.326,0.0,SOZFJLR12A6D4FB512,5.0,0.411,-20.282,0,0.46,175.961,0.094,0.15933,118.971,4.0,0.266,0,1996,bert kaempfert,0
0.729212274,0.481339309,ARVUN5F1187FB4CCC7,0.0,0,0.0,Beenie Man Featuring Janet Jackson,0.0,dancehall,0.948010911,277594,0,0.0,1.0,0.051,0.91553,1.0,0.33221,215.90159,0.31,-1.0,SOBGXEU12A8AE45903,1.0,0.0,-4.475,1,0.0,212.759,1.0,0.03982,102.828,4.0,1.0,0,2002,beenie man featuring janet jackson,0
0.506114299,0.37629757,ARG37DA1187B9A47FF,0.0,0,0.0,Morgion,0.0,sludge metal,0.939722609,530863,0,0.0,1.0,0.234,1.57817,0.814,0.53748,341.68118,0.467,0.499861286,SOHUDTL12AAFF43497,10.0,0.803,-7.422,1,0.623,330.252,0.182,0.26956,112.063,3.0,0.167,0,1997,morgion,0
0.609636698,0.382593001,ARRT66G1187FB3DDF9,0.0,0,0.0,Freddie King,0.0,texas blues,1.0,28325,0,0.0,1.0,0.02,0.66631,0.779,0.21993,286.82404,0.0,-1.0,SOJBCMD12A6D4F68B5,9.0,0.548,-6.615,1,0.458,283.074,0.603,0.07114,134.741,4.0,0.0,0,1960,freddie king,0
0.530605798,0.350327605,ARK2G5U1187FB46B34,0.0,0,0.0,Perrey And Kingsley,0.0,easy listening,0.995553751,492999,0,0.0,1.0,1.0,0.2535,1.0,0.2535,137.19465,0.171,0.424090811,SONMMMW12AB017DACF,7.0,0.209,-11.382,1,0.341,129.509,1.0,0.2535,125.767,1.0,0.0,0,1968,perrey and kingsley,0
0.439907658,0.311559176,ARQVLQJ1187B98F11F,0.0,0,0.0,Mau Mau,0.0,progressive house,0.984512778,56247,0,0.0,0.0,0.022,0.15945,0.895,0.15945,285.1522,0.305,0.0,SOPESRK12A6D4F8B92,10.0,0.187,-7.613,0,0.308,285.152,0.458,0.15945,182.198,4.0,0.683,0,2004,mau mau,0
0.65103938,0.434976032,ARMH10M1187FB4184F,0.0,0,0.0,Firehouse,0.0,glam metal,0.849958662,283059,0,0.0,0.0,0.271,1.91258,0.857,1.1851,285.3873,0.0,0.55823696,SOHIWMN12A8C1315B6,1.0,0.01,-10.181,0,0.25,277.809,0.138,1.0001,169.866,3.0,0.306,0,1990,firehouse,0
0.607615491,0.340915136,ARZQPE11187FB40939,0.0,0,0.0,The Panic Channel,0.0,post-grunge,1.0,46254,0,0.0,0.0,0.013,0.83809,1.0,0.4309,227.99628,0.138,0.531722098,SOVXGLT12A6D4F952C,9.0,0.043,-3.229,1,0.262,211.18,1.0,0.2268,147.975,4.0,0.866,0,2006,the panic channel,0
0.432323768,0.297809313,AR1F3IJ1187B9980B4,0.0,0,0.0,The Galactic Heroes,0.0,twee pop,0.899347148,457510,0,0.0,0.0,0.735,0.08148,0.735,0.08148,120.86812,0.061,0.288481643,SOQCSHQ12AB0182F0F,9.0,0.591,-10.33,1,0.536,120.868,0.39,0.08148,187.323,1.0,0.0,0,2000,the galactic heroes,0
0.512687131,0.370628892,ARLAEJO1187B98DB85,0.0,0,0.0,FU-Schnickens,0.0,comedy rap,0.86579823,302144,0,0.0,0.0,0.311,1.05525,1.0,0.46009,276.94975,0.421,0.606807293,SOQORHS12A8C13B8BD,11.0,0.512,-9.716,0,0.669,266.217,1.0,0.15774,102.739,4.0,1.0,0,1992,fu-schnickens,0
0.621616922,0.448459768,ARW2DG51187B9A170F,44.81187,0,20.46414,Ana Popovic,0.0,blues-rock,1.0,323348,0,0.0,0.0,0.096,0.97856,1.0,0.21383,322.66404,0.189,0.407901717,SORBDNB12AAF3B1B4E,7.0,0.399,-7.737,0,0.264,315.466,1.0,0.21383,156.948,3.0,1.0,0,2007,ana popovic,0
0.444926413,0.344814469,ARQDYV0119B866800F,0.0,0,0.0,Gertrudis,0.0,big beat,0.956568016,137257,0,0.0,0.0,0.008,1.27706,0.469,0.20045,215.562,0.0,-1.0,SOTKPYP12A8AE46BBE,5.0,0.567,-6.433,1,0.483,210.112,0.509,0.20045,111.953,4.0,1.0,0,2003,gertrudis,0
0.822843255,0.531436737,ARZXTEY1187B9997A7,0.0,0,0.0,Juelz Santana / Bezel,0.0,rap,1.0,20903,0,0.0,0.0,0.359,1.51315,0.0,0.35222,254.51057,2.81,0.47643522,SOQDEXL12A6D4F7004,10.0,0.347,-3.858,0,0.567,250.973,0.069,0.05874,104.99,3.0,0.792,0,2005,juelz santana / bezel,0
0.81195304,0.578993549,ARWA6NT1187FB3F15C,51.11655,0,-0.18703,The Cure,0.0,new wave,0.952578423,130922,0,0.0,4.0,0.005,1.03601,0.676,0.13672,250.85342,0.119,-1.0,SOFYIZF12A81C1FF4E,2.0,0.215,-8.19,1,0.426,243.438,0.911,0.13672,135.038,4.0,0.048,0,2001,the cure,0
0.617421407,0.449253877,AR7GOK91187FB455F5,48.85692,0,2.34121,Jean-Jacques Goldman,0.0,chanson,1.0,553563,0,0.0,1.0,0.845,1.21439,0.286,0.19435,236.09424,0.0,-1.0,SORBLTE12A8AE47D0F,9.0,0.568,-11.326,0,0.657,233.111,0.184,0.19435,119.035,4.0,0.655,0,1985,jean-jacques goldman,0
0.44492125,0.318458623,AR76YOD1187FB46B24,40.71455,0,-74.00712,Joshua Rifkin,0.0,ragtime,1.0,129766,0,0.0,0.0,0.0,0.27676,0.0,0.27676,282.09587,0.0,-1.0,SOHDWYM12A8151AF55,10.0,0.765,-25.038,1,0.707,267.825,0.513,0.27676,128.251,1.0,0.0,0,1994,joshua rifkin,0
0.522490451,0.350285512,ARCCK7B1187B994F9D,0.0,0,0.0,Paul Glazby,0.0,hard house,1.0,797645,0,0.0,0.0,0.014,0.88178,0.564,0.48079,541.51791,0.0,0.0,SOYETRS12AB018A8F2,9.0,0.072,-8.71,1,0.301,536.967,1.0,0.28129,149.864,4.0,0.059,0,2001,paul glazby,0
0.737001277,0.504964406,ARXPDRB1187B9AD0B1,41.88415,0,-87.63241,Patti Smith,0.0,rock,1.0,297093,0,0.0,1.0,0.394,1.23645,0.752,0.41755,293.53751,5.59,0.736736986,SOQDFVR12A8C13A3EF,2.0,0.157,-12.359,1,0.493,280.892,0.049,0.41755,146.454,3.0,0.96,0,1996,patti smith,0
0.423385847,0.367007962,AR8LD3R1187FB4D08F,30.9742,0,-91.52382,C.C. Adcock,0.0,zydeco,1.0,539324,0,0.0,0.0,0.029,0.67679,0.333,0.67679,168.33261,0.0,0.492394196,SOWFICG12AB0181787,7.0,0.002,-7.661,0,0.084,158.848,0.409,0.39175,116.009,4.0,0.586,0,2004,c.c. adcock,0
0.626803106,0.405234691,ARJ9DSA1187B990E00,0.0,0,0.0,John Mayall & The Bluesbreakers,0.0,blues-rock,0.97665497,45795,0,0.0,2.0,0.962,0.52748,0.962,0.52748,142.15791,0.49,-1.0,SOGPDBF12A6D4F7FAB,4.0,1.0,-5.063,1,0.901,136.243,0.634,0.52748,133.072,1.0,0.0,0,2010,john mayall & the bluesbreakers,0
0.623154284,0.429353515,ARBFDJW1187B9AD27A,30.2676,0,-97.74298,The Fabulous Thunderbirds,0.0,blues-rock,1.0,282456,0,0.0,0.0,0.915,0.39272,0.915,0.39272,229.8771,0.115,0.509640966,SOAIJKC12A8C131D6F,10.0,0.17,-9.406,1,0.267,227.056,1.0,0.14726,125.676,1.0,0.013,0,1986,the fabulous thunderbirds,0
0.591846288,0.37246298,ARO0R521187B98A2D1,0.0,0,0.0,2 Minutos,0.0,skate punk,0.882294682,500861,0,0.0,0.0,0.145,0.83921,0.559,0.2661,179.09506,2.026,-1.0,SOWMJNZ12AB017E8CD,7.0,0.384,-5.15,1,0.345,179.095,0.158,0.12247,105.498,4.0,0.542,0,1994,2 minutos,0
0.748536142,0.702594755,ARNNM56119B86686EA,0.0,0,0.0,Luke Bryan,0.0,country rock,1.0,661435,0,0.0,0.0,0.028,0.77384,0.905,0.37495,192.44363,0.183,0.682344754,SOJQLZR12AB018909F,7.0,0.577,-4.43,0,0.654,183.844,0.676,0.17142,147.904,4.0,0.374,0,2009,luke bryan,0
0.737037558,0.539245418,AR050VJ1187B9B13A7,0.0,0,0.0,Dead Kennedys,0.0,rock,1.0,792923,0,0.0,2.0,0.487,1.11694,0.487,1.11694,184.94649,0.769,-1.0,SOUPBKQ12AC4689EB8,2.0,0.378,-10.133,1,0.519,182.944,0.615,0.82437,108.977,1.0,0.025,0,1980,dead kennedys,0
0.701180874,0.466628889,AR7TTS41187B9B42D3,34.36401,0,-89.51877,R.L. Burnside,0.0,delta blues,0.980350471,815189,0,0.0,1.0,0.543,1.02668,0.587,0.37956,257.35791,0.334,0.386477291,SOKLUBB12AB0182FDA,11.0,0.0,-9.584,1,0.0,257.358,0.568,0.06541,95.56,4.0,0.0,0,1997,r.l. burnside,0
0.769944259,0.536173552,ARWD3OC1187FB3A666,0.0,0,0.0,Cut Copy,0.0,alternative dance,0.999111805,10630,0,0.0,1.0,0.009,1.14883,1.0,0.14619,312.08444,0.612,0.859349894,SOQFNLE12A6701F952,11.0,0.541,-8.775,0,0.485,304.007,0.745,0.14619,119.562,4.0,0.316,0,2004,cut copy,0
0.642030477,0.445222198,AR2O84Q1187FB5BF74,0.0,0,0.0,Salt The Wound,0.0,death core,1.0,667269,0,0.0,0.0,0.401,2.6652,0.493,2.6652,96.65261,13.88,0.63529146,SOVKFKF12A8C14348A,11.0,0.055,-8.958,1,0.368,96.653,0.078,2.3927,120.502,3.0,1.0,0,2008,salt the wound,0
0.789098032,0.537002043,ARLZLMN1187B9AD1CB,42.31256,0,-71.08868,The Cars,0.0,new wave,0.999508787,129857,0,0.0,1.0,0.825,0.19626,0.825,0.19626,234.50077,0.133,0.833006243,SOEQXWO12AB017D68B,6.0,0.406,-5.811,1,0.536,224.067,0.611,0.19626,111.319,1.0,0.985,0,1984,the cars,0
0.745625188,0.513065655,AR1Q25M1187B9B0D73,40.67856,0,-73.41853,De La Soul / MF Doom,0.0,hip hop,0.999774067,799238,0,0.0,1.0,0.306,0.49104,0.037,0.49104,185.23383,0.0,0.598947039,SOCICGI12AB018AB36,10.0,0.534,-3.684,0,0.534,185.234,0.472,0.26834,86.813,4.0,0.0,0,2004,de la soul / mf doom,0
0.547938241,0.374791219,AR37ILI1187B98E27B,0.0,0,0.0,Shriekback,0.0,alternative dance,0.918613059,679623,0,0.0,1.0,0.162,0.88635,0.581,0.12464,297.92608,0.218,0.334706549,SOXSNIW12AB018681A,5.0,1.0,-13.339,1,0.844,291.666,0.551,0.12464,157.956,5.0,0.767,0,1986,shriekback,0
0.639860429,0.4538815,AR6Z6BW1187B9ACD69,0.0,0,0.0,The Ruby Suns,0.0,experimental rock,0.926618577,70128,0,0.0,1.0,0.188,2.99117,0.762,0.15185,70.89587,0.109,0.509640966,SOKZFPW12A67FFB3C6,0.0,0.272,-9.876,1,0.483,70.896,0.519,0.15185,42.525,4.0,0.0,0,2005,the ruby suns,0
0.705205403,0.653512933,ARNLE621187B98ECB5,41.26069,0,-95.93995,Mannheim Steamroller,0.0,instrumental pop,0.824735992,685053,0,0.0,0.0,0.201,0.72207,0.875,0.33248,149.89016,0.141,-1.0,SOQHYAX12CF530D50C,7.0,0.639,-6.894,1,0.687,143.366,0.595,0.13671,154.695,4.0,0.297,0,2008,mannheim steamroller,0
0.79225559,0.566971566,ARDF8K01187FB37200,0.0,0,0.0,Wolfmother,0.0,stoner metal,0.999931453,135400,0,0.0,1.0,0.209,0.59717,0.242,0.16471,260.91057,0.0,0.776126776,SOCVOFW12A6D227200,2.0,0.582,-4.598,1,0.481,252.401,0.447,0.16471,141.769,4.0,0.023,0,2004,wolfmother,0
0.736677413,0.526182556,ARNDB1X1187B990AA0,34.05349,0,-118.24532,Suicidal Tendencies,0.0,hardcore punk,1.0,282042,0,0.0,2.0,0.0,0.33456,0.0,0.33456,269.81832,3.738,0.520370304,SOCOLNA12A8C131D81,9.0,0.627,-5.93,1,0.568,261.544,0.078,0.15866,164.925,4.0,0.0,0,1992,suicidal tendencies,0
0.537131259,0.473133097,AR9DO2O1187FB53637,50.97768,0,11.02307,ColdWorld,0.0,black metal,1.0,322080,0,0.0,1.0,0.423,1.279,0.864,0.38497,344.68526,5.55,-1.0,SOBADNN12AAF3B1F5D,2.0,0.525,-6.164,0,0.32,327.558,0.173,0.38497,134.832,4.0,0.471,0,2008,coldworld,0
0.612657824,0.457611174,AROJAG11187B9B71A3,51.50632,0,-0.12714,The Chap,0.0,future jazz,0.910049664,776175,0,0.0,1.0,0.026,0.47094,0.826,0.47094,213.89016,0.938,0.548005621,SOSBLBE12AC3DFB104,7.0,0.744,-7.345,0,0.562,208.434,0.712,0.21615,120.188,4.0,0.02,0,2010,the chap,0
0.806364125,0.512455643,AREMPZY1187B9B8FF3,0.0,0,0.0,David Banner,0.0,crunk,0.94721879,25815,0,0.0,0.0,0.131,0.29946,0.377,0.29946,183.90159,0.109,0.392008772,SOKASNE12A6D4F850B,6.0,0.611,-3.737,1,0.517,175.572,0.354,0.10968,99.487,5.0,1.0,0,2003,david banner,0
0.749860753,0.51653518,AR3Q48J1187FB55278,0.0,0,0.0,The Rapture,0.0,alternative dance,0.945062641,41745,0,0.0,1.0,0.023,1.3624,1.0,0.34233,277.02812,0.0,0.640017319,SOHOOXT12A67ADA073,1.0,0.517,-6.425,1,0.428,264.069,0.854,0.34233,119.813,4.0,1.0,0,2006,the rapture,0
0.470828036,0.350476631,AR6L0X71187FB49709,0.0,0,0.0,Paul Cantelon,0.0,folk rock,0.977659709,209378,0,0.0,0.0,0.889,1.19634,0.889,1.19634,210.54649,0.193,-1.0,SOHRHJZ12A8C13A6DC,4.0,0.626,-22.788,1,0.358,199.338,0.121,0.45359,41.133,1.0,0.0,0,2008,paul cantelon,0
0.399811279,0.293359843,ARN4MQP1187FB40F7D,0.0,0,0.0,Richard Lloyd,0.0,garage rock,0.949098093,54401,0,0.0,0.0,0.087,0.59009,0.968,0.21016,172.77342,0.362,0.293680022,SOMRDBW12A6D4F9F07,9.0,0.863,-10.853,1,0.594,165.994,0.797,0.03154,159.081,4.0,0.0,0,1979,richard lloyd,0
0.700635528,0.511546184,ARZTSYB1187FB54987,0.0,0,0.0,Rainbow,0.0,heavy metal,0.999872425,2346,0,0.0,1.0,0.018,0.60483,0.881,0.22376,299.57179,0.179,0.620610718,SOJOBVT12A6701E062,0.0,0.788,-10.915,1,0.62,287.33,0.592,0.03419,155.999,4.0,0.168,0,1981,rainbow,0
0.553914553,0.36481887,ARIGY9P1187B9B6428,0.0,0,0.0,Ancient Astronauts,0.0,trip hop,0.986263928,560992,0,0.0,0.0,0.095,0.40186,0.442,0.40186,330.57914,0.067,0.572920148,SOREJVE12A58A7AD36,9.0,0.645,-7.111,0,0.558,311.728,0.056,0.17996,136.044,4.0,0.583,0,2009,ancient astronauts,0
0.610632338,0.398729456,ARDTECS1187FB538C0,42.93896,0,-74.18893,Symphony in Peril,0.0,christian hardcore,0.882917276,771190,0,0.0,0.0,0.011,0.42312,0.245,0.42312,245.13261,0.0,0.507669472,SOKOFFJ12AB018F6A1,9.0,0.871,-6.776,1,0.704,245.133,1.0,0.11725,100.034,4.0,1.0,0,2005,symphony in peril,0
0.856448924,0.854637828,ARPDVPJ1187B9ADBE9,0.0,0,0.0,Usher,0.0,hip hop,1.0,611118,0,0.0,1.0,0.016,0.84799,0.315,0.0314,286.77179,0.0,-1.0,SOUVKXW12A8C1427AC,11.0,0.322,-4.04,0,0.324,286.772,1.0,0.0314,147.979,4.0,0.0,0,2008,usher,0
0.603383145,0.422127199,AR1DR0E1187FB48F61,0.0,0,0.0,Kathy Mattea,0.0,bluegrass,0.959671631,285461,0,0.0,1.0,0.087,3.2378,0.737,2.63141,156.62975,3.39,0.450992312,SOCLCWX12A8C133EC0,9.0,0.297,-13.056,1,0.44,150.332,0.521,2.63141,96.695,3.0,1.0,0,1991,kathy mattea,0
0.623154284,0.429353515,ARBFDJW1187B9AD27A,30.2676,0,-97.74298,The Fabulous Thunderbirds,0.0,blues-rock,1.0,382955,0,0.0,0.0,0.165,0.9109,0.887,0.46013,287.65995,0.136,-1.0,SOUATZO12AAF3B23A7,10.0,0.699,-12.219,1,0.703,266.919,0.746,0.23418,133.349,3.0,0.654,0,1991,the fabulous thunderbirds,0
0.582238344,0.449052575,AROCBZZ11E2835D652,0.0,0,0.0,Small Faces,0.0,rock 'n roll,0.944165938,340376,0,0.0,0.0,0.012,0.84453,1.0,0.36535,157.46567,0.323,-1.0,SOSKOHU12AB0184001,9.0,0.899,-5.074,1,0.48,146.628,1.0,0.12576,125.295,4.0,0.355,0,1966,small faces,0
0.668020249,0.516963731,ARYF20K1187B9B76BD,0.0,0,0.0,George Lopez,0.0,california,1.0,591012,0,0.0,0.0,0.127,0.05934,0.127,0.05934,153.49506,0.0,-1.0,SOCNFBN12AF72A23AA,7.0,0.286,-16.016,1,0.308,150.134,0.367,0.05934,118.06,1.0,0.407,0,2001,george lopez,0
0.474829407,0.296955682,ARV21JS1187B99E516,40.73197,0,-74.17418,Jerry Lewis,0.0,rock steady,0.874627635,210460,0,0.0,0.0,0.017,0.75985,0.815,0.28056,142.73261,0.369,-1.0,SOFLOGZ12A8C13C69F,7.0,0.485,-9.865,1,0.4,135.459,0.289,0.28056,124.877,4.0,1.0,0,1995,jerry lewis,0
0.724813068,0.477178834,ARH9GD41187FB37E0F,0.0,0,0.0,Stephen Marley / Damian Marley,0.0,roots reggae,0.905439168,485654,0,0.0,1.0,0.007,0.87173,0.735,0.52061,247.17016,0.0,0.531580241,SOCSXBH12A58A78109,9.0,0.822,-8.476,1,0.807,235.253,0.995,0.34724,165.886,4.0,1.0,0,2006,stephen marley / damian marley,0
0.545364353,0.404575226,ARQ30G91187B9B8C12,0.0,0,0.0,Steinski,0.0,hip hop,1.0,534612,0,0.0,0.0,0.04,0.04057,0.098,0.04057,169.97832,0.0,0.433005077,SOUDAHM12A58A7B19A,10.0,0.533,-12.738,0,0.547,169.978,1.0,0.04057,185.325,4.0,0.59,0,2003,steinski,0
0.769967819,0.480812449,ARPTC8L119B340323E,0.0,0,0.0,Chuck Wicks,0.0,country,1.0,438662,0,0.0,0.0,0.058,0.86629,0.959,0.25139,222.01424,0.136,0.630460453,SOYTXMF12AB0179B2C,1.0,1.0,-5.278,1,0.875,202.182,1.0,0.25139,99.124,4.0,0.104,0,2008,chuck wicks,0
0.616884544,0.343844499,ARZBYDY1187FB46DD7,42.54843,0,2.38596,Cali,0.0,dance pop,1.0,282795,0,0.0,1.0,0.917,0.17498,0.917,0.17498,156.55138,10.083,0.503381236,SOBIJGQ12A8C131C8F,4.0,0.783,-8.038,1,0.516,150.245,0.044,0.17498,127.792,1.0,0.0,0,2008,cali,0
0.889460725,0.612067268,AR65K7A1187FB4DAA4,0.0,0,0.0,BeyoncA(c),0.0,hip hop,0.999154774,280206,0,0.0,1.0,0.001,0.94888,0.915,0.27225,230.55628,0.223,-1.0,SOYNBBT12A8AE46457,10.0,0.852,-4.883,1,0.576,224.386,0.752,0.10455,87.992,4.0,0.152,0,2007,beyonca(c),0
0.487077751,0.315690277,AR4QYVC1187B99985B,0.0,0,0.0,DJ Harry,0.0,trip hop,1.0,748788,0,0.0,0.0,0.137,0.55096,0.897,0.21789,309.60281,0.0,-1.0,SOIOWYG12AB018751B,6.0,0.795,-7.254,0,0.615,296.159,0.991,0.04594,181.371,4.0,0.159,0,2004,dj harry,0
0.598237133,0.36368784,ARUUP4L1187B9B72EB,32.71568,0,-117.16172,Diamanda Galas,0.0,no wave,1.0,171954,0,0.0,2.0,0.099,1.56645,0.0,0.96596,191.42485,5.84,-1.0,SOPPIJK12A8C13EAC5,11.0,0.414,-51.643,0,0.09,180.709,0.0,0.96596,168.352,5.0,0.812,0,1993,diamanda galas,0
0.845601887,1.005941966,ARTDQRC1187FB4EFD4,0.0,0,0.0,Black Eyed Peas / Terry Dexter,0.0,hip hop,1.0,15589,0,0.0,1.0,0.031,1.15201,0.822,0.57716,275.04281,0.0,0.508602172,SOYGIBP12A67020AF7,7.0,0.094,-3.574,0,0.182,264.545,1.0,0.28379,103.652,4.0,0.996,0,2000,black eyed peas / terry dexter,0
0.729212274,0.481339309,ARVUN5F1187FB4CCC7,0.0,0,0.0,Beenie Man,0.0,dancehall,0.948010911,465292,0,0.0,1.0,0.027,0.24852,0.4,0.24852,230.24281,0.0,0.327736683,SOKJCDI12A81C22EB0,5.0,0.446,-6.171,0,0.469,220.979,0.759,0.24852,159.248,4.0,0.339,0,2006,beenie man,0
0.537160563,0.382843062,ARJTX7M1187FB4CED3,52.88356,0,-1.97406,Be Bop Deluxe,0.0,art rock,0.984629331,23891,0,0.0,1.0,0.04,0.63161,0.794,0.20418,197.82485,0.369,-1.0,SOTAEIP12A6D4F76A5,2.0,0.251,-11.292,0,0.323,197.825,0.539,0.20418,142.88,4.0,0.372,0,1975,be bop deluxe,0
0.502453177,0.391585329,AR1X2H01187B98CCF2,0.0,0,0.0,Maurice Chevalier,0.0,chanson,1.0,271036,0,0.0,1.0,0.005,0.90726,0.53,0.45555,214.5171,0.0,-1.0,SOCYCRH12A6D4FD333,5.0,0.473,-13.379,1,0.605,209.966,0.199,0.22348,130.275,4.0,0.188,0,2000,maurice chevalier,0
0.689494765,0.35590563,ARI6CSW1187B9AF09A,0.0,0,0.0,Eko Fresh,0.0,pop rap,0.93325637,385499,0,0.0,1.0,0.397,0.57763,0.027,0.2935,234.60526,0.0,0.413739836,SOSFYFN12AB017AB81,1.0,0.474,-5.172,1,0.293,227.95,0.318,0.1518,167.59,4.0,0.353,0,2007,eko fresh,0
0.710374813,0.505883169,ARCNOK81187B98CA3F,0.0,0,0.0,Buju Banton,0.0,roots reggae,0.946034141,504344,0,0.0,1.0,0.177,1.35631,0.0,0.65977,256.78322,3.611,-1.0,SOQVLPI12AB017F740,2.0,0.054,-13.139,1,0.266,251.501,0.082,0.13933,85.988,4.0,0.189,0,1993,buju banton,0
0.489537503,0.343389815,ARBXBQR1187FB56FA5,0.0,0,0.0,Bill Douglas,0.0,chamber jazz,1.0,483799,0,0.0,0.0,0.175,0.95208,0.58,0.32901,273.97179,0.608,0.0,SOAWDUO12AB0182450,5.0,0.681,-16.865,1,0.509,268.637,0.395,0.17363,192.819,3.0,0.283,0,1993,bill douglas,0
0.889460726,0.619431422,AR65K7A1187FB4DAA4,0.0,0,0.0,BeyoncA(c),0.0,hip hop,0.999154774,493062,0,0.0,1.0,0.706,0.07251,0.706,0.07251,212.16608,2.241,-1.0,SOYVXRJ12AB017CDD6,9.0,0.5,-6.295,1,0.48,199.872,0.294,0.07251,113.812,1.0,1.0,0,2006,beyonca(c),0
0.523653409,0.348434197,ARCLJQZ11E2835CE37,37.80506,0,-122.27302,Alvin YoungbloodA Hart,0.0,blues-rock,0.915330298,38608,0,0.0,1.0,0.664,0.20199,0.664,0.20199,159.39873,0.0,0.375984302,SOFKWBH12A6D4F584E,9.0,0.722,-18.909,1,0.602,146.53,0.808,0.03181,195.223,1.0,0.0,0,1998,alvin youngblooda hart,0
0.608703568,0.362218957,AR7KA5V1187FB44E6B,0.0,0,0.0,The Del McCoury Band,0.0,bluegrass,1.0,757775,0,0.0,1.0,0.953,0.3808,0.953,0.3808,173.97506,0.131,0.0,SOWVZIQ12A8C1433C9,7.0,0.503,-9.329,1,0.59,165.727,0.656,0.1712,140.9,1.0,0.0,0,2006,the del mccoury band,0
0.570825323,0.403588238,ARZFRQM1187B9A9772,0.0,0,0.0,Vanessa Daou,0.0,chill-out,0.965454927,608786,0,0.0,0.0,0.352,1.0157,0.35,0.60134,222.04036,0.364,0.445454526,SOUNPTA12AB0183132,8.0,0.903,-11.607,1,0.588,206.582,0.943,0.39519,144.975,4.0,1.0,0,1996,vanessa daou,0
0.645720023,0.543954417,AROY6XW1187B991121,0.0,0,0.0,Steve Vai,0.0,instrumental rock,0.998934632,282332,0,0.0,1.0,0.031,0.43682,0.789,0.17479,304.71791,0.101,0.637311276,SOJMLXA12A8C12FB20,5.0,0.663,-7.269,1,0.693,292.49,0.789,0.17479,227.161,4.0,0.645,0,1996,steve vai,0
0.6742378,0.46527021,ARJ2PMY1187FB5B563,0.0,0,0.0,Burning Spear,0.0,roots reggae,1.0,14562,0,0.0,1.0,0.027,0.58816,0.593,0.1228,355.18649,0.125,0.425124658,SOUFLXO12A6701DD54,11.0,0.774,-8.01,0,0.539,336.881,0.0,0.1228,125.245,4.0,0.05,0,1980,burning spear,0
0.447725075,0.351170212,AR0OTEX1187FB3600D,0.0,0,0.0,Los Del Rio,0.0,dance pop,1.0,297314,0,0.0,0.0,0.878,0.95837,0.878,0.95837,249.49506,2.572,-1.0,SOTJEIC12A8C139054,10.0,0.498,-12.005,0,0.489,236.397,0.692,0.95837,206.02,1.0,0.0,0,1993,los del rio,0
0.62812134,0.418946871,AR1WC0X1187B991056,37.77916,0,-122.42005,Jefferson Starship,0.0,hard rock,1.0,371942,0,0.0,1.0,0.348,0.88545,0.729,0.43121,329.50812,0.135,0.270775999,SOXYLNP12A58A77347,2.0,0.163,-9.864,1,0.419,321.817,0.994,0.20182,132.611,4.0,0.638,0,1999,jefferson starship,0
0.626803106,0.405234691,ARJ9DSA1187B990E00,0.0,0,0.0,John Mayall,0.0,blues-rock,0.97665497,521581,0,0.0,2.0,0.182,0.80883,0.93,0.40013,264.6722,0.166,0.363488499,SOYPQHV12A67ADF698,10.0,0.032,-7.611,1,0.38,259.82,1.0,0.19783,147.128,4.0,0.631,0,2007,john mayall,0
0.761362238,0.467110649,AR56P361187B9AC4DB,54.5958,0,-5.93494,Gary Moore,0.0,blues-rock,1.0,50904,0,0.0,2.0,0.428,2.08974,0.849,0.66126,304.95302,0.206,0.535953802,SOSNIRJ12A6D4FA0BD,9.0,0.762,-20.496,0,0.741,286.9,0.691,0.2974,86.321,4.0,0.674,0,1992,gary moore,0
0.699262056,0.47594129,AR2SMD91187B9B0582,0.0,0,0.0,Mighty Mighty Bosstones,0.0,ska punk,1.0,511256,0,0.0,1.0,0.9,0.33075,0.9,0.33075,168.85506,0.254,0.513517029,SOSNQCC12AB0185B62,1.0,0.333,-9.515,1,0.609,168.855,0.218,0.1779,197.213,1.0,0.0,0,1989,mighty mighty bosstones,0
0.543290243,0.351998338,ARZEBW31187FB586EA,0.0,0,0.0,Anne Dudley,0.0,trip hop,0.956527387,188828,0,0.0,1.0,0.002,0.99213,0.347,0.36302,177.44934,2.061,0.26885145,SOZOIKO12A8C133726,5.0,0.126,-19.597,1,0.349,168.211,0.347,0.36302,172.223,4.0,0.776,0,2000,anne dudley,0
0.54559902,0.343680041,ARWBN9B1187B988B95,48.76767,0,9.17192,Eberhard Weber,0.0,free jazz,0.8457158,179771,0,0.0,0.0,0.124,0.47893,0.628,0.47893,279.06567,1.054,0.340922756,SOYCYFG12A81C22BA1,1.0,0.546,-27.016,1,0.462,263.767,0.556,0.1616,99.556,3.0,0.814,0,1993,eberhard weber,0
0.515034941,0.412155304,ARWBZWU1187B98F7FB,0.0,0,0.0,Jimmy Herring,0.0,jazz fusion,0.903806099,344464,0,0.0,0.0,0.475,0.39148,0.743,0.39148,359.8624,0.0,0.56588951,SOOSJQN12AB017E4CF,4.0,0.297,-10.004,0,0.395,341.554,0.512,0.1493,124.073,4.0,0.798,0,2008,jimmy herring,0
0.817635146,0.564005986,AR40GSU1187FB3AA01,0.0,0,0.0,Neil Diamond,0.0,soft rock,0.948105577,282376,0,0.0,1.0,0.067,0.62624,0.041,0.62624,172.38159,2.409,-1.0,SOSCHDW12A8C130FD7,0.0,0.864,-12.409,1,0.73,172.382,0.139,0.40109,127.275,4.0,0.0,0,1972,neil diamond,0
0.662670207,0.378969801,AR0V36F1187FB366B1,53.41961,0,-8.24055,The Chieftains;Colin James,0.0,irish folk,1.0,293769,0,0.0,2.0,0.037,1.07088,0.0,0.54586,218.33098,2.067,0.0,SORSJPQ12A8C13875A,7.0,0.061,-12.81,1,0.504,210.971,0.031,0.20113,114.589,4.0,0.0,0,1992,the chieftains;colin james,0
0.596602385,0.399186285,ARB1CNO1187FB4CE93,0.0,0,0.0,45 Grave,0.0,deathrock,0.846695399,272276,0,0.0,1.0,0.222,0.5613,0.222,0.5613,163.26485,0.154,0.647368817,SOJMXXW12A6D4F9DB3,4.0,0.258,-12.778,1,0.325,156.868,0.222,0.5613,114.135,1.0,0.318,0,1989,45 grave,0
0.520553746,0.355974359,AR58SJE1187B9A8E4C,31.55379,0,-90.10785,J.B. Lenoir,0.0,chicago blues,0.993447824,58509,0,0.0,0.0,0.228,0.59111,0.998,0.13411,114.62485,0.206,-1.0,SOTNYEO12A6D4F98C3,11.0,0.342,-7.573,0,0.335,106.771,0.493,0.13411,129.583,4.0,0.351,0,1995,j.b. lenoir,0
0.707199764,0.51346329,ARYKCQI1187FB3B18F,0.0,0,0.0,Tesla,0.0,hard rock,1.0,46614,0,0.0,0.0,0.009,0.28158,0.419,0.28158,210.28526,0.0,0.358976526,SOUROPB12A6D4FAC51,2.0,0.553,-10.223,1,0.424,210.285,0.562,0.28158,128.262,3.0,0.0,0,1986,tesla,0
0.82785377,0.517328584,ARPKK761187FB4D53C,40.10216,0,-85.67869,The Ataris,0.0,pop punk,0.930853525,287297,0,0.0,1.0,0.026,1.46327,0.841,1.05208,246.85669,0.0,-1.0,SOCXOGU12A8C1327B3,2.0,0.531,-4.544,1,0.604,237.215,0.24,1.05208,145.711,4.0,0.594,0,2003,the ataris,0
0.60542429,0.409292117,ARR2TI31187FB380FE,0.0,0,0.0,The Field Mice,0.0,twee pop,0.883212566,216819,0,0.0,1.0,0.696,10.52354,0.968,0.50836,335.46404,0.16,0.526706659,SOQPENF12A8C13D7D8,7.0,1.0,-14.064,1,0.909,328.893,0.126,0.07454,70.09,4.0,0.442,0,1990,the field mice,0
0.601395113,0.436730221,AR05NQH1187B98E875,0.0,0,0.0,Kassav',0.0,zouk,1.0,289937,0,0.0,1.0,0.349,0.94982,0.0,0.34191,335.56853,3.135,0.0,SODTEEH12A8C133B01,8.0,0.522,-6.824,1,0.479,318.578,0.162,0.04445,97.999,4.0,0.864,0,2000,kassav',0
0.93796475,0.566622888,ARSG7NQ1187FB57482,0.0,0,0.0,Fall Out Boy,0.0,pop punk,1.0,241310,0,0.0,1.0,0.121,0.86327,0.639,0.33237,189.80526,0.0,-1.0,SOVAIXB12A8C132657,7.0,0.518,-3.544,1,0.563,187.193,0.934,0.33237,114.535,4.0,0.167,0,2008,fall out boy,0
0.554890899,0.385583661,ARTO6KU1187B99910C,0.0,0,0.0,Claude FranASSois,0.0,chanson,1.0,428202,0,0.0,2.0,0.226,0.58311,0.28,0.12652,197.25016,0.0,0.49813159,SOCGAOT12A8C138D1C,6.0,0.246,-12.472,0,0.469,186.903,0.324,0.12652,134.237,4.0,0.0,0,1994,claude franassois,0
0.525332914,0.383394322,AR2K2CM1187B98D4F1,36.71832,0,-4.42016,Fran Perea,0.0,celtic,0.965389382,131371,0,0.0,0.0,0.017,0.74478,0.417,0.06784,194.21995,0.0,0.407974652,SOGKRNP12A81C20860,1.0,0.511,-4.556,0,0.392,185.406,0.711,0.06784,180.04,4.0,0.365,0,2005,fran perea,0
0.57961456,0.418418097,AR3GE071187B9A6D71,43.64856,0,-79.38533,Johannes Linstead,0.0,meditation,1.0,493663,0,0.0,1.0,0.022,0.89027,0.875,0.37736,294.66077,0.218,0.444401715,SOAVMSM12AB017CC5C,0.0,0.614,-7.409,0,0.605,288.938,0.653,0.12026,115.049,4.0,0.745,0,2003,johannes linstead,0
0.534464352,0.368689373,AR243ZT1187B9A98D2,32.29869,0,-90.18049,Otis Spann,0.0,piano blues,1.0,427098,0,0.0,0.0,0.258,0.49447,0.954,0.49447,160.83546,0.432,-1.0,SOEWHWK12A8C14264E,9.0,0.008,-13.389,1,0.321,155.15,0.828,0.05821,99.463,4.0,0.24,0,1990,otis spann,0
0.632008013,0.144684661,AR0BV7E1187FB386C1,0.0,0,0.0,Lee Ritenour,0.0,instrumental pop,1.0,319809,0,0.0,0.0,0.027,0.03899,0.769,0.03899,274.72934,0.322,0.598989558,SOHMZNL12A58A8001A,0.0,0.681,-9.727,0,0.667,263.216,0.288,0.03899,164.594,4.0,0.892,0,1979,lee ritenour,0
0.362997347,0.29168806,AR5NDDL1187B9A4EDB,0.0,0,0.0,Big John Greer,0.0,jump blues,1.0,258482,0,0.0,0.0,0.861,0.30372,0.861,0.30372,145.73669,0.189,0.0,SOHLICT12A8C13C8C7,7.0,0.715,-7.265,1,0.592,143.203,0.393,0.1161,159.939,1.0,0.0,0,1992,big john greer,0
0.668204961,0.494381209,ARXRK5A1187FB3EAC6,0.0,0,0.0,Jaguares,0.0,latin pop,0.798888905,297058,0,0.0,1.0,0.557,2.9204,0.0,2.40563,302.8371,6.037,0.407233015,SOXODEF12A8C13B056,9.0,0.659,-9.795,0,0.619,283.098,0.036,2.40563,119.09,4.0,0.877,0,2001,jaguares,0
0.758299704,0.493629438,ARUHYH21187B98BA89,44.23153,0,-76.47933,The Tragically Hip,0.0,roots rock,0.946109067,484765,0,0.0,0.0,0.009,1.42602,0.86,0.43832,318.87628,0.09,0.460541281,SOQYWPI12AB017DA10,9.0,0.482,-5.48,1,0.531,295.184,0.0,0.1918,122.926,4.0,1.0,0,2009,the tragically hip,0
0.450559425,0.327368615,ARXBPW31187FB4D335,51.45238,0,-0.99603,Cargo Cult,0.0,noise rock,0.877017109,509185,0,0.0,0.0,0.212,0.28726,0.319,0.28726,240.09098,0.0,-1.0,SOCCWHX12A8C135B2B,0.0,0.657,-7.76,0,0.941,235.085,1.0,0.07932,95.995,5.0,0.508,0,2004,cargo cult,0
0.325700771,0.305450066,ARTOC971187FB37592,40.14323,0,-74.72671,Lord Sterling,0.0,stoner metal,0.846564968,252603,0,0.0,0.0,0.66,0.77186,0.874,0.34344,315.16689,0.195,-1.0,SOMCLCK12A8C13B918,6.0,0.575,-6.8,0,0.563,293.79,0.428,0.12923,141.769,4.0,0.0,0,2004,lord sterling,0
0.515344518,0.338999979,ARAZF6G1187FB5A0C1,0.0,0,0.0,Gerard Lenorman,0.0,chanson,1.0,312271,0,0.0,2.0,0.335,0.04829,0.163,0.04829,191.73832,0.0,0.215080319,SOIDEVL12A8C135667,11.0,0.509,-5.53,0,0.456,180.222,1.0,0.04829,112.192,4.0,0.0,0,1989,gerard lenorman,0
0.607105153,0.424558129,ARR6VH41187FB46862,0.0,0,0.0,Novika,0.0,deep house,1.0,140375,0,0.0,0.0,0.036,0.83369,0.745,0.17016,268.90404,0.14,0.563230376,SOBPTJJ12A8C1347B4,0.0,0.535,-9.655,1,0.339,262.589,0.452,0.17016,90.017,4.0,0.651,0,2006,novika,0
0.360521012,0.279976025,ARRPFCU1187FB5402E,0.0,0,0.0,Oldelaf et Monsieur D,0.0,los angeles,0.831470078,524019,0,0.0,0.0,0.213,0.18242,0.637,0.18242,249.41669,2.142,0.0,SOQQWKC12A8C1449FB,7.0,0.592,-9.985,1,0.648,242.898,0.139,0.18242,127.605,5.0,0.62,0,2006,oldelaf et monsieur d,0
0.623154284,0.429353515,ARBFDJW1187B9AD27A,30.2676,0,-97.74298,The Fabulous Thunderbirds,0.0,blues-rock,1.0,609807,0,0.0,0.0,0.058,0.81745,0.778,0.39065,127.68608,0.286,0.270775999,SOBVEMI12A8C1403BE,6.0,0.732,-8.692,1,0.405,121.133,0.778,0.39065,148.452,4.0,0.748,0,1996,the fabulous thunderbirds,0
0.493193933,0.366628416,AR7XK9K1187B9B1864,0.0,0,0.0,Hey Colossus,0.0,stoner metal,1.0,244917,0,0.0,0.0,0.654,0.98795,0.0,0.4708,251.81995,6.769,-1.0,SOHDWVO12A8C13E740,5.0,0.09,-9.711,1,0.463,242.242,0.0,0.21223,104.819,4.0,1.0,0,2007,hey colossus,0
0.560351641,0.365026438,AROSW2I1187FB44866,0.0,0,0.0,Sonora Carruseles,0.0,salsa,1.0,240167,0,0.0,0.0,0.003,1.96331,0.699,0.96196,220.78649,0.27,0.0,SOINJHA12A8C134C60,8.0,0.081,-11.079,0,0.462,212.84,0.293,0.11368,60.159,4.0,0.537,0,1999,sonora carruseles,0
0.636436672,0.429097812,ARB5TJM1187B9A71FD,0.0,0,0.0,Finntroll,0.0,heavy metal,1.0,277871,0,0.0,1.0,0.083,0.55336,0.378,0.55336,125.46567,0.0,0.654734537,SONUMYT12A8AE47DEE,1.0,0.0,-5.059,1,0.0,119.983,0.294,0.27088,110.972,4.0,0.0,0,2001,finntroll,0
0.772272161,0.500119335,AREV2491187B9B017E,0.0,0,0.0,Mobb Deep featuring Nate Dogg,0.0,gangster rap,0.947694853,293515,0,0.0,1.0,0.819,0.48404,0.0,0.48404,195.65669,0.961,0.496175336,SODTYAJ12A8C137FDC,6.0,0.635,-3.813,1,0.585,193.625,0.193,0.06899,91.562,4.0,0.429,0,2004,mobb deep featuring nate dogg,0
0.571402429,0.384425906,ARWX7AO1187B9B91AA,0.0,0,0.0,Jose Luis Perales,0.0,latin pop,1.0,152362,0,0.0,0.0,0.614,1.17947,0.764,0.56436,253.12608,0.759,-1.0,SOMHXPQ12A81C22892,2.0,0.794,-10.744,0,0.734,243.246,0.539,0.25532,98.679,4.0,0.0,0,1979,jose luis perales,0
0.66395526,0.429272534,ARNTQF31187B9A02FF,0.0,0,0.0,Tony Matterhorn,0.0,reggaeton,0.947432704,188177,0,0.0,1.0,0.005,0.75563,0.883,0.18885,183.53587,0.171,0.68539826,SOJEJNX12A8AE49441,10.0,0.427,-5.953,0,0.237,178.759,0.915,0.18885,127.493,4.0,1.0,0,2006,tony matterhorn,0
0.806762596,0.580095045,ARF6ZTO1187FB3684F,0.0,0,0.0,Story Of The Year,0.0,screamo,0.9994248,729628,0,0.0,0.0,0.075,1.38481,0.424,0.95885,224.41751,2.241,0.628217965,SOJYPGP12AC960DE2A,7.0,0.197,-3.487,0,0.456,220.555,0.187,0.75057,143.837,7.0,1.0,0,2010,story of the year,0
0.484343035,0.349906197,ARUACR61187FB3AB37,0.0,0,0.0,Kisha,0.0,soft rock,0.97129884,297130,0,0.0,0.0,0.205,0.29773,0.0,0.29773,225.38404,0.99,-1.0,SOJHXCE12A8C139B1E,7.0,0.866,-4.799,1,0.719,220.311,0.329,0.14725,199.917,7.0,0.969,0,1998,kisha,0
0.604820432,0.383877494,AR7BMMV1187FB5B2D7,39.15093,0,-123.2079,Robben Ford,0.0,blues-rock,0.983628765,57342,0,0.0,1.0,0.146,1.54827,1.0,0.49271,312.92036,0.45,0.599660358,SOBEZJB12A6D4FBA4A,2.0,0.409,-9.925,0,0.655,294.278,1.0,0.49271,114.681,3.0,1.0,0,1997,robben ford,0
0.809828092,0.539644312,ARBCUNV1187B98A9FB,0.0,0,0.0,Busta Rhymes,0.0,hip hop,1.0,298933,0,0.0,1.0,0.102,0.70214,0.517,0.27714,226.32444,0.0,-1.0,SOYZFQG12AB0180D6F,10.0,0.268,-7.958,0,0.374,226.324,0.811,0.07236,146.971,5.0,0.7,0,2002,busta rhymes,0
0.558916244,0.392579878,ARZH0R61187FB422AE,38.62774,0,-90.19951,Fontella Bass,0.0,northern soul,1.0,35171,0,0.0,1.0,0.1,1.39504,0.789,0.80572,204.35546,0.33,0.427446572,SOWKNGW12A6D4F78BD,5.0,0.947,-10.269,1,0.725,200.353,0.312,0.51471,101.469,4.0,0.529,0,1992,fontella bass,0
0.635483455,0.42844194,AR2EBRG1187B9B07C8,64.55653,0,12.66538,Old Man's Child,0.0,sympho black metal,0.912944513,733984,0,0.0,1.0,0.962,0.62289,0.962,0.62289,317.12608,0.908,0.545230294,SOWKPHR12A6D4FAC63,7.0,0.394,-6.748,1,0.394,314.63,0.824,0.30181,95.138,1.0,0.0,0,1998,old man's child,0
0.716101705,0.514523378,AR6I54S1187FB48C6B,0.0,0,0.0,Patty Griffin,0.0,folk-pop,0.999909218,15742,0,0.0,1.0,0.435,1.15856,0.723,0.47334,208.32608,0.392,0.546635489,SOUSWBE12A679AE573,4.0,0.934,-7.852,1,0.697,196.603,0.978,0.12724,95.738,4.0,0.737,0,1996,patty griffin,0
0.504300516,0.379902866,AR2EHC11187B9AD895,0.0,0,0.0,Satan's Host,0.0,heavy metal,1.0,180508,0,0.0,0.0,0.469,0.64307,0.0,0.20606,412.1073,0.0,0.0,SOUIJEE12A81C21173,7.0,0.545,-3.92,1,0.54,400.73,0.772,0.20606,136.474,4.0,0.0,0,2006,satan's host,0
0.549395619,0.379408535,ARFEV5S1187B99F2EA,56.95468,0,-98.30897,Aeoliah,0.0,meditation,1.0,606234,0,0.0,0.0,0.038,0.78334,0.658,0.3103,307.09506,0.0,0.265861049,SOGXKOP12A58A7FA1C,9.0,0.712,-15.226,0,0.606,296.385,1.0,0.07496,126.976,4.0,0.304,0,2007,aeoliah,0
0.740968894,0.455478441,ART59BB1187FB3866E,34.19363,0,-79.76906,Through the Eyes of the Dead,0.0,death core,0.970041234,632797,0,0.0,1.0,0.076,0.38627,0.208,0.38627,41.482,0.0,0.603030145,SOSUDUZ12AB017D1A1,1.0,0.0,-31.982,1,0.0,37.361,0.318,0.07804,97.802,3.0,1.0,0,2005,through the eyes of the dead,0
0.485089301,0.372403528,ARGJL42119B8668D26,0.0,0,0.0,Finest Dearest,0.0,indie rock,1.0,220091,0,0.0,0.0,0.12,0.17022,0.0,0.17022,299.75465,2.897,0.215080319,SOFNOOH12A8C13FD69,6.0,0.565,-7.34,0,0.655,265.596,0.364,0.17022,121.03,7.0,1.0,0,2008,finest dearest,0
0.446983538,0.35469336,ARVTWQ11187B9A6A24,0.0,0,0.0,Sean Callery,0.0,soundtrack,1.0,381886,0,0.0,1.0,0.166,1.94591,0.664,0.93063,212.84526,3.785,0.427446572,SOOBSJA12AAA8C7724,5.0,0.0,-29.331,1,0.358,203.807,0.016,0.93063,121.153,4.0,0.0,0,2008,sean callery,0
0.876829878,0.584116573,ARUGU0E1187B9B30F6,34.05349,0,-118.24532,The Doors,0.0,classic rock,0.999919174,46027,0,0.0,1.0,0.107,0.4406,0.946,0.4406,186.56608,0.0,-1.0,SOUAGDY12A6D4F63CF,11.0,0.248,-6.772,0,0.582,182.137,0.285,0.20526,121.744,4.0,0.0,0,1967,the doors,0
0.577973753,0.368336782,AROLNOH1187FB39845,0.0,0,0.0,Erick Sermon,0.0,hip hop,1.0,47201,0,0.0,1.0,0.033,0.58504,0.727,0.28191,223.4771,2.775,0.405115722,SOXNSSY12A6D4F9728,1.0,0.903,-9.436,0,0.61,209.682,0.487,0.13375,197.741,4.0,0.976,0,1993,erick sermon,0
0.447808057,0.29191313,ARG51IA1187B9B143A,0.0,0,0.0,Scott Glasgow,0.0,contemporary classical music,1.0,72248,0,0.0,0.0,0.701,0.23798,0.701,0.23798,222.82404,0.27,-1.0,SOLGYJO12A6BD55664,6.0,0.333,-14.15,1,0.159,216.009,0.0,0.23798,77.115,1.0,0.0,0,2007,scott glasgow,0
0.577228503,0.373552391,ARYFXQ21187FB4DAEF,27.53092,0,-99.502,Poncho Sanchez,0.0,latin jazz,1.0,323457,0,0.0,1.0,0.086,0.28996,0.0,0.01887,350.27546,5.137,-1.0,SOUHWTC12AAF3B419A,5.0,0.547,-15.82,0,0.569,346.093,0.0,0.01887,221.81,4.0,0.05,0,1987,poncho sanchez,0
0.541968375,0.417885349,ARWJHW61187B98FA8E,-4.03479,0,21.75627,Papa Wemba,0.0,soukous,1.0,28908,0,0.0,0.0,0.225,0.88652,0.303,0.45392,265.76934,0.0,-1.0,SOPGMLA12A6D4F4BDF,10.0,0.577,-11.73,0,0.738,258.961,0.679,0.23762,134.201,3.0,0.435,0,1992,papa wemba,0
0.636582379,0.421287263,ARZH3SW1187B98C96E,0.0,0,0.0,Onyx,0.0,hip hop,1.0,309045,0,0.0,1.0,0.012,1.52515,0.0,1.16063,255.50322,0.0,0.444401715,SOSLDUO12A8C13F7E0,1.0,0.503,-6.305,0,0.48,239.055,0.458,1.16063,164.981,4.0,0.769,0,2002,onyx,0
0.877119424,0.560912657,AR7C6G11187B9B4C1E,0.0,0,0.0,Jennifer Lopez,0.0,dance pop,1.0,308121,0,0.0,1.0,0.025,1.72687,0.106,1.43482,211.80036,3.373,0.541551998,SOESXET12A8C13DFA0,4.0,0.689,-10.447,1,0.669,201.932,0.106,1.43482,201.792,4.0,0.677,0,2007,jennifer lopez,0
0.704244766,0.497568734,ARRWAD71187FB3FE44,40.71455,0,-74.00712,Martha Wainwright,0.0,folk-pop,1.0,265630,0,0.0,1.0,0.169,1.26874,0.0,0.51184,251.16689,0.0,0.636287224,SOJLKPC12A8C13A3A7,2.0,0.705,-10.512,1,0.701,237.65,0.331,0.32073,153.396,3.0,0.935,0,2005,martha wainwright,0
0.814829656,0.776037656,ARFCUN31187B9AD578,51.50632,0,-0.12714,The Rolling Stones,0.0,blues,0.999983058,312153,0,0.0,4.0,0.0,0.07004,0.0,0.07004,272.43057,2.055,0.735168669,SOJDHGS12A6310D85E,9.0,0.612,-8.242,1,0.407,263.21,0.26,0.07004,141.808,1.0,0.0,0,1972,the rolling stones,0
0.610427725,0.438168226,ARTBFV61187FB3C250,34.05349,0,-118.24532,Johnny Horton,0.0,country rock,0.99519221,284600,0,0.0,1.0,0.043,0.21674,0.0,0.21674,131.81342,2.56,-1.0,SOSCFFU12A8C134C67,6.0,0.0,-11.011,0,0.0,126.229,0.209,0.0449,87.653,4.0,0.067,0,1996,johnny horton,0
0.665728336,0.456940558,ARHONG11187FB3B120,29.78772,0,-95.82333,L.A. Guns,0.0,heavy metal,0.998509337,52353,0,0.0,0.0,0.496,0.93722,1.0,0.47291,215.82322,0.189,0.599660358,SORSVFU12A6D4FA6DD,9.0,0.638,-9.767,1,0.498,212.474,0.575,0.24356,133.624,4.0,0.0,0,1992,l.a. guns,0
0.82735726,0.749062406,ARDCFNZ1187FB3DDB0,0.0,0,0.0,Enrique Iglesias,0.0,dance pop,1.0,226330,0,0.0,1.0,0.854,0.86454,0.0,0.45697,263.81016,3.907,0.468181071,SOWHBYK12A6D4F7925,9.0,0.93,-7.06,1,0.756,255.28,0.067,0.24309,141.22,4.0,0.0,0,1995,enrique iglesias,0
0.413165862,0.32288249,ARBV8MP1187B9B60B1,0.0,0,0.0,Esa Pakarinen,0.0,oldies,1.0,217642,0,0.0,1.0,0.0,0.08031,0.0,0.08031,202.86649,4.981,0.447135796,SOOIETN12A8C13E1AD,2.0,0.318,-15.202,0,0.452,199.494,0.0,0.08031,171.876,1.0,0.365,0,1990,esa pakarinen,0
0.557875168,0.359324727,AREENKN1187B98F35D,40.71455,0,-74.00712,The Plasmatics,0.0,trip hop,0.885545496,256978,0,0.0,1.0,0.946,1.51218,0.519,1.0077,286.9024,4.818,0.536032112,SOKHOUY12A8C1358E0,11.0,0.701,-4.907,1,0.511,276.614,0.063,1.0077,119.38,4.0,0.71,0,1981,the plasmatics,0
0.324128628,0.191193994,ARDGBFI1269FCD6AA6,0.0,0,0.0,The Grease Band,0.0,swamp rock,0.998375091,120715,0,0.0,0.0,0.035,0.75097,1.0,0.40275,254.85016,0.0,0.202831891,SORJNBB12A8C14156E,9.0,0.558,-17.604,1,0.527,251.362,0.484,0.40275,174.96,4.0,0.089,0,1971,the grease band,0
0.502866928,0.311757783,AR2OH7O1187B99FE4E,0.0,0,0.0,Torcuato Mariano,0.0,meditation,1.0,241483,0,0.0,0.0,0.187,0.54961,0.442,0.21835,295.02649,0.336,0.265861049,SOIZXEV12A8C13086A,2.0,0.506,-11.878,0,0.495,280.944,0.383,0.04981,180.191,3.0,0.433,0,2006,torcuato mariano,0
0.833893808,0.602115455,ARNXNH81187FB52EB5,0.0,0,0.0,Baby Bash / Grimm,0.0,pop rap,0.999568566,108,0,0.0,0.0,0.113,1.68212,0.948,1.04681,231.07873,2.566,-1.0,SOBIZOU12AF729E8CA,2.0,0.0,-5.179,1,0.0,217.792,0.442,0.72666,89.478,4.0,0.883,0,2003,baby bash / grimm,0
0.551502069,0.351717751,ARB1KC91187FB38B13,0.0,0,0.0,Carl Smith,0.0,honky tonk,1.0,471047,0,0.0,0.0,0.02,1.13031,0.317,0.08238,152.42404,0.0,-1.0,SOPFUID12AB018A8F9,2.0,0.724,-26.045,1,0.707,145.775,0.532,0.08238,113.726,4.0,1.0,0,1990,carl smith,0
0.847081688,0.625080481,ARZWK2R1187B98F09F,0.0,0,0.0,Rise Against,0.0,hardcore punk,0.947856132,36714,0,0.0,1.0,0.124,0.67893,0.508,0.13416,214.88281,0.438,0.774014062,SOKSSEC12AF72A3D89,8.0,0.3,-4.504,1,0.442,208.086,0.179,0.13416,109.45,3.0,0.756,0,2006,rise against,0
0.541122639,0.319619376,ARZWAHK119B8668273,48.55286,0,-109.67097,Martriden,0.0,blackened death metal,0.974448678,260607,0,0.0,0.0,0.965,2.00679,0.0,1.19907,355.94404,0.0,0.469619287,SOBOCZJ12A8C13F619,0.0,0.591,-4.701,0,0.484,338.35,0.165,0.55173,83.914,4.0,0.583,0,2006,martriden,0
0.411875463,0.397640637,ARPTC441187FB3AEBF,0.0,0,0.0,Fredi,0.0,ballad,1.0,217177,0,0.0,0.0,0.272,1.39983,0.0,0.41576,243.722,3.303,0.266955186,SOSAUKQ12A8C13CEED,3.0,0.142,-10.613,1,0.469,231.642,0.108,0.17841,121.117,4.0,0.298,0,1977,fredi,0
0.656727793,0.468511467,ARA7YDA1187B9A5776,0.0,0,0.0,Patsy Cline,0.0,country rock,0.991567722,229080,0,0.0,1.0,0.117,0.46451,0.648,0.46451,148.40118,2.032,-1.0,SOSBYVZ12A6D4FBBF2,7.0,0.767,-9.38,1,0.782,140.858,0.782,0.12541,91.637,3.0,0.615,0,1995,patsy cline,0
0.537425311,0.305734031,AR47RVG1187B995CE7,30.2676,0,-97.74298,D:Fuse,0.0,progressive house,0.996998921,777984,0,0.0,0.0,0.735,0.30019,0.735,0.30019,352.93995,0.0,-1.0,SOKMICL12AC46894B9,2.0,0.844,-12.982,0,0.594,339.18,0.444,0.06366,131.877,1.0,0.947,0,2004,d:fuse,0
0.881694731,0.568201422,ART4QZC1187FB51612,0.0,0,0.0,Janet Jackson,0.0,dance pop,1.0,43558,0,0.0,1.0,0.0,0.0,0.749,0.7453,10.34404,0.0,0.25055172,SOOJNDD12A6D4F99E5,10.0,0.007,-32.742,1,0.318,10.344,0.08,0.7453,61.878,7.0,0.317,0,1993,janet jackson,0
0.611381595,0.445321878,ARSZIBW1187B994053,0.0,0,0.0,James Newton Howard,0.0,instrumental pop,0.957240203,741482,0,0.0,1.0,0.41,1.00492,0.0,0.54368,108.35546,4.249,0.377531645,SOBZGTU12AC3DFB6E8,2.0,0.0,-30.893,1,0.0,96.015,0.193,0.54368,129.113,4.0,0.393,0,2007,james newton howard,0
0.664924362,0.496381146,ARN0DMU1187FB5B63A,0.0,0,0.0,Daryl Hall & John Oates,0.0,pop rock,1.0,299613,0,0.0,0.0,0.06,2.03699,0.75,0.84583,299.49342,3.454,0.544750913,SOBTGBJ12A8C1393AB,5.0,0.082,-7.414,0,0.351,290.714,0.113,0.84583,99.973,4.0,0.397,0,1988,daryl hall & john oates,0
0.696816892,0.482100019,ARD8JVH1187FB4DA04,0.0,0,0.0,Bad Company,0.0,blues-rock,1.0,36338,0,0.0,1.0,1.0,0.19624,1.0,0.19624,208.87465,0.131,0.413983312,SODDTOV12A6D4F9167,2.0,0.361,-12.217,1,0.58,193.62,0.198,0.19624,127.592,1.0,0.0,0,1986,bad company,0
0.720809221,0.455915629,ARS6I1U1187FB468F9,0.0,0,0.0,Juliette & The Licks,0.0,post-grunge,1.0,278227,0,0.0,0.0,0.035,0.42501,0.92,0.03848,241.37098,0.194,0.60676353,SOXEYLY12A8AE45DBD,2.0,0.424,-5.199,1,0.43,234.707,0.49,0.03848,156.523,4.0,0.0,0,2005,juliette & the licks,0
0.834538586,0.477310881,AR6F6I21187FB5A3AA,0.0,0,0.0,Aesop Rock,0.0,underground rap,0.741984468,445429,0,0.0,2.0,0.255,0.08535,0.255,0.08535,273.60608,0.0,0.577888778,SOUBCNK12AB017CA1C,10.0,0.51,-8.011,0,0.479,266.257,0.445,0.08535,57.332,1.0,0.0,0,2003,aesop rock,0
0.449278965,0.317125719,ARJRIM91187FB3EF9A,0.0,0,0.0,Paul Avgerinos,0.0,chill-out,0.866401679,242333,0,0.0,0.0,0.382,0.20984,0.382,0.20984,423.60118,0.223,0.265861049,SOKTNOK12A8C1340BA,9.0,0.982,-23.03,1,0.709,397.868,0.175,0.20984,119.897,1.0,0.751,0,2006,paul avgerinos,0
0.69480252,0.561830538,ARIZODP1187B9AD272,54.89814,0,-1.53179,Bryan Ferry,0.0,glam rock,1.0,29046,0,0.0,2.0,0.056,0.62894,0.886,0.15417,274.28526,0.136,-1.0,SOJJAKJ12A6D4F951B,10.0,0.091,-7.158,1,0.367,259.32,1.0,0.15417,125.978,4.0,0.857,0,1994,bryan ferry,0
0.684894723,0.511526435,ARHPPJK1187B9AC897,0.0,0,0.0,Teenage Fanclub,0.0,power pop,0.99990588,278824,0,0.0,1.0,0.024,0.82191,0.985,0.31416,266.89261,0.195,0.518310319,SOPLZYS12A8AE48DE6,4.0,0.463,-8.198,0,0.509,259.164,0.796,0.05964,120.271,4.0,0.888,0,2003,teenage fanclub,0
0.909247284,0.554938523,AR2FAMK1187FB4CF60,0.0,0,0.0,AFI,0.0,post-hardcore,0.941035412,37491,0,0.0,1.0,0.278,0.50619,0.815,0.16592,187.03628,2.554,0.858630458,SOPXTAX12A6D4F573B,1.0,0.387,-4.183,1,0.444,179.008,0.158,0.16592,170.046,4.0,0.794,0,2006,afi,0
0.832757431,0.546383748,ARPKATM1187B9B76E6,41.30711,0,-72.92496,Hatebreed (int License),0.0,hardcore punk,1.0,211906,0,0.0,0.0,0.023,0.50137,0.59,0.50137,164.20526,0.0,0.645942837,SOYWICF12A8C13BDD7,5.0,0.533,-3.856,0,0.562,164.205,0.447,0.27164,134.804,4.0,0.468,0,2003,hatebreed (int license),0
0.649583107,0.461345852,ARA7EEC1187FB4C392,49.01037,0,8.4092,Snowgoons,0.0,los angeles,0.844124947,459483,0,0.0,0.0,0.949,1.45337,1.0,0.15749,240.45669,0.107,-1.0,SOIBTMP12AF729FC8F,10.0,0.222,-6.249,0,0.549,234.225,1.0,0.15749,94.146,4.0,1.0,0,2009,snowgoons,0
0.778835827,0.570106512,ARAZCWP129462A97F1,0.0,0,0.0,Bob Marley,0.0,reggae,1.0,144788,0,0.0,1.0,1.0,0.20595,1.0,0.20595,135.49669,0.0,-1.0,SOHKZZU12A8C1327EC,0.0,0.756,-11.575,1,0.56,130.444,0.861,0.05718,201.953,1.0,0.0,0,1996,bob marley,0
0.621201748,0.37436568,ARJW7KB1187FB47C36,43.21183,0,2.3584,Olivia Ruiz,0.0,chanson,1.0,371451,0,0.0,1.0,0.518,0.25446,0.075,0.25446,252.86485,0.357,0.535953802,SORMLXW12A58A76039,5.0,0.625,-8.328,0,0.659,243.908,0.075,0.25446,241.892,3.0,0.663,0,2005,olivia ruiz,0
0.803836826,0.58257534,ART4QZC1187FB51612,0.0,0,0.0,Janet Jackson,0.0,dance pop,1.0,80969,0,0.0,1.0,0.076,0.72416,0.771,0.21072,235.41506,0.0,-1.0,SOSOMWG12CF530D54E,8.0,0.31,-11.761,0,0.443,228.635,0.599,0.21072,116.195,4.0,0.944,0,1986,janet jackson,0
0.809323793,0.488019842,ARPQ4Z01187FB3A736,29.42449,0,-98.49462,Butthole Surfers,0.0,noise rock,1.0,27767,0,0.0,1.0,0.103,0.56778,0.843,0.08944,154.85342,0.38,0.715280106,SOAGXBV12A6D4F70BD,2.0,0.023,-3.865,1,0.476,141.375,0.212,0.08944,122.125,4.0,0.0,0,1996,butthole surfers,0
0.496152636,0.363506516,ARUK0W21187B995456,0.0,0,0.0,Isabel Pantoja,0.0,flamenco,1.0,300000,0,0.0,0.0,0.12,0.72987,0.677,0.35857,317.36118,0.618,0.239629098,SOHRBUD12A8C13A769,2.0,1.0,-11.88,1,0.631,299.514,0.0,0.17292,163.922,4.0,0.7,0,1993,isabel pantoja,0
0.690080124,0.466775622,ARQXR6R1187FB46FD6,0.0,0,0.0,Soul Asylum,0.0,hard rock,1.0,38769,0,0.0,1.0,0.368,0.83859,0.359,0.83859,206.75873,2.101,0.372530039,SOGLABR12A6D4F9585,2.0,0.723,-10.294,1,0.668,198.124,0.134,0.83859,191.226,4.0,0.958,0,1986,soul asylum,0
0.664559979,0.397569595,ARNJVSL1187B99AFD4,52.51607,0,13.37698,2raumwohnung,0.0,tech house,0.983719661,718282,0,0.0,1.0,0.043,0.12899,1.0,0.12899,234.34404,0.334,0.460484845,SOJYNQE12AB0186EAB,1.0,0.735,-5.239,1,0.692,228.635,0.941,0.12899,124.992,4.0,0.781,0,2010,2raumwohnung,0
0.772471313,0.440407444,AR3DWG81187B98E3FA,40.68869,0,-73.93918,Papoose,0.0,hip hop,1.0,767950,0,0.0,0.0,0.0,0.32355,0.0,0.32355,46.47138,0.322,0.392008772,SODSOLK12AB018BB66,1.0,0.494,-10.951,0,0.201,40.745,0.748,0.32355,95.147,1.0,0.0,0,2006,papoose,0
0.630107322,0.453000826,ARTC5DW1187B98FCF2,51.50632,0,-0.12714,Plump DJs,0.0,breakbeat,1.0,213506,0,0.0,1.0,0.04,0.81156,1.0,0.35783,348.55138,0.0,0.52252813,SOOWXMG12A8C13D0A7,9.0,0.27,-7.881,1,0.215,348.551,0.98,0.13484,138.046,4.0,0.0,0,2003,plump djs,0
0.693327979,0.419408141,ARHRKTK1187B99E1D5,42.33168,0,-83.04792,Jackie Wilson,0.0,chicago soul,0.887425414,757437,0,0.0,1.0,0.192,1.49862,0.711,0.37029,160.78322,0.0,-1.0,SODBFVM12AB0184A53,5.0,0.19,-12.534,1,0.32,156.63,0.7,0.37029,108.248,3.0,0.819,0,1958,jackie wilson,0
0.55746022,0.386151631,AREJXK41187B9A4ACC,46.71067,0,1.71819,RaphaA<<l,0.0,chanson,0.910697616,74859,0,0.0,0.0,0.062,1.07965,0.0,0.38253,255.65995,2.212,0.304169503,SOCJHME12A6D4F9867,4.0,0.68,-12.924,0,0.642,240.849,0.0,0.03397,85.949,4.0,0.724,0,2003,raphaa<<l,0
0.53002231,0.409244639,ARH0NCL1187B99B41A,0.0,0,0.0,Quadro Nuevo,0.0,tango,1.0,64817,0,0.0,0.0,0.719,0.57289,0.719,0.57289,272.92689,0.0,0.43483809,SOJTBGX12A6D4FBA6F,8.0,0.426,-11.437,1,0.451,264.139,0.316,0.23091,105.069,1.0,0.686,0,2006,quadro nuevo,0
0.61071322,0.425126208,ARVLIVA1187B991590,0.0,0,0.0,Zeca Baleiro,0.0,brazilian pop music,1.0,609304,0,0.0,0.0,0.391,1.02458,0.085,0.51408,246.49098,0.0,0.413752422,SOFNXUH12A8C13F06B,2.0,0.534,-15.145,1,0.672,236.153,0.0,0.25883,122.174,4.0,0.817,0,2006,zeca baleiro,0
0.830252262,0.507965802,ARYO9BU1187B9ADA88,0.0,0,0.0,Porcupine Tree,0.0,experimental rock,1.0,584871,0,0.0,4.0,0.0,0.65359,0.0,0.20051,454.16444,5.799,0.839908888,SONJMCI12AB018B16A,9.0,0.539,-10.321,1,0.375,443.461,0.0,0.20051,132.972,4.0,1.0,0,2009,porcupine tree,0
0.612953154,0.454541929,AR3QRJ91187B98E4C2,48.85692,0,2.34121,Jacques Dutronc,0.0,chanson,1.0,280528,0,0.0,2.0,0.0,0.32063,0.0,0.32063,128.33914,3.437,-1.0,SOZNZMJ12A8AE492E6,9.0,0.746,-8.573,1,0.53,122.346,0.129,0.10349,137.119,1.0,0.0,0,1968,jacques dutronc,0
0.843322339,0.554564302,ARG8DXO1187B9AF743,0.0,0,0.0,Less Than Jake,0.0,ska punk,0.999656278,270862,0,0.0,0.0,0.125,1.57709,0.245,0.57119,147.48689,0.0,0.443291312,SOGALHA12A6D4FD8C3,9.0,0.581,-5.072,1,0.57,144.004,0.673,0.32866,120.697,4.0,0.454,0,2008,less than jake,0
0.695421645,0.455537722,AR3Q86S1187B9ADDCF,0.0,0,0.0,Deep Forest,0.0,chill-out,0.832622402,284637,0,0.0,1.0,0.009,0.86071,0.65,0.44409,397.76608,0.0,0.777596478,SODDXCD12A8C1339AB,1.0,0.522,-9.314,1,0.485,397.766,0.404,0.2363,145.464,4.0,0.0,0,1992,deep forest,0
0.575646718,0.384079784,AR7KQQ91187B98ED7A,0.0,0,0.0,Lollipop Lust Kill,0.0,industrial metal,0.90599441,622234,0,0.0,0.0,0.874,0.07908,0.874,0.07908,211.90485,0.357,0.334706549,SOATRKY12AB017FBC7,8.0,0.245,-16.794,0,0.278,196.661,0.145,0.07908,126.747,1.0,0.0,0,2002,lollipop lust kill,0
0.630346809,0.363160202,ARXR2N11187B99857E,34.18806,0,-118.94151,Hotwire,0.0,uk garage,1.0,295416,0,0.0,0.0,0.03,0.60913,0.973,0.18679,200.33261,0.345,0.375984302,SORPBRR12A8C13979C,2.0,0.495,-4.522,1,0.472,187.699,0.303,0.18679,141.741,4.0,0.992,0,2003,hotwire,0
0.76702021,0.6295148,AR16GSC1187B9A6291,0.0,0,0.0,Eagles,0.0,country rock,1.0,162755,0,0.0,2.0,1.0,0.27798,1.0,0.27798,427.36281,4.592,0.558997327,SONISVG12A8C13EB34,9.0,0.472,-6.991,0,0.328,423.985,1.0,0.03219,115.277,1.0,0.0,0,2007,eagles,0
0.803619262,0.531213287,ARFSPOV1187B9B2363,0.0,0,0.0,Basement Jaxx,0.0,progressive house,0.999984291,190640,0,0.0,4.0,0.059,2.16597,1.0,0.28518,218.14812,0.473,0.645442546,SORIXFW12A58A77E7A,11.0,0.136,-4.984,0,0.301,211.981,0.805,0.04846,126.805,5.0,1.0,0,1999,basement jaxx,0
0.679789024,0.483035298,ARWVVVP1187FB52F31,0.0,0,0.0,Mark Wills,0.0,bluegrass,0.996076951,374636,0,0.0,0.0,0.383,0.05834,0.956,0.05834,162.37669,0.218,0.585979766,SOPYBNE12A8C1435C1,4.0,0.621,-11.528,1,0.658,148.898,0.0,0.05834,69.222,3.0,0.403,0,2003,mark wills,0
0.507550906,0.412130327,ARJNRA61187FB57724,0.0,0,0.0,Weirdos_ The,0.0,rock,1.0,817147,0,0.0,1.0,0.881,0.17527,0.881,0.17527,161.27955,0.363,0.0,SOQAJMX12A8C131F1D,11.0,0.543,-9.4,0,0.361,161.28,0.569,0.17527,139.913,1.0,0.0,0,1978,weirdos_ the,0
0.811890081,0.657583814,ARQXC7V1187FB4DA9E,0.0,0,0.0,DAVE MATTHEWS BAND,0.0,jam band,0.922995779,578452,0,0.0,1.0,1.0,0.55088,0.58,0.55088,293.66812,2.351,0.825232995,SOQLLHX12AF72A3586,6.0,0.392,-5.21,0,0.783,284.648,0.175,0.20396,85.141,4.0,0.327,0,2001,dave matthews band,0
0.786427083,0.512226738,AR035N21187FB3938E,34.23294,0,-102.4102,BT,0.0,electronica,0.999989369,627641,0,0.0,2.0,0.307,0.93434,0.964,0.38874,311.90159,0.373,0.457447167,SOFQHNI12AB018345A,8.0,0.879,-17.729,1,0.634,278.744,0.632,0.11527,110.002,4.0,0.69,0,2006,bt,0
0.504424856,0.304310733,AR3EVEE1187B9994B7,18.11526,0,-77.27348,Abijah,0.0,roots reggae,0.991311882,186308,0,0.0,0.0,0.032,0.83523,0.576,0.32121,283.68934,0.0,-1.0,SORWSBE12A58A7CA8D,8.0,0.553,-9.787,1,0.618,272.771,0.386,0.32121,119.029,4.0,0.84,0,2003,abijah,0
0.701441759,0.504307726,AR0O3AV1187FB4D030,40.71455,0,-74.00712,Agnostic Front,0.0,hardcore punk,0.999836752,145353,0,0.0,1.0,0.196,2.704,0.0,0.44662,179.09506,0.0,0.608932946,SOYXBLH12A8AE45E74,4.0,0.0,-5.439,0,0.081,179.095,0.487,0.07363,110.791,5.0,0.361,0,1992,agnostic front,0
0.690626256,0.42080185,ARHL8SP1187B98F8A3,40.71455,0,-74.00712,Sick Of It All,0.0,hardcore punk,1.0,803175,0,0.0,2.0,0.917,0.27846,0.917,0.27846,171.07546,0.107,0.748424605,SOBKGSR12AB0184A57,10.0,0.217,-2.388,1,0.118,168.472,0.0,0.27846,113.198,1.0,0.109,0,2010,sick of it all,0
0.751629597,0.550212562,AR9AWNF1187B9AB0B4,0.0,0,0.0,Kenny G,0.0,instrumental pop,0.97940879,299678,0,0.0,1.0,0.049,0.44692,0.576,0.44692,285.98812,3.199,-1.0,SOTFQLY12A8C13AD51,4.0,0.222,-12.853,0,0.264,272.893,0.095,0.44692,84.825,4.0,0.874,0,1986,kenny g,0
0.770493963,0.519953001,ARCEAJY1187FB4DF61,0.0,0,0.0,Fuel,0.0,post-grunge,1.0,237387,0,0.0,0.0,0.414,0.44246,0.618,0.12427,159.42485,0.208,-1.0,SOXLPKH12A8C13E7FC,7.0,0.508,-7.128,1,0.569,155.034,0.573,0.12427,190.631,4.0,0.0,0,1995,fuel,0
0.573527313,0.368506753,ARDINVM1187B98A6C1,48.69173,0,2.29005,Marc Lavoine,0.0,chanson,1.0,299890,0,0.0,1.0,0.11,0.65879,1.0,0.16854,224.39138,0.386,0.513517029,SOTCFPV12A8C13CE08,3.0,0.086,-10.322,1,0.341,210.042,1.0,0.16854,122.503,4.0,1.0,0,1989,marc lavoine,0
0.422019321,0.320971149,ARLTX751187B9A1828,33.52029,0,-86.8115,Frederick Knight,0.0,disco,0.965300877,200748,0,0.0,0.0,0.963,0.24665,0.963,0.24665,198.81751,0.349,0.636287224,SOHOXPI12A81C21566,7.0,0.72,-8.482,1,0.757,188.151,0.237,0.24665,96.534,1.0,0.0,0,2000,frederick knight,0
0.899934952,0.68365806,ARH6W4X1187B99274F,0.0,0,0.0,Radiohead,0.0,british pop,0.99997276,404997,0,0.0,5.0,0.277,0.34901,0.742,0.34901,250.8273,0.293,0.607036691,SOUHJKU12AB017DF67,2.0,1.0,-14.748,1,0.926,236.199,0.475,0.10202,122.428,4.0,0.763,0,1993,radiohead,0
0.764003369,0.542395094,ARP7ILI1187B9AE9F7,0.0,0,0.0,Phantom Planet,0.0,power pop,0.9984067,256775,0,0.0,1.0,0.394,0.86902,0.523,0.19857,169.84771,0.09,0.0,SOGOPDF12A8C1356A9,4.0,0.505,-4.373,0,0.409,166.83,0.224,0.03262,179.51,4.0,0.764,0,2008,phantom planet,0
0.47902341,0.322220749,ARWUK9L11C8A42C37B,32.58507,0,-89.87374,Workhorse,0.0,dirty south rap,1.0,470948,0,0.0,0.0,0.462,0.09455,0.462,0.09455,349.6224,7.564,0.0,SOBYVWD12AB0185ACD,0.0,0.794,-6.581,1,0.573,349.622,0.068,0.09455,122.858,1.0,0.0,0,2007,workhorse,0
0.50712631,0.357985698,AROGN2E1187B98D292,0.0,0,0.0,Deep Puddle Dynamics,0.0,hip hop,1.0,225448,0,0.0,0.0,0.115,0.55525,0.0,0.21663,353.07057,0.0,0.458482812,SOAWAPM12A6D4FB56A,1.0,0.355,-5.756,1,0.276,353.071,0.635,0.04689,177.876,4.0,0.0,0,1999,deep puddle dynamics,0
0.575986601,0.406367593,ARBX0VO1187B98A412,0.0,0,0.0,Zebra,0.0,heavy metal,0.99768191,759660,0,0.0,0.0,0.089,0.67807,0.924,0.2008,441.52118,0.16,0.313941331,SOGMOAM12AB0189876,2.0,0.894,-10.155,1,0.792,424.083,0.696,0.2008,138.831,4.0,0.0,0,1983,zebra,0
0.494301824,0.239041139,ARQRDOM1264D13A4E5,0.0,0,0.0,A Tundra,0.0,beat,0.73121933,705424,0,0.0,0.0,0.153,0.99064,0.767,0.32789,271.3073,0.142,0.266955186,SOLSWGZ12AB0183E38,2.0,0.384,-9.698,1,0.363,266.257,0.398,0.16475,177.958,3.0,0.985,0,2010,a tundra,0
0.70366489,0.448223589,AR7DFJP1187B992F13,0.0,0,0.0,Juana Molina,0.0,folktronica,0.913431511,496603,0,0.0,1.0,0.021,0.94101,0.888,0.44699,183.64036,0.144,0.652436655,SOXHJSF12A8151C96E,7.0,0.779,-12.055,0,0.639,170.04,0.802,0.19998,123.278,3.0,0.563,0,2006,juana molina,0
0.772958317,0.464518005,ARJ45SE1187FB44AD1,0.0,0,0.0,Winds Of Plague,0.0,death metal,1.0,739944,0,0.0,1.0,0.146,1.36872,0.689,0.07731,246.04689,0.264,0.627202596,SOXPMCW12AB017D2D6,2.0,0.266,-3.263,1,0.348,239.102,0.64,0.07731,140.238,7.0,0.837,0,2009,winds of plague,0
0.618765786,0.409134869,ARJDMBO1187B9AD118,0.0,0,0.0,Johnny Osbourne,0.0,roots reggae,0.910303408,704388,0,0.0,0.0,1.0,0.23624,1.0,0.23624,202.03057,0.171,-1.0,SOOMSZH12AB0189A6F,0.0,0.702,-13.637,1,0.71,195.042,0.59,0.23624,136.72,1.0,0.0,0,2007,johnny osbourne,0
0.669500125,0.544446277,AR5LZJD1187FB4C5E5,35.66693,0,-80.46935,Britt Nicole,0.0,ccm,1.0,92560,0,0.0,0.0,0.111,0.36848,1.0,0.36848,203.78077,3.053,0.521659258,SODPMFZ12A8C135E5A,1.0,0.646,-3.092,1,0.43,194.508,0.161,0.36848,132.021,4.0,0.458,0,2007,britt nicole,0
0.577228503,0.373552391,ARYFXQ21187FB4DAEF,27.53092,0,-99.502,Poncho Sanchez,0.0,latin jazz,1.0,323415,0,0.0,1.0,0.014,0.43744,0.795,0.43744,307.09506,0.392,-1.0,SOGOISU12AAF3B27B1,5.0,0.501,-12.995,1,0.343,303.38,0.713,0.43744,211.806,4.0,0.298,0,2002,poncho sanchez,0
0.737037558,0.539245418,AR050VJ1187B9B13A7,0.0,0,0.0,Dead Kennedys,0.0,rock,1.0,144927,0,0.0,2.0,0.972,0.19521,0.972,0.19521,182.04689,0.142,0.798895653,SOOBOKE12A8C136227,5.0,0.692,-4.058,1,0.448,174.533,0.399,0.06039,223.62,1.0,0.0,0,1979,dead kennedys,0
0.620541382,0.396111527,ARLJWTL1187B98C0DE,42.31256,0,-71.08868,Modern Lovers,0.0,art rock,0.931199885,777245,0,0.0,1.0,0.418,0.99276,0.772,0.22693,260.62322,0.0,0.800078986,SOUOWOU12AC3DF4CB6,7.0,0.026,-12.502,1,0.239,241.29,0.284,0.22693,142.857,4.0,0.419,0,1976,modern lovers,0
0.610330728,0.407821565,ART6QCS1187FB40CBD,0.0,0,0.0,Los AutA(c)nticos Decadentes,0.0,cumbia,0.921835331,511811,0,0.0,0.0,0.002,1.18569,0.868,0.26578,205.37424,0.0,0.48456253,SOFZBXX12AB0181731,0.0,0.372,-5.634,1,0.349,205.374,0.377,0.03384,133.821,4.0,0.334,0,2004,los auta(c)nticos decadentes,0
0.821844255,0.592439486,ARMOHN71187FB3959F,33.6671,0,-117.76505,Atreyu,0.0,post-hardcore,1.0,128106,0,0.0,0.0,0.386,0.76776,0.274,0.36423,267.17995,0.0,-1.0,SOIXEBH12A6D4FD17E,0.0,0.402,-4.6,0,0.446,257.387,0.025,0.16544,151.64,4.0,0.611,0,2004,atreyu,0
0.549282908,0.347547581,ARQCHDN1187FB4C7C2,-22.97673,0,-43.19508,Luiz Bonfa,0.0,samba,1.0,374550,0,0.0,1.0,0.029,0.33722,0.493,0.33722,141.40036,0.24,0.323112121,SOCLDAW12A8C144BEC,2.0,0.345,-15.263,0,0.103,135.872,0.528,0.33722,194.099,4.0,0.548,0,2005,luiz bonfa,0
0.47432902,0.347134883,AR4R84C1187FB3EC16,40.71455,0,-74.00712,Shelly Manne,0.0,hard bop,1.0,146240,0,0.0,0.0,0.077,1.96561,0.665,1.96561,255.39873,1.576,-1.0,SOFLBQJ12A8C1334BF,7.0,0.748,-18.623,1,0.62,247.293,0.066,1.72948,121.871,3.0,0.677,0,1996,shelly manne,0
0.58329863,0.354574371,ARC18161187FB4CF4B,40.71455,0,-74.00712,Amil,0.0,hip hop,1.0,282390,0,0.0,0.0,0.011,0.93543,0.931,0.20535,248.5024,0.16,0.0,SORZHJO12A8C1338F3,0.0,0.707,-8.183,1,0.614,243.542,0.931,0.20535,165.967,4.0,0.983,0,2000,amil,0
0.60383917,0.395791274,ARDY3451187B9A0226,38.68193,0,-84.59431,Skeeter Davis,0.0,country rock,0.978369095,644939,0,0.0,0.0,0.076,1.92996,0.988,0.84291,125.77914,0.461,0.473346541,SOVKZIU12AB0180A2D,11.0,0.132,-12.945,1,0.559,116.895,0.168,0.60868,120.689,3.0,1.0,0,1995,skeeter davis,0
0.49125621,0.326208255,ARJ4B7V1187FB4CB90,0.0,0,0.0,DJ Godfather,0.0,electro,1.0,176238,0,0.0,0.0,0.044,0.78523,1.0,0.04887,53.21098,0.427,-1.0,SONJBUC12A6D4F92A2,1.0,0.0,-14.853,1,0.0,53.211,0.612,0.04887,97.075,7.0,0.49,0,1998,dj godfather,0
0.873238653,0.519965479,ARIMZQZ1187B9AD541,0.0,0,0.0,Thrice,0.0,post-hardcore,0.999680167,342901,0,0.0,0.0,0.45,2.9738,0.686,0.06866,329.7171,0.0,0.838286675,SOQGLWB12AF72A632B,9.0,0.585,-9.458,0,0.541,324.493,0.563,0.06866,126.947,7.0,0.957,0,2005,thrice,0
0.694566512,0.431648556,ARHJMEF1187FB415AE,0.0,0,0.0,Fehlfarben,0.0,new wave,0.980245565,283541,0,0.0,1.0,0.084,0.6802,1.0,0.18389,291.13424,0.389,0.439202489,SOJXNPU12A8C13170B,2.0,0.635,-8.978,1,0.813,270.565,1.0,0.18389,122.754,4.0,1.0,0,1983,fehlfarben,0
0.773271848,0.429689629,AREY3RN1187B993C5F,29.95369,0,-90.07771,Goatwhore,0.0,black metal,1.0,667161,0,0.0,0.0,0.314,1.18861,0.479,0.12753,205.63546,0.206,0.419674279,SOAEAQO12AB0184ACE,1.0,0.589,-8.644,1,0.584,205.635,0.019,0.12753,113.557,4.0,0.712,0,2000,goatwhore,0
0.818319359,0.667294596,ARVN9FZ1187FB393F1,0.0,0,0.0,Snow Patrol,0.0,indie rock,0.999541099,623494,0,0.0,1.0,0.242,1.94403,0.627,1.94403,284.1073,3.419,0.94599468,SOOPVJI12AB0183957,9.0,0.597,-5.519,1,0.574,268.945,0.057,1.65945,107.998,4.0,0.384,0,2009,snow patrol,0
0.601069052,0.359185993,ARSPQ0H1187B999944,54.97938,0,-1.54508,Eric Burdon,0.0,blues-rock,0.964911753,234871,0,0.0,1.0,0.157,0.77271,1.0,0.04254,318.37995,0.479,-1.0,SOKUJAQ12A8AE46C1B,2.0,0.695,-11.164,1,0.328,305.337,0.0,0.04254,86.833,3.0,1.0,0,1997,eric burdon,0
0.75347562,0.529915122,ARJ6GR01187B98D64D,0.0,0,0.0,Lonestar,0.0,country,1.0,303735,0,0.0,0.0,0.005,0.6745,1.0,0.6745,245.7073,0.303,0.304169503,SOWRMRV12A8C13E406,9.0,0.561,-7.786,1,0.445,230.586,1.0,0.34753,92.025,3.0,0.0,0,1997,lonestar,0
0.666522677,0.414079473,ARNFTGS1187B9A465F,34.05349,0,-118.24532,Circle Jerks,0.0,hardcore punk,0.942828918,611163,0,0.0,1.0,1.0,0.05118,1.0,0.05118,88.89424,0.361,0.779527168,SOMWYRR12A8C143501,1.0,0.197,-7.545,1,0.525,85.269,0.536,0.05118,156.605,1.0,0.0,0,1980,circle jerks,0
0.81659671,0.553661233,ARM0P6Z1187FB4D466,0.0,0,0.0,Arctic Monkeys,0.0,garage rock,0.999923294,443784,0,0.0,2.0,0.094,0.74802,0.353,0.3298,141.13914,0.073,-1.0,SOQLNEY12B0B8062FA,1.0,0.043,-4.526,1,0.793,138.797,0.797,0.12121,144.955,4.0,0.619,0,2004,arctic monkeys,0
0.501544777,0.392733676,ARGUVEV1187B98BA17,0.0,0,0.0,Sierra Maestra,0.0,charanga,1.0,270297,0,0.0,0.0,0.881,0.56656,0.881,0.56656,318.56281,0.223,0.0,SOTRCOC12A6D4F868C,2.0,0.792,-10.11,0,0.793,313.162,1.0,0.28694,117.766,1.0,0.0,0,1994,sierra maestra,0
0.611381595,0.445321878,ARSZIBW1187B994053,0.0,0,0.0,James Newton Howard,0.0,instrumental pop,0.957240203,314532,0,0.0,1.0,0.285,0.74472,0.0,0.23576,54.96118,0.304,0.433005077,SOGPNMB12A8C141375,2.0,0.653,-37.456,0,0.661,54.961,0.0,0.23576,189.037,3.0,0.366,0,1999,james newton howard,0
0.484409123,0.450129048,ARPKLK81187FB42AC9,43.91253,0,12.90542,Death SS,0.0,heavy metal,0.9925007,715262,0,0.0,0.0,0.043,1.36538,0.776,0.18917,258.29832,0.131,0.266955186,SODLJKB12AB01871D6,3.0,0.659,-7.009,0,0.715,255.57,0.89,0.18917,102.126,4.0,0.982,0,2006,death ss,0
0.63752105,0.404798068,ARYYCVC1187B9A8510,35.04644,0,-85.30946,Bessie Smith,0.0,chicago blues,0.873406417,443467,0,0.0,0.0,0.988,0.46067,0.988,0.46067,195.70893,0.323,-1.0,SOBHLPN12AB01822EB,11.0,0.612,-21.782,0,0.475,190.92,0.929,0.46067,75.316,1.0,0.107,0,2007,bessie smith,0
0.858270678,0.515325301,ARMB95F1187B9B5B93,40.8079,0,-73.9454,Cam'Ron,0.0,hip hop,0.999845667,119730,0,0.0,1.0,0.732,4.50368,0.003,0.42282,174.88934,0.0,-1.0,SOOMUYV12A8C1409D7,2.0,0.626,-5.797,1,0.335,163.161,0.517,0.0498,101.883,4.0,1.0,0,2006,cam'ron,0
0.427790621,0.308163475,ARL0H401187B98B0E1,0.0,0,0.0,Philly's Most Wanted,0.0,hip hop,1.0,762263,0,0.0,0.0,0.029,1.25776,0.629,0.6324,242.25914,0.125,-1.0,SOLZTDM12AB01865A7,11.0,0.225,-6.355,0,0.335,238.602,0.668,0.16221,96.037,4.0,1.0,0,2001,philly's most wanted,0
0.252652073,0.309794149,ARXW6QA1187B9983C0,0.0,0,0.0,Phantomsmasher,0.0,post rock,1.0,423439,0,0.0,0.0,0.24,0.67258,0.509,0.67258,382.14485,0.276,0.428702263,SOSWLCT12A58A79466,3.0,0.796,-6.291,1,0.672,350.122,0.421,0.33191,88.05,3.0,1.0,0,2002,phantomsmasher,0
0.58568315,0.360445766,AR78ZID1187B9B31ED,18.11526,0,-77.27348,Mikey Dread,0.0,roots reggae,0.924399296,246071,0,0.0,1.0,0.197,0.62233,0.714,0.27804,309.83791,0.351,0.536115092,SOEEWVH12A58A78C98,1.0,0.857,-7.325,0,0.66,297.215,0.0,0.10589,144.144,4.0,0.443,0,1981,mikey dread,0
0.909324834,0.677087547,ARRBF3M1187FB4D59F,0.0,0,0.0,30 Seconds To Mars,0.0,rock,1.0,646431,0,0.0,1.0,0.265,0.04483,0.546,0.04483,297.53424,0.496,0.507269252,SONWUQM12AB01821AB,6.0,0.738,-5.157,1,0.625,283.527,0.82,0.04483,122.924,4.0,0.747,0,2009,30 seconds to mars,0
0.450645997,0.331534751,ARQ91R31187FB38A88,37.82245,0,-85.69091,Grandpa Jones,0.0,bluegrass,1.0,53595,0,0.0,0.0,0.867,0.53851,0.867,0.53851,158.71955,0.456,0.378686389,SOWPUQN12A6D4F8821,9.0,1.0,-11.145,1,1.0,145.119,0.543,0.53851,65.93,1.0,0.0,0,1995,grandpa jones,0
0.375195664,0.355707867,ARN1J741187B99EFB9,38.8962,0,-121.07887,Cross Country,0.0,progressive house,1.0,473726,0,0.0,0.0,0.041,0.21288,0.857,0.21288,189.962,0.485,0.0,SOKNKAU12A58A7A70B,3.0,0.58,-8.165,1,0.439,183.722,0.911,0.04482,185.623,4.0,0.0,0,2009,cross country,0
0.832757431,0.546383748,ARPKATM1187B9B76E6,41.30711,0,-72.92496,Hatebreed,0.0,hardcore punk,1.0,739881,0,0.0,0.0,0.017,1.23922,0.713,0.36163,179.17342,0.34,0.553778846,SOPTOKV12AAF3B5233,0.0,0.588,-4.011,1,0.663,170.98,0.728,0.14196,136.021,4.0,0.573,0,2009,hatebreed,0
0.810506205,0.531157063,ARYOPH81187B98AEED,40.65507,0,-73.94888,Converge,0.0,hardcore punk,0.999977421,620633,0,0.0,1.0,0.259,0.93848,0.966,0.44873,174.75873,0.15,0.74896057,SOKQFBG12AB0181409,1.0,0.403,-3.373,1,0.472,167.538,0.004,0.21778,156.924,4.0,0.722,0,2009,converge,0
0.674464705,0.485781602,AR5DXUU1187B9B0E42,48.20254,0,16.3688,Falco,0.0,dance pop,0.998968746,315993,0,0.0,4.0,0.089,2.16659,0.502,0.56832,271.09832,0.0,-1.0,SOEZQXE12AF72ACC54,8.0,0.102,-5.928,1,0.301,271.098,0.621,0.29662,112.352,5.0,0.786,0,1991,falco,0
0.88974922,0.872447223,ARS54I31187FB46721,0.0,0,0.0,Taylor Swift,0.0,country,0.970216931,382330,0,0.0,1.0,0.031,0.51078,1.0,0.1549,245.78567,0.107,-1.0,SOVCFPI12AAF3B2045,4.0,0.365,-4.954,0,0.451,232.2,0.668,0.1549,167.97,4.0,0.623,0,2006,taylor swift,0
0.700635528,0.511546184,ARZTSYB1187FB54987,0.0,0,0.0,Rainbow,0.0,heavy metal,0.999872425,15415,0,0.0,1.0,0.137,0.73077,0.902,0.27559,454.1122,0.438,-1.0,SOSKQWN12A58A7D155,5.0,0.381,-23.44,0,0.518,403.737,0.487,0.27559,135.206,4.0,0.728,0,1978,rainbow,0
0.849446736,0.794248177,ARDCFNZ1187FB3DDB0,0.0,0,0.0,Enrique Iglesias,0.0,dance pop,1.0,130598,0,0.0,1.0,0.016,1.4327,1.0,0.38524,222.14485,0.357,-1.0,SOHHJYE12CF530E53A,8.0,0.918,-5.01,1,0.683,214.518,1.0,0.1239,114.983,4.0,1.0,0,2007,enrique iglesias,0
0.877119424,0.560912657,AR7C6G11187B9B4C1E,0.0,0,0.0,Jennifer Lopez,0.0,dance pop,1.0,283324,0,0.0,1.0,0.018,0.7001,1.0,0.13706,211.56526,0.177,0.804749694,SOAYOFO12AF72A4B88,6.0,0.334,-1.81,0,0.357,211.565,1.0,0.13706,104.796,4.0,1.0,0,2001,jennifer lopez,0
0.581507855,0.390020826,AR9SYAF1187FB43BD5,0.0,0,0.0,Cherish The Ladies,0.0,irish folk,1.0,558721,0,0.0,1.0,0.133,1.25574,0.597,0.2296,134.81751,0.078,-1.0,SOSJENW12AB0185F30,2.0,0.044,-16.831,1,0.351,130.084,0.406,0.2296,118.182,5.0,0.374,0,1999,cherish the ladies,0
0.643016144,0.461517205,ARVJVFF1187B9B40D6,40.7174,0,-74.04323,Al DiMeola,0.0,latin jazz,0.929507055,22786,0,0.0,0.0,0.008,1.05298,0.736,0.76271,319.84281,0.0,-1.0,SORMZSD12A6D4F736A,1.0,0.312,-10.176,1,0.445,312.616,0.82,0.61766,206.101,4.0,0.0,0,1992,al dimeola,0
0.500506965,0.34341318,ARB1LM61187FB4DDF4,38.57842,0,-93.2393,Leroy Van Dyke,0.0,country rock,0.988536224,331311,0,0.0,0.0,0.51,0.27373,0.51,0.27373,124.52526,0.57,0.0,SOYEKDZ12A58A7EA4F,0.0,0.796,-18.57,1,0.694,114.619,0.502,0.0897,163.942,1.0,0.0,0,1962,leroy van dyke,0
0.626803106,0.405234691,ARJ9DSA1187B990E00,0.0,0,0.0,John Mayall & The Bluesbreakers,0.0,blues-rock,0.97665497,45175,0,0.0,2.0,0.016,1.164,0.428,0.5948,214.69995,0.262,-1.0,SOWJALY12A6D4F837F,2.0,0.491,-8.441,0,0.603,207.935,0.847,0.3095,107.458,4.0,0.631,0,1966,john mayall & the bluesbreakers,0
0.429235344,0.322988163,AR56UY11187FB46D49,38.62774,0,-90.19951,Lightnin' Slim,0.0,swamp blues,1.0,356763,0,0.0,0.0,0.25,1.3532,0.438,0.57935,177.68444,0.517,-1.0,SOEXZJD12AB0182FC1,7.0,0.864,-16.554,1,0.913,170.672,1.0,0.19014,94.721,3.0,1.0,0,1997,lightnin' slim,0
0.726298027,0.555414576,AR7Y6JX1187FB4D9B3,0.0,0,0.0,Bad Brains,0.0,hardcore punk,0.920537438,21616,0,0.0,1.0,0.013,1.24242,0.817,0.31151,118.04689,0.0,0.576315292,SOHLSKT12A6D4F71B4,11.0,0.571,-8.435,1,0.29,108.954,0.655,0.07591,135.415,4.0,0.0,0,1996,bad brains,0
0.018501542,0.352976472,ARW45YR1187FB3DE95,0.0,0,0.0,Pierre Perret,0.0,chanson,0.964319421,584842,0,0.0,0.0,0.004,0.21553,0.789,0.21553,90.46159,0.142,0.0,SOGAKLF12A67AD9390,5.0,0.085,-11.372,1,0.469,85.862,0.968,0.21553,135.487,4.0,0.011,0,1994,pierre perret,0
0.460409667,0.442348449,AR9Q3LP1187FB3D647,0.0,0,0.0,Soilent Green,0.0,sludge metal,0.966545846,238004,0,0.0,0.0,0.81,0.19806,0.81,0.19806,180.32281,0.0,0.447784051,SOTZGHE12A58A75DC4,2.0,0.478,-5.958,1,0.493,176.57,0.365,0.19806,100.917,1.0,0.0,0,2001,soilent green,0
0.575412601,0.417351056,ARDGPFY1187B9A371B,0.0,0,0.0,Long Beach Dub Allstars,0.0,dub,1.0,46449,0,0.0,0.0,0.578,1.22085,0.674,0.31823,282.61832,0.171,-1.0,SOCXKCF12AF729F898,7.0,0.757,-3.834,0,0.639,269.108,1.0,0.31823,69.737,4.0,0.0,0,2001,long beach dub allstars,0
0.686812987,0.684478823,ARJGIOD1187B9AE920,0.0,0,0.0,Kelly Clarkson,0.0,teen pop,1.0,524674,0,0.0,1.0,0.005,2.97922,1.0,1.61427,368.92689,2.072,-1.0,SOXIZCU12A8C1440A1,5.0,0.236,-7.562,0,0.376,359.625,0.661,1.38668,131.991,5.0,0.496,0,2007,kelly clarkson,0
0.743129776,0.493566843,ARXWAQQ1187B9AE954,0.0,0,0.0,Redman,0.0,hip hop,1.0,8566,0,0.0,1.0,0.978,1.66906,0.346,0.34555,185.83465,0.0,0.671040568,SOPOJVI12A58A7E706,0.0,0.125,-7.184,1,0.52,185.835,0.557,0.34555,94.146,4.0,0.298,0,1992,redman,0
0.540123026,0.376200929,ARD4KNM1187FB3626A,0.0,0,0.0,Liquid Stranger,0.0,dub,0.9870823,228539,0,0.0,1.0,0.046,0.85632,0.627,0.85632,551.54893,0.0,0.38293509,SOOYRFK12A6D4FB5CA,5.0,0.503,-11.582,1,0.42,542.314,0.152,0.41375,93.328,4.0,0.311,0,2007,liquid stranger,0
0.434241407,0.283987949,ARMQUTT12086C12BF5,0.0,0,0.0,Spok Frevo Orquestra,0.0,frevo,1.0,556611,0,0.0,0.0,0.288,1.97579,0.216,1.13372,269.73995,2.38,-1.0,SOFVVWJ12AB0183B6A,2.0,0.446,-6.719,1,0.838,239.618,0.216,0.58222,71.156,4.0,0.246,0,2007,spok frevo orquestra,0
0.437634718,0.36134021,ARKXLIJ1187B9A4C54,0.0,0,0.0,Percy Faith And His Orchestra,0.0,orchestra,0.915857613,493219,0,0.0,0.0,0.251,7.94198,0.694,0.11906,220.15955,2.392,-1.0,SOEHUNR12AB017C920,7.0,0.314,-14.837,0,0.324,211.586,0.097,0.11906,55.233,4.0,1.0,0,1953,percy faith and his orchestra,0
0.443865075,0.372910681,ARJDWEA1187B9B676F,0.0,0,0.0,Bob Newhart,0.0,comedy,1.0,12546,0,0.0,0.0,0.383,0.67778,0.596,0.67778,72.33261,0.0,-1.0,SOQTJWB12A670218FD,10.0,0.492,-12.043,1,0.308,72.333,0.501,0.45028,133.721,3.0,0.956,0,1961,bob newhart,0
0.328179991,0.201037195,AR6U4801187B9A8C45,0.0,0,0.0,Boney James And Rick Braun,0.0,dubstep,1.0,765824,0,0.0,0.0,0.266,0.90981,1.0,0.28628,243.48689,0.224,0.0,SOSZHRE12AB018BB5F,9.0,0.681,-5.58,1,0.549,238.068,0.571,0.12903,96.136,3.0,0.556,0,2000,boney james and rick braun,0
0.853124523,0.591628024,ARLHO5Z1187FB4C861,0.0,0,0.0,Beastie Boys,0.0,hip hop,1.0,23876,0,0.0,2.0,0.098,0.79998,1.0,0.20849,247.7971,0.157,-1.0,SOJHMFW12B0B80B79B,9.0,0.0,-15.059,1,0.165,247.797,0.861,0.05969,100.788,4.0,0.899,0,1989,beastie boys,0
0.510010871,0.378442737,AR8IEZO1187B99055E,0.0,0,0.0,Marc Shaiman,0.0,soundtrack,1.0,188216,0,0.0,1.0,0.018,1.01265,0.994,0.15349,154.122,2.043,-1.0,SOIUEQG12A8C134F30,2.0,0.496,-17.548,1,0.358,145.032,0.0,0.15349,131.615,4.0,0.469,0,1999,marc shaiman,0
0.786427083,0.512226738,AR035N21187FB3938E,34.23294,0,-102.4102,BT,0.0,electronica,0.999989369,725628,0,0.0,2.0,0.007,1.12184,1.0,0.2382,506.27873,0.206,0.43483809,SOAUXQN12AB018D2F6,6.0,0.138,-11.59,0,0.222,491.119,0.867,0.2382,136.003,4.0,0.152,0,2000,bt,0
0.60383917,0.395791274,ARDY3451187B9A0226,38.68193,0,-84.59431,Skeeter Davis,0.0,country rock,0.978369095,295598,0,0.0,0.0,0.198,0.56677,0.727,0.56677,153.49506,0.328,0.542898743,SOVJSUC12A8C13B2DF,0.0,0.613,-10.487,1,0.695,148.236,0.051,0.27661,98.663,3.0,1.0,0,1988,skeeter davis,0
0.651952139,0.449693998,AR040M31187B98CA41,0.0,0,0.0,The Bug Featuring Ricky Ranking,0.0,illbient,0.965349266,266849,0,0.0,1.0,0.08,1.0506,0.461,0.21253,309.28934,0.177,0.553166754,SOMOSOM12A8C13D618,8.0,0.0,-9.376,1,0.232,303.601,0.807,0.21253,143.812,4.0,1.0,0,2008,the bug featuring ricky ranking,0
0.537532968,0.369870107,ARID1TK1187FB4CFB8,0.0,0,0.0,All Girl Summer Fun Band,0.0,pop rock,0.994911874,357852,0,0.0,0.0,0.408,1.02088,0.921,0.24479,138.97098,0.537,0.447135796,SOAIPGL12AB01837A3,2.0,0.716,-14.927,1,0.585,127.721,0.709,0.24479,76.455,4.0,0.802,0,2008,all girl summer fun band,0
0.915823253,0.665576619,ARBEOHF1187B9B044D,0.0,0,0.0,Madonna,0.0,dance pop,1.0,79577,0,0.0,3.0,0.397,0.505,1.0,0.03594,320.1824,2.781,0.460541281,SOVDYER12A6D4F7E1B,7.0,0.604,-7.288,1,0.568,313.017,0.742,0.03594,130.003,4.0,0.0,0,2006,madonna,0
0.330647052,0.273269209,AR18B3W1187B9A5AAA,0.0,0,0.0,Louisa Mark,0.0,lovers rock,0.997585792,804467,0,0.0,0.0,0.669,0.26007,0.669,0.26007,156.52526,0.52,0.46627089,SOOQIWV12AB018B96D,5.0,0.475,-14.29,0,0.406,149.571,0.897,0.26007,128.304,1.0,0.0,0,2003,louisa mark,0
0.534392294,0.345174319,ARDE7I31187FB43352,23.1168,0,-82.38859,Gonzalo Rubalcaba,0.0,latin jazz,1.0,195499,0,0.0,0.0,0.319,0.36156,0.744,0.36156,424.51546,0.16,0.445454526,SOELLGL12A8C13691C,9.0,0.332,-12.205,1,0.305,410.633,0.665,0.19123,187.406,4.0,0.141,0,2008,gonzalo rubalcaba,0
0.413934002,0.317491739,ARJQSSS1187B99A513,0.0,0,0.0,Cookie Crew,0.0,hip house,0.910288381,368010,0,0.0,0.0,0.157,1.54139,0.0,0.11918,282.33098,1.088,0.0,SOUHLWG12AB0184414,8.0,0.622,-10.713,0,0.519,274.866,0.108,0.11918,85.962,5.0,1.0,0,1989,cookie crew,0
0.825192029,0.529165902,ARWLV931187B9B0F5A,30.33138,0,-81.6558,Evergreen Terrace,0.0,melodic hardcore,0.99989219,709418,0,0.0,0.0,0.382,0.96536,0.143,0.24646,143.882,0.0,0.709237886,SOEKYVZ12AB018741A,7.0,0.08,-5.983,1,0.354,134.995,0.361,0.24646,166.03,4.0,0.0,0,2002,evergreen terrace,0
0.606885311,0.397594324,ARC6J781187B98F02B,0.0,0,0.0,Tania Maria,0.0,latin jazz,1.0,452608,0,0.0,0.0,0.084,0.38684,0.125,0.38684,325.66812,0.0,-1.0,SOAFJWE12AB01837B3,11.0,0.496,-12.861,0,0.322,318.375,0.245,0.21469,176.18,4.0,0.0,0,1983,tania maria,0
0.562614768,0.358435364,AR2S6UD1187B9B944F,0.0,0,0.0,LeA3n Gieco,0.0,folk rock,1.0,157094,0,0.0,1.0,0.242,0.88583,0.685,0.39661,266.762,0.237,0.266955186,SOFPTCN12A8C13BD3C,2.0,0.972,-10.423,1,0.851,258.514,0.124,0.14764,120.023,3.0,0.776,0,2002,lea3n gieco,0
0.486573734,0.317516298,ARJPADO1187B9897CE,0.0,0,0.0,Moving Ninja,0.0,dubstep,1.0,626950,0,0.0,0.0,0.425,1.31316,0.0,0.65875,287.00689,2.844,0.266955186,SOXXSLE12AB0184F1B,6.0,0.313,-8.717,0,0.096,284.915,0.262,0.22728,90.167,3.0,1.0,0,2005,moving ninja,0
0.664559979,0.397569595,ARNJVSL1187B99AFD4,52.51607,0,13.37698,2raumwohnung,0.0,tech house,0.983719661,144074,0,0.0,1.0,0.019,1.52095,0.975,0.43824,335.17669,2.728,0.667506139,SOOCYRU12A8C132403,11.0,0.029,-9.322,1,0.293,329.63,0.246,0.17499,111.016,4.0,0.748,0,2001,2raumwohnung,0
0.73118423,0.549204384,ARD3LXU1187B9ABFC5,0.0,0,0.0,Sex Pistols,0.0,punk,1.0,800,0,0.0,4.0,0.027,0.64694,0.752,0.26199,194.58567,0.218,0.798113657,SOESQNH12A58A79AC3,2.0,0.065,-6.758,1,0.375,194.586,0.675,0.07286,144.573,4.0,0.0,0,1977,sex pistols,0
0.889613555,0.593808365,ARSE5NP1187B9B98AB,0.0,0,0.0,Twista,0.0,gangster rap,0.949489324,138239,0,0.0,1.0,0.166,0.79015,0.281,0.27924,368.03873,0.0,0.460541281,SOLPNHG12A8AE47934,1.0,0.847,-6.828,0,0.728,368.039,0.791,0.02686,120.389,4.0,0.62,0,1997,twista,0
0.793708084,0.58985618,ARCJKV91187FB46210,0.0,0,0.0,KT Tunstall,0.0,folk-pop,0.999761965,54072,0,0.0,1.0,0.486,0.27206,0.486,0.27206,295.07873,0.0,0.607908633,SOUYFXA12A6D4F8482,7.0,0.963,-7.272,1,0.718,285.478,0.356,0.27206,137.806,1.0,0.283,0,2005,kt tunstall,0
0.525869437,0.435127195,ARXALW01187FB4B466,40.71455,0,-74.00712,Sylvia Tosun,0.0,progressive house,0.898328005,703170,0,0.0,0.0,0.048,1.15363,1.0,0.21569,575.79057,0.194,-1.0,SONYFKQ12A58A7B29F,8.0,0.328,-6.319,1,0.433,561.354,1.0,0.21569,127.968,4.0,0.673,0,2004,sylvia tosun,0
0.845768866,0.837714709,ARF2EHS1187B994F4E,36.16778,0,-86.77836,Kings Of Leon,0.0,southern rock,1.0,300546,0,0.0,2.0,0.173,1.80416,0.799,0.44348,212.97587,0.356,0.724788814,SOANUME12A8C1368DF,4.0,0.702,-10.831,1,0.598,202.826,0.308,0.44348,85.855,4.0,0.429,0,2004,kings of leon,0
0.642452951,0.466153998,ARUZS6L1187FB50A56,38.62774,0,-90.19951,Dave Weckl,0.0,hard house,1.0,310764,0,0.0,0.0,0.015,1.11454,0.833,0.4671,311.01342,0.445,0.400039657,SOIYRUA12A8C13F1CE,0.0,0.437,-11.638,1,0.477,297.883,0.537,0.14467,93.502,4.0,0.124,0,1994,dave weckl,0
0.422971308,0.317248425,ARIN12F1187FB3E92C,30.24216,0,-89.60586,Grant Geissman,0.0,smooth jazz,1.0,460993,0,0.0,1.0,0.019,0.69965,0.419,0.07306,307.40853,0.374,0.0,SOAKUXB12AB018230A,0.0,0.126,-11.143,0,0.169,302.312,0.363,0.07306,192.301,3.0,0.069,0,1993,grant geissman,0
0.46626221,0.369609835,AR0B6VD1187B99C293,34.47326,0,-119.05505,Uphill Battle,0.0,grindcore,1.0,238883,0,0.0,0.0,0.105,0.6483,0.649,0.16029,210.36363,0.1,-1.0,SOQGLPH12A8C141089,8.0,0.587,-6.472,1,0.478,204.672,0.577,0.16029,137.911,5.0,0.807,0,2002,uphill battle,0
0.839275393,0.550762085,AR6XPWV1187B9ADAEB,0.0,0,0.0,Foo Fighters,0.0,grunge,0.953021558,372337,0,0.0,4.0,0.011,0.20679,0.0,0.20679,274.65098,0.0,0.804318946,SOYYIZT12A8C1408CA,7.0,0.704,-4.203,1,0.712,274.651,0.277,0.03417,173.983,4.0,0.453,0,1999,foo fighters,0
0.856448924,0.854637828,ARPDVPJ1187B9ADBE9,0.0,0,0.0,Usher,0.0,hip hop,1.0,294868,0,0.0,1.0,0.483,0.39655,0.483,0.39655,32.41751,0.0,-1.0,SOBJJEX12A8C13ACDC,5.0,0.598,-14.434,1,0.485,32.418,0.271,0.22755,118.237,1.0,0.0,0,1999,usher,0
0.428516151,0.269288257,AR8ICFK1187FB5A3A0,42.33168,0,-83.04792,Rance Allen Group,0.0,jazz funk,0.985476909,33480,0,0.0,0.0,0.014,1.40316,0.932,0.18732,201.27302,0.369,0.0,SOYJFWA12A58A76CC3,0.0,0.621,-11.202,1,0.641,187.35,0.178,0.03366,100.332,4.0,0.0,0,2006,rance allen group,0
0.631151242,0.432754337,ARGDSO91187B9AAB35,0.0,0,0.0,Patrick Bruel,0.0,cabaret,1.0,479468,0,0.0,0.0,0.012,0.35357,0.46,0.35357,263.94077,0.0,-1.0,SOPFUJH12A8C1460C9,9.0,0.733,-17.855,1,0.616,255.46,0.0,0.13881,140.696,4.0,0.245,0,1991,patrick bruel,0
0.584037865,0.356406618,AREP0H61187FB443CF,0.0,0,0.0,Grayson Capps,0.0,blues-rock,1.0,176769,0,0.0,0.0,0.007,1.32774,1.0,0.13958,124.18567,0.229,0.49770581,SOSJYAJ12A6D4FCA04,2.0,0.011,-7.109,1,0.343,120.094,0.479,0.13958,101.076,4.0,0.484,0,2006,grayson capps,0
0.551682526,0.352338668,ARAIJG51187B9B97A4,0.0,0,0.0,CafA(c) Quijano,0.0,pop rock,0.994859897,212218,0,0.0,0.0,0.472,1.24825,0.426,0.29933,262.37342,0.113,0.405115722,SOTSIIH12A8C13A516,11.0,0.386,-9.37,0,0.393,253.202,0.64,0.14206,102.677,4.0,0.752,0,1998,cafa(c) quijano,0
0.853725857,0.550991009,ARA1UU51187FB5A70B,0.0,0,0.0,The Misfits,0.0,horror punk,0.920888891,28279,0,0.0,2.0,0.144,0.22414,0.144,0.22414,82.1024,0.061,-1.0,SOBMPPH12A6D4F87E1,2.0,0.709,-8.294,1,0.553,77.357,0.27,0.06351,185.615,1.0,0.0,0,1996,the misfits,0
0.498946148,0.339020747,AR2G8SU1187FB4A871,42.33168,0,-83.04792,James Carter,0.0,soul jazz,0.978174738,216084,0,0.0,1.0,0.035,0.65938,0.614,0.65938,366.0273,0.0,0.47212112,SOUVGPX12A8C13CE77,8.0,0.41,-18.826,0,0.443,353.855,0.268,0.65938,140.666,4.0,0.29,0,2008,james carter,0
0.686811617,0.443875676,AR3TG3X1187FB4D577,52.51607,0,13.37698,Atari Teenage Riot,0.0,breakcore,1.0,505433,0,0.0,3.0,0.994,2.7468,0.451,1.54645,249.46893,2.815,0.215080319,SOTDNWF12AB0186452,2.0,0.498,-5.547,0,0.38,249.469,0.107,1.09404,100.341,4.0,0.933,0,1999,atari teenage riot,0
0.674088298,0.430321318,ARRTQ3Y1187B9AC835,36.97402,0,-122.03095,Scott Weiland,0.0,post-grunge,0.997932179,659225,0,0.0,0.0,0.035,1.24737,0.458,0.24602,321.01832,0.0,0.49271364,SODWTYQ12AB018A257,5.0,0.0,-5.328,1,0.194,321.018,1.0,0.24602,112.68,4.0,0.625,0,1998,scott weiland,0
0.732393707,0.496224349,ARBQPXY1187B98D67B,25.89958,0,-97.49553,Kris Kristofferson,0.0,western swing,1.0,668413,0,0.0,1.0,0.046,0.96316,0.597,0.53387,183.06567,0.0,0.215080319,SOHIEPQ12A58A770F6,7.0,0.027,-17.312,0,0.389,169.378,0.298,0.31976,138.094,4.0,0.827,0,1995,kris kristofferson,0
0.505163005,0.371960267,ARS8DXZ1187B998AA3,0.0,0,0.0,Bravehearts,0.0,hip hop,1.0,291702,0,0.0,0.0,0.153,2.03098,0.248,0.2001,209.03138,0.0,-1.0,SOENIFL12A8C138231,6.0,0.325,-10.212,0,0.393,193.91,0.527,0.04771,199.07,7.0,1.0,0,2003,bravehearts,0
0.751040126,0.4181931,ARIF6IS1187B98FDEB,53.34376,0,-6.24953,Primordial,0.0,folk metal,0.941226751,632755,0,0.0,0.0,0.236,0.22101,0.0,0.22101,508.3424,0.0,0.215080319,SOKANNU12AB0183D18,3.0,0.543,-10.141,1,0.376,508.342,0.09,0.22101,118.196,4.0,0.385,0,1998,primordial,0
0.842972108,0.793412623,ARML3X41187FB35F2E,0.0,0,0.0,Jason Mraz,0.0,alternative rock,0.999871624,68507,0,0.0,1.0,0.833,0.6262,0.0,0.05316,336.43057,0.0,0.447915443,SOSPCBI12A58A7BF1E,6.0,0.549,-10.26,1,0.514,319.57,0.556,0.05316,104.296,4.0,0.32,0,2007,jason mraz,0
0.464362591,0.417846148,ARW1WST1187FB384DA,0.0,0,0.0,Jope Ruonansuu,0.0,parody,1.0,768012,0,0.0,1.0,0.443,0.67317,0.966,0.23638,175.41179,2.258,-1.0,SOUEWVH12AB018B119,9.0,0.435,-5.136,0,0.399,171.468,0.586,0.23638,134.109,4.0,0.0,0,2002,jope ruonansuu,0
0.672199944,0.466784212,ARNE16X1187B9B2DEE,18.04552,0,-77.02659,Jimmy Cliff,0.0,reggae,1.0,84,0,0.0,2.0,0.977,0.39477,0.977,0.39477,301.71383,0.334,0.265861049,SOWQAJL12A8C1418C9,0.0,0.829,-7.449,1,0.771,274.17,0.766,0.14702,122.773,1.0,0.0,0,1973,jimmy cliff,0
0.678008837,0.404039734,ARAH4TU1187FB51D28,38.62666,0,-88.94561,Bill Laswell,0.0,future jazz,0.941814656,664388,0,0.0,0.0,0.289,0.53357,0.963,0.18689,381.30893,3.396,0.386790177,SOJWQRM12AB01847CE,2.0,0.032,-9.232,1,0.135,366.55,0.136,0.18689,172.955,4.0,0.325,0,1996,bill laswell,0
0.649583107,0.461345852,ARA7EEC1187FB4C392,49.01037,0,8.4092,Snowgoons,0.0,los angeles,0.844124947,164674,0,0.0,0.0,0.393,0.31119,0.569,0.31119,212.32281,0.171,0.548005621,SOUQKFN12A8C13DC40,9.0,0.036,-4.751,0,0.142,207.226,0.182,0.06558,85.138,4.0,0.399,0,2007,snowgoons,0
0.634490513,0.410950258,AR3DLBB1187B98F3DF,0.0,0,0.0,The Statler Brothers,0.0,country gospel,1.0,123077,0,0.0,1.0,0.28,2.59073,0.68,0.34489,140.69506,0.311,-1.0,SOHJWNE12A8C14140B,0.0,0.811,-12.361,1,0.848,132.969,0.68,0.34489,99.66,5.0,0.757,0,1994,the statler brothers,0
0.58543401,0.375367267,ARXAHU31187B9B1520,51.50632,0,-0.12714,Vex'd,0.0,dubstep,1.0,627001,0,0.0,3.0,0.035,0.83885,0.747,0.42619,365.03465,0.0,0.583678296,SOCPYWK12AB01832C7,11.0,0.03,-7.566,0,0.385,361.024,0.589,0.21934,149.96,4.0,0.0,0,2005,vex'd,0
0.605278551,0.350182732,ARAA1VM1187B994013,0.0,0,0.0,Daler Mehndi,0.0,bhangra,1.0,139750,0,0.0,1.0,0.095,0.85086,1.0,0.43767,245.49832,0.206,0.0,SOBFWIT12A8AE4795E,0.0,0.954,-4.462,1,0.701,242.422,0.915,0.23108,146.856,4.0,0.845,0,2000,daler mehndi,0
0.479735239,0.352459616,ARO762K1187FB46BCD,0.0,0,0.0,Annie Blanchard,0.0,pop folk,1.0,648890,0,0.0,0.0,0.211,0.28466,0.127,0.28466,260.80608,0.0,0.224490518,SOXSPQZ12AB01832BA,0.0,0.223,-11.841,1,0.489,254.195,0.339,0.28466,101.868,3.0,0.519,0,2007,annie blanchard,0
0.567313224,0.580013183,ARAIABB1187B9AC6E2,0.0,0,0.0,Seal,0.0,dance pop,1.0,7321,0,0.0,2.0,0.009,1.14217,1.0,0.17709,368.06485,0.154,-1.0,SOCSOYD12A8C13AF1B,6.0,0.605,-12.1,1,0.476,354.133,0.915,0.17709,123.795,4.0,1.0,0,1991,seal,0
0.612657824,0.457611174,AROJAG11187B9B71A3,51.50632,0,-0.12714,The Chap,0.0,future jazz,0.910049664,314575,0,0.0,1.0,0.1,0.1724,0.796,0.1724,216.2673,0.0,0.392008772,SOBUUHE12A8C143DD8,4.0,0.308,-7.507,0,0.292,208.718,0.246,0.1724,181.863,4.0,0.655,0,2008,the chap,0
0.472247769,0.316724551,ARJ3VRY1187B9A3058,0.0,0,0.0,Memphis La Blusera,0.0,chicago blues,0.927188997,33071,0,0.0,0.0,0.014,1.16698,1.0,0.23959,221.64853,0.189,0.212045406,SODIYIX12A6D4F514F,7.0,0.572,-6.246,1,0.6,213.171,1.0,0.23959,132.023,4.0,1.0,0,2001,memphis la blusera,0
0.588959572,0.331241824,ARYI8NC1187B994FE9,44.00118,0,-71.6342,Venice,0.0,folk-pop,1.0,133232,0,0.0,0.0,0.095,0.02976,0.0,0.02976,301.08689,6.177,0.0,SOSEQWD12A81C21F43,0.0,0.344,-8.38,1,0.457,287.724,0.467,0.02976,104.556,4.0,0.546,0,1990,venice,0
0.701441759,0.504307726,AR0O3AV1187FB4D030,40.71455,0,-74.00712,Agnostic Front,0.0,hardcore punk,0.999836752,205410,0,0.0,1.0,0.337,0.29787,0.337,0.29787,94.6673,0.0,0.662251154,SOBAAER12A8C13A83C,9.0,0.534,-3.199,0,0.42,94.667,0.732,0.07101,116.438,1.0,0.0,0,1999,agnostic front,0
0.523703597,0.354307353,ARMDE3V1187FB3EEFB,0.0,0,0.0,The Last Days Of Jesus,0.0,deathrock,0.864012797,66510,0,0.0,0.0,0.195,1.09657,0.955,0.13428,209.55383,0.084,0.401486711,SOMTUMT12A67ADAE76,8.0,0.91,-6.248,1,0.526,198.217,1.0,0.13428,125.126,4.0,1.0,0,2004,the last days of jesus,0
0.654644975,0.450775218,ART09111187FB5BF48,32.36503,0,-88.70307,Ty Herndon,0.0,country,0.9782264,283244,0,0.0,0.0,0.029,0.89577,0.65,0.41866,217.15546,0.072,0.696183227,SODAKWB12A8C12FFBE,2.0,0.35,-8.809,1,0.614,207.401,0.702,0.17951,128.087,4.0,0.065,0,1998,ty herndon,0
0.611801472,0.399042081,AR9ILJF1187B9B80ED,33.89275,0,35.48527,Gabriel Yared,0.0,latin jazz,0.909053763,118602,1408,0.0,1.0,0.207,1.78028,0.066,1.35327,100.0224,6.658,0.212045406,SONNMKS12A8C13E662,4.0,0.0,-15.417,1,0.0,100.022,0.066,1.35327,137.149,3.0,0.403,0,2007,gabriel yared,1408
0.737437395,0.663686476,ARFWL8S1187B9B4B44,0.0,0,0.0,CA(c)line Dion,0.0,soft rock,0.999829496,332606,0,0.0,3.0,0.008,1.23567,0.784,0.23101,274.57261,0.166,-1.0,SOOTADG12AF729F5CF,1.0,0.523,-7.722,1,0.697,261.387,0.238,0.23101,120.047,4.0,0.952,0,1996,ca(c)line dion,0
0.718400769,0.47251295,ARW5IF01187B9AEA98,33.6671,0,-117.76505,Sugar Ray,0.0,post-grunge,0.999805574,132469,0,0.0,1.0,0.009,0.70229,0.895,0.04907,161.82812,0.0,0.563246899,SOSXDVD12A58A7D78C,11.0,0.258,-4.068,0,0.515,161.828,1.0,0.04907,92.299,4.0,0.028,0,2005,sugar ray,0
0.716854352,0.414236248,AR76DOS1187FB5AE78,0.0,0,0.0,The Jeff Healey Band,0.0,blues-rock,0.962148617,521623,0,0.0,1.0,0.065,0.62567,0.424,0.17044,223.92118,0.0,0.678161109,SOXZUMI12A58A77D7F,9.0,0.518,-7.457,0,0.431,223.921,0.064,0.17044,126.16,4.0,0.0,0,1988,the jeff healey band,0
0.840651579,0.582205564,ARR1R5V1187FB4D234,0.0,0,0.0,The All-American Rejects,0.0,emo,0.943967974,17419,0,0.0,1.0,0.146,0.66523,0.561,0.25683,279.71873,0.345,0.557880389,SOXNJYI12A67AE0EE7,9.0,0.741,-5.071,1,0.543,274.286,0.239,0.05517,147.998,4.0,0.168,0,2005,the all-american rejects,0
0.607326982,0.401144742,ARDK0551187FB5AC48,31.30627,0,-96.89774,Blind Willie Johnson,0.0,texas blues,0.972352995,285639,0,0.0,0.0,0.0,0.46339,0.0,0.46339,193.20118,3.1,-1.0,SOZPJVN12A8C133983,7.0,0.388,-17.85,1,0.2,189.666,0.027,0.24642,139.866,1.0,0.0,0,1989,blind willie johnson,0
0.491059447,0.35438469,ARFK4281187FB5C811,0.0,0,0.0,Vox Dei,0.0,new wave,1.0,98778,0,0.0,0.0,0.909,1.29205,0.909,1.29205,197.04118,1.022,0.215080319,SOHPUUH12A8C137C12,9.0,0.732,-14.03,1,0.524,187.954,0.531,1.09553,154.475,1.0,0.0,0,1974,vox dei,0
0.844039532,0.524378988,ARUSOMY1187FB4D3B4,0.0,0,0.0,Anti-Flag,0.0,oi,0.999917452,553397,0,0.0,4.0,0.453,0.19011,0.453,0.19011,175.25506,0.0,0.599715015,SOQVVEE12AB01843C3,6.0,0.178,-2.255,0,0.394,163.811,0.034,0.19011,110.134,1.0,0.0,0,1998,anti-flag,0
0.537950519,0.405657758,AR3O66A1187FB39519,40.99471,0,-77.60454,Sinch,0.0,post-grunge,0.951734768,137777,0,0.0,0.0,0.142,1.15323,0.538,0.26667,300.72118,3.489,0.611214623,SOUBHGD12A8AE4685D,2.0,0.0,-7.397,0,0.308,278.094,0.538,0.26667,135.895,3.0,0.97,0,2002,sinch,0
0.796320378,0.524994964,ARGK9MB1187FB37402,40.8448,0,-73.93585,MIMS,0.0,pop rap,0.956605368,72102,0,0.0,1.0,0.592,0.18813,0.566,0.18813,181.28934,0.0,0.529730607,SOFNQWZ12A6BD53D1D,11.0,0.217,-4.186,1,0.357,181.289,1.0,0.18813,105.393,4.0,0.906,0,2007,mims,0
0.754917646,0.507464243,ARWPYQI1187FB4D55A,53.45644,0,-2.63265,Rick Astley,0.0,dance pop,1.0,279033,0,0.0,1.0,0.829,0.48503,0.0,0.48503,225.4624,3.698,0.531983193,SONLPSN12A8AE4711C,8.0,0.011,-12.585,1,0.348,207.946,0.084,0.17138,128.171,4.0,0.51,0,1987,rick astley,0
0.686988955,0.606630152,ARX9YIP1187B98A656,0.0,0,0.0,RUN-DMC,0.0,hip hop,1.0,295238,0,0.0,1.0,0.025,1.35226,0.913,0.76085,216.65914,0.0,0.471578248,SOUNTXT12A8C138FC2,6.0,0.142,-12.274,0,0.532,205.74,1.0,0.76085,102.176,4.0,0.783,0,1993,run-dmc,0
0.837450128,0.476760867,ARDEC2A1187B9A460E,0.0,0,0.0,Chimaira,0.0,groove metal,0.999900161,110046,0,0.0,2.0,0.317,0.77316,0.883,0.12622,342.36036,0.089,0.612054954,SOZWECJ12A6D4F5229,7.0,0.216,-3.16,1,0.09,335.888,0.512,0.12622,93.513,4.0,0.57,0,2005,chimaira,0
0.583178831,0.434253341,AR7PPJV1187FB397CC,0.0,0,0.0,The James Taylor Quartet,0.0,jazz funk,0.968044675,320271,0,0.0,1.0,0.08,1.46873,0.553,0.28361,283.37587,0.0,0.413133229,SOKBJDL12A8C145D66,4.0,0.601,-5.415,0,0.454,271.714,0.78,0.13555,204.791,7.0,0.552,0,2003,the james taylor quartet,0
0.479848522,0.361702379,AR95CRV1187B9AFD6D,0.0,0,0.0,Pedro Luis e a Parede,0.0,samba,1.0,543440,0,0.0,0.0,0.451,0.62542,0.451,0.62542,151.92771,0.0,-1.0,SOCHVST12AB017CD1D,7.0,0.821,-15.508,1,0.738,138.966,0.854,0.29163,92.065,1.0,0.0,0,1997,pedro luis e a parede,0
0.741040433,0.496508119,ARSX6IX1187B9B640C,35.14968,0,-90.04892,Big Star,0.0,power pop,1.0,592093,0,0.0,1.0,0.18,0.84765,0.922,0.44147,133.45914,0.201,0.699474325,SOLFNJP12A58A78574,2.0,0.485,-6.097,0,0.448,124.035,0.638,0.23373,144.717,4.0,0.0,0,2009,big star,0
0.551477434,0.38072824,ARQILMW1187B9890DA,0.0,0,0.0,Kitty Wells,0.0,honky tonk,1.0,662629,0,0.0,1.0,0.282,0.98293,1.0,0.43671,165.61587,0.312,-1.0,SOKNYLI12AB018846C,9.0,1.0,-10.323,1,0.806,160.688,1.0,0.43671,117.815,4.0,1.0,0,1990,kitty wells,0
0.867258942,0.547764111,ARHUC691187B9AD27F,0.0,0,0.0,The Mars Volta,0.0,experimental rock,0.995280937,337526,0,0.0,1.0,0.419,0.73836,0.0,0.35522,380.42077,0.0,0.906077742,SOEIQUY12AF72A086A,6.0,0.262,-3.183,0,0.424,380.421,0.081,0.15744,158.34,3.0,0.686,0,2003,the mars volta,0
0.496152636,0.363506516,ARUK0W21187B995456,0.0,0,0.0,Isabel Pantoja,0.0,flamenco,1.0,216373,0,0.0,0.0,0.15,0.49226,0.421,0.49226,181.65506,0.195,-1.0,SOJHEMH12A8C13D4B2,0.0,0.73,-7.618,1,0.632,175.195,0.351,0.05884,95.673,4.0,0.51,0,2002,isabel pantoja,0
0.601245988,0.461026521,AR2S4CA1187B99632E,0.0,0,0.0,FFH,0.0,ccm,1.0,487841,0,0.0,0.0,0.076,0.83989,1.0,0.10965,277.62893,0.252,0.445454526,SOESCEH12A58A7EC90,0.0,0.915,-7.721,1,0.685,265.572,0.726,0.10965,163.96,4.0,0.869,0,2000,ffh,0
0.853124523,0.591628024,ARLHO5Z1187FB4C861,0.0,0,0.0,Beastie Boys,0.0,hip hop,1.0,27806,0,0.0,2.0,0.404,0.95477,0.608,0.37134,245.7073,0.0,-1.0,SOBTDFV12B0B80B789,11.0,0.221,-8.127,1,0.195,236.298,0.349,0.07146,101.044,4.0,0.999,0,1994,beastie boys,0
0.711380096,0.4662243,ARLIIVS1187FB5583B,39.29055,0,-76.6096,Philip Glass,0.0,chamber music,1.0,245189,0,0.0,2.0,0.949,0.34734,0.949,0.34734,93.33506,0.194,-1.0,SOGVTFI12A8C13F248,9.0,0.551,-33.662,0,0.521,88.108,0.314,0.34734,69.979,1.0,0.0,0,2007,philip glass,0
0.831928949,0.594627867,ARZQ7QA1187B9AD08B,0.0,0,0.0,Prince,0.0,dance rock,0.955469165,115032,0,0.0,3.0,0.018,0.58674,0.719,0.16225,190.06649,0.108,-1.0,SOAKNXU12A8C13E920,9.0,0.213,-17.1,1,0.35,186.241,0.595,0.16225,138.165,4.0,0.0,0,1978,prince,0
0.501544777,0.392733676,ARGUVEV1187B98BA17,0.0,0,0.0,Sierra Maestra,0.0,charanga,1.0,338569,0,0.0,0.0,0.691,0.51289,0.691,0.51289,295.99302,0.0,0.0,SOPAZPG12AB017DDDA,2.0,0.422,-13.822,1,0.505,286.883,0.746,0.51289,141.121,1.0,0.0,0,1992,sierra maestra,0
0.684994897,0.415517083,ARDG9Z71187B997023,51.50632,0,-0.12714,Public Image Ltd,0.0,dance rock,1.0,23179,0,0.0,2.0,0.119,1.64832,0.888,0.62387,209.3971,2.107,0.70340222,SOGDWHE12A6D4F794A,8.0,0.341,-23.949,0,0.393,186.363,0.633,0.34824,124.494,4.0,0.137,0,1979,public image ltd,0
0.716284296,0.43413714,ARXLMH011C8A415658,0.0,0,0.0,brokeNCYDE,0.0,pop rap,1.0,667479,0,0.0,0.0,0.132,1.77743,0.0,0.14226,262.89587,0.0,-1.0,SOIQDHX12CF530D596,4.0,0.665,-4.656,0,0.606,262.896,0.274,0.14226,113.361,5.0,0.459,0,2008,brokencyde,0
0.524747609,0.330240286,ARD94MR11C8A42B029,35.83073,0,-85.97874,Richie McDonald,0.0,country gospel,1.0,771263,0,0.0,0.0,0.302,2.54645,0.608,1.35491,290.69016,0.0,-1.0,SOVKHLV12AB0187078,5.0,0.154,-4.385,1,0.367,281.989,0.542,1.05098,99.784,3.0,0.633,0,2009,richie mcdonald,0
0.609816403,0.560380805,AR4B3RX1187B9A868A,0.0,0,0.0,Alexandre Desplat,0.0,soundtrack,1.0,442975,0,0.0,1.0,0.092,1.06328,0.172,0.33477,177.42322,3.001,0.478276995,SODQAHH12AB017DB34,5.0,0.595,-21.011,0,0.652,177.423,0.172,0.33477,170.024,4.0,0.941,0,2009,alexandre desplat,0
0.822150362,0.794270768,ARW7K0P1187B9B5B47,0.0,0,0.0,Barenaked Ladies,0.0,post-grunge,0.94860118,542207,0,0.0,1.0,0.017,1.19822,0.737,0.20536,173.19138,0.183,-1.0,SOEAMLK12AB017F3D2,7.0,0.784,-11.835,1,0.698,164.037,0.738,0.20536,120.969,4.0,0.937,0,1996,barenaked ladies,0
0.546460288,0.367869339,AR4NREB1187B9AEDAC,40.71455,0,-74.00712,Mink DeVille,0.0,blues-rock,0.981095523,813893,0,0.0,1.0,0.125,23.14526,0.562,1.25836,173.92281,0.147,0.503381236,SOIEKLM12AB01896EC,7.0,0.401,-20.055,1,0.486,159.73,0.697,0.18912,41.945,4.0,0.373,0,1980,mink deville,0
0.589694605,0.383863704,AR21YNH1187FB49649,51.50632,0,-0.12714,Ms. Dynamite,0.0,grime,0.921561762,15821,0,0.0,1.0,0.022,0.62005,0.723,0.21858,269.81832,0.196,-1.0,SODYSVW12A679C805B,9.0,0.65,-11.136,1,0.539,266.095,1.0,0.21858,150.567,4.0,1.0,0,2002,ms. dynamite,0
0.547538402,0.473544909,ARVY1W51187B9AF4F7,0.0,0,0.0,99 Posse,0.0,reggae,0.972942611,490624,0,0.0,0.0,0.012,0.47832,0.745,0.47832,351.34649,0.0,-1.0,SOVWWUP12AB017FDB1,7.0,0.467,-12.492,1,0.34,332.632,1.0,0.47832,101.849,4.0,0.612,0,1992,99 posse,0
0.589694605,0.383863704,AR21YNH1187FB49649,51.50632,0,-0.12714,Ms. Dynamite / Bounty Killer,0.0,grime,0.921561762,26220,0,0.0,1.0,0.416,1.32629,0.558,0.74396,241.37098,0.229,-1.0,SOSRMYO12A6D4F64EA,8.0,0.752,-4.999,0,0.59,235.59,0.25,0.36572,105.201,4.0,0.536,0,2002,ms. dynamite / bounty killer,0
0.362800142,0.282286406,ARW4AGO1187FB4F107,33.45081,0,-90.645,Jazz Gillum,0.0,chicago blues,1.0,174682,0,0.0,0.0,0.927,0.47993,0.927,0.47993,165.85098,0.409,-1.0,SOHMVLQ12A8C14202E,9.0,0.897,-16.855,1,0.671,155.713,0.691,0.12944,107.669,1.0,0.08,0,1997,jazz gillum,0
0.645720023,0.543954417,AROY6XW1187B991121,0.0,0,0.0,Steve Vai,0.0,instrumental rock,0.998934632,292250,0,0.0,1.0,0.005,0.63616,0.588,0.27217,363.36281,0.0,0.47212112,SOWZREF12A8C13810B,2.0,0.434,-7.856,1,0.462,363.363,0.318,0.27217,163.692,4.0,0.183,0,2001,steve vai,0
0.612045794,0.342375578,ARVV4Y41187B995F04,0.0,0,0.0,Deepest Blue,0.0,tech house,0.887686877,768961,0,0.0,1.0,0.0,0.11256,0.0,0.11256,514.45506,1.002,0.633197379,SOCIKSJ12AB018BEAB,6.0,0.437,-6.368,0,0.345,506.125,0.96,0.11256,130.013,1.0,0.0,0,2004,deepest blue,0
0.598985507,0.40411691,ARVI9KK1187B9AACB4,0.0,0,0.0,Jan Wayne,0.0,eurodance,0.955948287,662685,0,0.0,0.0,0.476,0.52046,0.458,0.05079,381.28281,0.0,-1.0,SOOXHKU12AB0187180,6.0,0.623,-5.62,1,0.575,374.84,1.0,0.05079,127.968,4.0,0.0,0,2010,jan wayne,0
0.773271848,0.429689629,AREY3RN1187B993C5F,29.95369,0,-90.07771,Goatwhore,0.0,black metal,1.0,667189,0,0.0,0.0,0.0,0.06782,0.0,0.06782,224.86159,0.0,0.460541281,SOXVULB12AB0184DD5,7.0,0.0,-5.559,0,0.061,224.862,0.448,0.06782,97.073,1.0,0.0,0,2003,goatwhore,0
0.300499047,0.112417868,AR2DKN01187FB3AA39,38.08767,0,-102.61916,Wesley Tuttle,0.0,western swing,1.0,208878,0,0.0,0.0,0.891,0.85893,1.0,0.2014,175.22893,0.151,0.265861049,SOSWEJS12A8C138994,2.0,0.721,-15.019,1,0.715,166.516,0.527,0.2014,71.705,4.0,0.815,0,1992,wesley tuttle,0
0.737972528,0.555968804,ARAEX7Y1187FB42D36,0.0,0,0.0,Toni Braxton,0.0,dance pop,0.999854548,310752,0,0.0,1.0,0.002,0.45517,0.946,0.1133,262.08608,0.415,0.796349157,SOQCQNU12A8C138694,11.0,0.048,-3.825,0,0.364,259.332,0.967,0.1133,175.959,4.0,0.792,0,2000,toni braxton,0
0.505602748,0.345717932,ARABTW91187FB3A73B,0.0,0,0.0,David Summers,0.0,pop,1.0,212278,0,0.0,0.0,0.281,0.9682,1.0,0.41546,247.77098,0.369,-1.0,SOMMBWK12A8C13CCE9,7.0,0.445,-16.104,1,0.541,238.086,0.869,0.13772,111.063,4.0,0.552,0,1998,david summers,0
0.707332699,0.603876487,ARYJSY01187B9B7C65,0.0,0,0.0,Dolly Parton,0.0,bluegrass,1.0,1484,0,0.0,2.0,0.249,0.93909,1.0,0.08763,166.24281,0.247,0.301681757,SOYEFDU12A6310F400,1.0,0.24,-10.915,1,0.416,158.163,1.0,0.08763,139.981,3.0,0.069,0,1998,dolly parton,0
0.776675856,0.553071992,ARIK43K1187B9AE54C,0.0,0,0.0,Lionel Richie,0.0,quiet storm,1.0,225991,0,0.0,1.0,0.032,1.43238,0.727,0.72679,296.09751,0.136,0.43965466,SONFKVB12A6D4FBA9A,4.0,0.575,-9.163,1,0.46,279.737,0.253,0.19827,84.821,4.0,1.0,0,2004,lionel richie,0
0.694566512,0.431648556,ARHJMEF1187FB415AE,0.0,0,0.0,Fehlfarben,0.0,new wave,0.980245565,8820,0,0.0,1.0,0.145,1.97345,0.513,0.67383,330.65751,0.0,-1.0,SOXNQKW12A6701F7E0,7.0,0.805,-8.351,1,0.536,314.851,1.0,0.35182,91.097,3.0,1.0,0,1991,fehlfarben,0
0.442818538,0.320520135,ARTP2PK1187B98FECA,0.0,0,0.0,Quinteto Violado,0.0,brazilian pop music,1.0,41788,0,0.0,0.0,0.027,0.47574,0.958,0.47574,136.77669,0.421,-1.0,SOJAYDC12A6D4FA328,0.0,0.032,-12.863,1,0.392,128.54,0.955,0.24884,134.654,4.0,0.0,0,1999,quinteto violado,0
0.424849475,0.284688955,AR12MUW1187B9A5DF4,29.76045,0,-95.36978,Ricardo Lemvo,0.0,salsa,1.0,146087,0,0.0,0.0,0.055,0.1401,0.465,0.1401,292.12689,0.102,0.468333835,SOMLUAZ12A8C133A5F,5.0,0.685,-8.491,0,0.894,284.909,1.0,0.1401,175.43,4.0,0.864,0,1997,ricardo lemvo,0
0.563997692,0.349923661,ARMHR011187B9A62B5,0.0,0,0.0,Joe Bataan,0.0,salsa,0.968902597,555842,0,0.0,0.0,0.003,0.58879,0.962,0.58879,199.3922,0.102,0.569275651,SOSFOAC12A58A78544,10.0,0.0,-8.648,0,0.0,188.929,0.173,0.30247,104.801,4.0,0.0,0,2005,joe bataan,0
0.722105298,0.480724781,AR02IU11187FB513F2,0.0,0,0.0,Tito Puente,0.0,salsa,1.0,214103,0,0.0,2.0,0.219,0.38295,0.0,0.38295,295.05261,1.017,0.349166902,SOJZTXJ12AB01845FB,7.0,0.444,-12.469,1,0.517,288.055,0.558,0.15512,88.384,4.0,0.284,0,1972,tito puente,0
0.559263502,0.362174491,AR4YY6D1187B9AEC44,0.0,0,0.0,Spooky Tooth,0.0,blues-rock,0.941714031,15791,0,0.0,0.0,0.17,0.64731,0.502,0.26564,545.74975,0.247,0.773738815,SODFSTY12A6701E6D3,7.0,0.407,-9.465,0,0.294,540.212,0.516,0.07959,142.646,4.0,0.082,0,1969,spooky tooth,0
0.772871995,0.473700501,ARMPRI31187FB4F7D9,39.37413,0,22.95775,Vangelis,0.0,progressive rock,1.0,292289,0,0.0,5.0,0.067,0.02219,0.0,0.02219,101.8771,0.0,0.646151234,SOUHJSQ12A58A7BC4D,4.0,0.0,-19.662,1,0.0,90.302,0.627,0.02219,125.028,4.0,0.0,0,2004,vangelis,0
0.584037865,0.356406618,AREP0H61187FB443CF,0.0,0,0.0,Grayson Capps,0.0,blues-rock,1.0,88733,0,0.0,0.0,0.129,0.61814,0.313,0.28206,242.18077,0.409,-1.0,SOINCFI12A58A7C357,0.0,0.0,-13.012,1,0.294,233.837,0.313,0.28206,186.886,4.0,0.998,0,2005,grayson capps,0
0.640574149,0.454714841,ARWD82K1187B98CFF2,0.0,0,0.0,Cracker,0.0,roots rock,0.966374319,1197,0,0.0,1.0,0.122,1.21631,0.675,0.23529,380.86485,0.32,0.542898743,SOPWGTF12A58A7D658,2.0,0.063,-19.164,1,0.436,373.441,0.229,0.23529,116.805,3.0,0.659,0,1992,cracker,0
0.499904176,0.351320975,ARPQ9MD1187FB3D29A,0.0,0,0.0,Cheri Keaggy,0.0,ccm,1.0,148610,0,0.0,0.0,0.253,1.74419,0.603,0.57179,262.24281,0.473,-1.0,SOJMGIE12A8C137C14,7.0,0.659,-14.173,1,0.718,253.219,0.451,0.27232,97.977,7.0,0.15,0,1994,cheri keaggy,0
0.772518285,0.578790799,ARN7POH1187B9B301E,0.0,0,0.0,Jessica Simpson featuring Lil Bow Wow,0.0,teen pop,1.0,283205,0,0.0,1.0,0.127,1.78817,0.0,0.50307,215.66649,2.577,-1.0,SOUQKXS12A8C132CAD,1.0,0.73,-6.288,0,0.49,210.872,0.098,0.1818,93.08,4.0,0.88,0,2001,jessica simpson featuring lil bow wow,0
0.6742378,0.46527021,ARJ2PMY1187FB5B563,0.0,0,0.0,Burning Spear,0.0,roots reggae,1.0,26734,0,0.0,1.0,0.125,0.4528,0.125,0.4528,217.93914,0.23,0.407233015,SOOREAS12A58A7C580,8.0,0.516,-14.241,1,0.538,204.376,0.537,0.05558,101.799,1.0,0.51,0,1991,burning spear,0
0.360015522,0.196641768,ARNKWCP1187FB3AAF6,0.0,0,0.0,Electronic pig,0.0,gabba,0.937216175,648966,0,0.0,0.0,0.117,0.31069,0.0,0.31069,218.53995,0.938,-1.0,SOTWTSF12AB01830BD,9.0,0.192,-6.513,0,0.452,208.55,1.0,0.31069,137.938,4.0,1.0,0,2005,electronic pig,0
0.489360047,0.362113478,AR0NKFJ1187B9AF1FF,51.77045,0,0.64255,Neil Innes,0.0,pop rock,1.0,27782,0,0.0,0.0,0.892,0.48442,0.892,0.48442,222.87628,0.444,-1.0,SOOFJAI12A6D4F6F24,2.0,0.611,-9.85,1,0.504,215.203,0.181,0.48442,140.069,1.0,0.0,0,1995,neil innes,0
0.788485246,0.470107802,ARLNY561187B9B0355,0.0,0,0.0,Noisettes,0.0,soundtrack,0.9476098,483892,0,0.0,0.0,0.016,0.38709,0.713,0.38709,218.46159,0.0,-1.0,SOMHGDS12AB017F0E2,3.0,0.573,-3.936,0,0.502,214.639,0.42,0.17965,145.1,4.0,0.705,0,2009,noisettes,0
0.573527313,0.368506753,ARDINVM1187B98A6C1,48.69173,0,2.29005,Marc Lavoine,0.0,chanson,1.0,299148,0,0.0,1.0,0.062,1.06268,1.0,0.2253,190.6673,0.372,-1.0,SOQJLAI12A8C13BF33,4.0,0.795,-13.354,1,0.723,183.24,0.566,0.2253,140.424,4.0,0.657,0,1995,marc lavoine,0
0.37248425,0.358893493,ARHNL9K1187FB5730C,0.0,0,0.0,Stephy Tang,0.0,cantonese pop,1.0,33940,0,0.0,1.0,0.6,0.2258,0.6,0.2258,205.06077,0.606,-1.0,SOVCYMJ12A6D4F7726,0.0,0.479,-9.151,1,0.598,194.868,0.617,0.2258,148.252,1.0,0.0,0,2006,stephy tang,0
0.698532477,0.509456001,ARW2U4O1187FB4408B,0.0,0,0.0,Andrew W.K.,0.0,alternative metal,0.960145076,337565,0,0.0,0.0,0.24,0.46201,0.469,0.14707,240.40444,0.0,0.635417856,SOIGEWM12AB0184077,4.0,0.209,-4.008,1,0.296,237.946,0.296,0.14707,191.144,4.0,0.474,0,2003,andrew w.k.,0
0.803619262,0.531213287,ARFSPOV1187B9B2363,0.0,0,0.0,Basement Jaxx,0.0,progressive house,0.999984291,344654,0,0.0,4.0,0.121,0.34847,1.0,0.34847,161.85424,0.322,0.595478748,SOAHYMX12AB0182021,7.0,0.057,-4.665,1,0.373,149.537,0.395,0.04135,130.862,7.0,1.0,0,2001,basement jaxx,0
0.791465542,0.477889304,ARRJ3UC1187FB579D7,0.0,0,0.0,Wyclef Jean,0.0,hip hop,1.0,280392,0,0.0,1.0,0.568,0.21596,0.593,0.21596,287.50322,0.0,-1.0,SOBGPAH12A58A78C55,6.0,0.945,-6.748,1,0.574,253.376,0.634,0.21596,85.964,4.0,0.845,0,2007,wyclef jean,0
0.641354081,0.384230563,ARMG34A1187FB548A8,30.08374,0,31.25536,Thomas Dolby,0.0,pop rock,0.94013854,815,0,0.0,1.0,0.147,0.14195,0.548,0.14195,328.72444,3.918,0.647454211,SORXYBE12A6310E27A,11.0,0.192,-17.428,0,0.272,300.327,0.326,0.14195,88.928,4.0,0.685,0,1984,thomas dolby,0
0.594866646,0.382846902,ARE36MM1187B991E50,31.1689,0,-100.07715,Blind Lemon Jefferson,0.0,country blues,0.950349624,579914,0,0.0,1.0,0.061,0.54532,0.061,0.54532,201.79546,0.0,-1.0,SOFOWNK12AB018C539,10.0,0.652,-28.197,1,0.564,191.269,0.0,0.24407,106.798,1.0,0.086,0,2007,blind lemon jefferson,0
0.681090692,0.488536125,ARN2ZKL1187FB3972B,37.16793,0,-95.84502,The Distillers,0.0,grunge,0.980946877,205356,0,0.0,0.0,0.046,1.10874,0.881,0.38608,152.68526,0.328,0.767074842,SONWRPE12A58A7B042,3.0,0.252,-4.048,1,0.082,152.685,0.318,0.19895,162.727,4.0,0.336,0,2000,the distillers,0
0.566329185,0.382549929,AR8AVU31187FB42175,0.0,0,0.0,The Robert Cray Band,0.0,blues-rock,0.885830835,216494,0,0.0,1.0,0.023,1.05262,0.937,0.10579,173.322,0.206,0.671108561,SOYACRZ12A6D4FA356,1.0,0.385,-7.933,0,0.485,163.985,0.88,0.10579,127.373,4.0,0.0,0,1983,the robert cray band,0
0.540881349,0.386630837,ARJRQL51187FB541AB,0.0,0,0.0,Juan Carlos Baglietto,0.0,tango,1.0,149708,0,0.0,0.0,0.03,1.2284,0.962,0.32221,205.84444,0.299,0.0,SOXZRXO12A8C134918,7.0,0.779,-11.54,1,0.888,191.321,0.623,0.09223,131.724,4.0,0.0,0,1986,juan carlos baglietto,0
0.595996629,0.359075218,ARGR7431187FB3F3FB,48.88314,0,2.62879,Jacques Higelin,0.0,chanson,1.0,624360,0,0.0,1.0,0.584,0.06398,0.584,0.06398,163.05587,0.351,-1.0,SOBMUYO12AB0183BAC,9.0,0.39,-10.829,0,0.494,146.907,0.348,0.06398,120.203,1.0,0.0,0,1973,jacques higelin,0
0.545866609,0.375362434,ARH0Z131187B9B69E9,40.8079,0,-73.9454,Kool Moe Dee,0.0,hip hop,1.0,453478,0,0.0,1.0,0.061,1.11539,0.592,0.53581,336.43057,0.141,-1.0,SOLZRNM12AB0182048,6.0,0.579,-7.0,1,0.608,334.251,0.52,0.24674,104.171,4.0,1.0,0,1987,kool moe dee,0
0.539111561,0.349139602,ARE13NK1187FB4CF92,51.50632,0,-0.12714,Alternative TV,0.0,experimental rock,1.0,611763,0,0.0,1.0,0.452,1.924,0.439,1.4789,237.08689,5.439,-1.0,SOHERCW12A8C14292A,2.0,0.006,-13.846,0,0.411,230.359,0.186,1.26077,136.964,4.0,0.664,0,1994,alternative tv,0
0.552053803,0.341376268,AREB22L1187B9A4BCE,0.0,0,0.0,Bad Azz,0.0,gangster rap,1.0,22465,0,0.0,0.0,0.03,4.48772,1.0,0.29779,211.30404,0.156,0.0,SOWLRCG12A6D4F7D25,10.0,0.004,-5.108,1,0.231,201.015,0.0,0.29779,86.979,4.0,0.82,0,1998,bad azz,0
0.453600539,0.350803574,ARN4IYF1187FB49D76,0.0,0,0.0,Pagan Wanderer Lu,0.0,indietronica,0.902796636,383455,0,0.0,0.0,0.047,0.51326,0.824,0.06145,346.25261,0.0,-1.0,SOETFHY12AAF3B3FD4,7.0,0.72,-7.523,1,0.718,321.596,0.555,0.06145,134.909,3.0,0.817,0,2006,pagan wanderer lu,0
0.407044806,0.29040509,AR0FQ071187B9ACEC0,0.0,0,0.0,Eduardo Dusek,0.0,brazilian pop music,0.999026877,382369,0,0.0,0.0,0.111,0.67207,0.881,0.10583,160.7571,0.351,0.474496576,SOXIDBV12AAF3B3B76,2.0,0.523,-7.667,1,0.503,153.136,0.879,0.10583,111.802,3.0,1.0,0,2000,eduardo dusek,0
0.497254193,0.425768884,ARMGO941187FB3B52A,0.0,0,0.0,Hi-Tack,0.0,progressive house,0.877889119,166718,0,0.0,1.0,0.015,0.74603,1.0,0.28024,345.96526,0.229,0.323112121,SOBKSMX12A6D4F9750,7.0,0.395,-7.908,1,0.532,334.588,1.0,0.28024,129.146,4.0,0.0,0,2006,hi-tack,0
0.410145992,0.310309149,AROQ9OT1187B99E88D,0.0,0,0.0,KA(c)kA(c)lA(c),0.0,soukous,1.0,259754,0,0.0,1.0,0.015,1.59365,0.826,0.17751,264.12363,0.276,0.334706549,SOLDBZO12A8C13D2A5,9.0,0.62,-6.112,1,0.661,257.451,0.665,0.17751,139.243,5.0,1.0,0,2001,ka(c)ka(c)la(c),0
0.445854631,0.347598889,ARVQ4QM1187B98AD95,33.52029,0,-86.8115,Hank Penny,0.0,western swing,1.0,559001,0,0.0,0.0,0.047,0.54135,0.804,0.54135,170.47465,0.0,-1.0,SOXXYXY12AB01851E5,1.0,0.142,-12.361,0,0.236,166.522,0.659,0.28756,117.726,4.0,0.852,0,2008,hank penny,0
0.494911483,0.307188709,AR1WLWQ1187B989B85,0.0,0,0.0,Dealership,0.0,indie rock,1.0,484720,0,0.0,0.0,0.328,0.93637,0.872,0.93637,103.52281,0.0,0.355139302,SOFPYWI12AB017E7C0,10.0,0.691,-7.403,1,0.555,91.696,0.61,0.93637,107.002,4.0,0.518,0,2004,dealership,0
0.88792045,0.647224724,ARN5NHX1187FB4F755,41.88415,0,-87.63241,The Smashing Pumpkins,0.0,alternative rock,0.999975647,10147,0,0.0,2.0,0.258,0.13269,0.619,0.13269,246.93506,0.202,0.713749944,SOARXSQ12A67020F78,0.0,1.0,-11.253,1,0.62,239.409,0.341,0.13269,115.938,3.0,0.733,0,1993,the smashing pumpkins,0
0.593972953,0.510324986,ARIWB161187B9AA1D5,0.0,0,0.0,Simon & Garfunkel,0.0,folk-pop,0.946117754,316046,0,0.0,2.0,0.467,0.65022,1.0,0.31236,138.70975,0.073,-1.0,SODTEMK12AF72A7210,2.0,0.97,-10.222,1,0.621,131.628,0.386,0.14509,181.41,4.0,0.008,0,1966,simon & garfunkel,0
0.611771113,0.402054897,ARA8O8L1187B9AD61D,30.79062,0,-89.8643,Professor Longhair,0.0,louisiana blues,0.957135026,782647,0,0.0,0.0,0.046,0.09007,1.0,0.09007,127.37261,0.0,0.427446572,SONDTMH12AC468965E,3.0,0.773,-7.992,1,0.749,124.709,1.0,0.09007,164.648,4.0,1.0,0,1993,professor longhair,0
0.435448191,0.29168584,AR3CLBX1187FB5A307,0.0,0,0.0,Richi M.,0.0,hard trance,0.859670636,521002,0,0.0,0.0,0.104,0.55905,1.0,0.11664,590.00118,0.317,-1.0,SOYXCOI12A8C1421AB,1.0,0.16,-8.729,1,0.229,585.886,0.566,0.11664,136.826,4.0,0.495,0,1998,richi m.,0
0.714201447,0.496123346,ARJVTRE1187B9959C0,40.71455,0,-74.00712,Foghat,0.0,blues-rock,0.946598075,62348,0,0.0,0.0,0.022,1.27508,0.897,0.95604,235.75465,0.894,-1.0,SOIYMOP12A6D4FB02E,9.0,0.547,-6.961,1,0.555,214.918,0.445,0.95604,187.314,4.0,0.0,0,1983,foghat,0
0.51644378,0.386669092,ARF4V431187FB3AA41,27.94653,0,-82.45927,Slim Whitman,0.0,folk-pop,1.0,301587,0,0.0,0.0,0.033,1.19468,0.196,0.62564,152.42404,0.0,-1.0,SOHVBFS12A8C13E159,0.0,0.359,-11.271,1,0.506,144.782,0.413,0.34182,106.637,3.0,0.371,0,1993,slim whitman,0
0.450779113,0.324672497,ARHMZAR1187B9B077C,0.0,0,0.0,Brian Auger's Oblivion Express,0.0,jazz fusion,0.892807802,466626,0,0.0,1.0,0.002,2.61727,0.796,1.46234,360.30649,0.0,0.375984302,SOZGJIY12AB0186634,0.0,0.03,-12.601,1,0.384,348.27,0.741,1.31812,107.053,4.0,0.813,0,1999,brian auger's oblivion express,0
0.772172543,0.487406995,AR6G6G01187B9B1637,0.0,0,0.0,Unearth,0.0,post-hardcore,1.0,560455,0,0.0,0.0,0.077,0.66682,0.0,0.66682,197.25016,0.0,0.646042271,SOIIXNV12AB018265A,7.0,0.76,-5.071,1,0.676,192.575,0.0,0.2209,77.399,4.0,0.415,0,2008,unearth,0
0.642355325,0.370346773,AROCP781187B98E2A3,49.38426,0,-84.75627,Tim Hughes,0.0,modern rock,0.920092904,405251,0,0.0,0.0,0.258,0.65958,0.587,0.24176,268.2771,0.0,0.699867743,SORMVVP12AB017B071,0.0,0.701,-7.205,1,0.273,268.277,0.438,0.24176,145.962,4.0,1.0,0,2007,tim hughes,0
0.682320611,0.433126588,ARHP6H31187FB4A38C,27.9758,0,-81.54106,DJ Icey,0.0,breakbeat,1.0,725532,0,0.0,0.0,0.001,1.26301,1.0,0.36286,325.98159,0.34,-1.0,SOCZBGK12AB0187C35,11.0,0.062,-6.705,1,0.309,325.982,1.0,0.13731,132.986,4.0,0.333,0,2003,dj icey,0
0.415784608,0.307902094,ARDQO721187FB3C6D9,0.0,0,0.0,Rodney O & Joe Cooley,0.0,miami bass,0.931449931,662089,0,0.0,0.0,0.091,1.05226,0.225,1.05226,346.22649,2.264,0.386790177,SOZMMFV12AB0183F74,6.0,0.634,-13.262,0,0.586,322.74,0.811,0.81749,118.933,4.0,1.0,0,1995,rodney o & joe cooley,0
0.807779928,0.486825414,ARR6MOS1187B994C51,0.0,0,0.0,Mando Diao,0.0,blues-rock,0.999750079,153947,0,0.0,1.0,0.237,0.60058,0.0,0.60058,182.282,0.0,0.644220078,SOYDZUT12A8C13677D,9.0,0.384,-4.8,1,0.467,174.022,0.781,0.37515,150.276,4.0,0.719,0,2004,mando diao,0
0.561464646,0.423527585,ARNITNO1187FB555D3,22.81751,0,-82.7603,Arturo Sandoval,0.0,latin jazz,1.0,55215,0,0.0,0.0,0.0,0.18007,0.0,0.18007,315.48036,2.374,0.407901717,SOPRCGJ12A58A80410,5.0,0.169,-11.105,0,0.308,303.705,0.153,0.18007,200.42,1.0,0.157,0,1995,arturo sandoval,0
0.548458856,0.0,ARPYTUA1257509E91A,0.0,0,0.0,Sirka Ragnar,0.0,indietronica,0.951103843,657176,0,0.0,0.0,0.041,1.10132,0.472,0.34935,177.94567,0.0,0.411622152,SOWFZZY12A8C142E99,7.0,0.713,-5.076,0,0.571,177.946,0.308,0.15738,160.03,4.0,0.635,0,2007,sirka ragnar,0
0.772230439,0.511576783,ARJGQJD1187B997A00,0.0,0,0.0,It Dies Today,0.0,post-hardcore,1.0,479604,0,0.0,0.0,0.103,0.63956,0.58,0.26489,184.24118,3.448,0.708486719,SOIARWN12AF72A5A63,6.0,0.615,-3.337,0,0.657,180.297,0.354,0.07708,160.126,4.0,0.122,0,2007,it dies today,0
0.508124534,0.360425107,ARSZVAK1187FB4A9F0,0.0,0,0.0,Richie Ray & Bobby Cruz,0.0,salsa,1.0,185809,0,0.0,0.0,1.0,3.87531,0.0,3.87531,209.162,0.0,-1.0,SOWWQST12A8AE4675B,7.0,0.069,-2.348,1,0.417,205.845,0.08,3.52226,109.505,4.0,0.575,0,2005,richie ray & bobby cruz,0
0.734630318,0.495523045,ARF3FBD1187FB40B90,0.0,0,0.0,Little Brother,0.0,hip hop,1.0,782602,0,0.0,0.0,0.198,1.19355,0.558,0.19785,245.28934,0.0,0.67533421,SOSOEOS12AC468911E,11.0,0.542,-7.534,0,0.55,242.399,0.679,0.19785,100.415,4.0,1.0,0,2010,little brother,0
0.620501925,0.301847095,AR8U8G41187B9A833B,0.0,0,0.0,Tim Exile,0.0,breakcore,1.0,532011,0,0.0,1.0,0.194,0.3248,0.855,0.3248,305.55383,0.0,0.55000836,SOBNYPF12AB0179B22,10.0,0.255,-6.628,0,0.285,293.03,0.556,0.06471,116.795,4.0,0.772,0,2009,tim exile,0
0.468250912,0.410841587,ARSWXNX1187FB3D04E,-37.0907,0,-63.58481,Chango Spasiuk,0.0,polka,0.990682357,142324,0,0.0,1.0,0.765,0.64672,0.765,0.64672,36.20526,0.206,0.249065795,SOVJSWO12A8C13426D,5.0,0.093,-19.65,1,0.343,36.205,0.942,0.27469,84.212,1.0,0.904,0,1998,chango spasiuk,0
0.50677633,0.427797719,ARH24021187FB4DEA1,51.42721,0,7.66379,Black Messiah,0.0,viking metal,1.0,519476,0,0.0,0.0,0.053,0.51505,0.364,0.03761,488.41098,0.0,0.597108796,SOZUCVS12AB0182119,2.0,0.283,-5.461,1,0.258,480.885,0.913,0.03761,124.037,4.0,0.497,0,2009,black messiah,0
0.601069052,0.359185993,ARSPQ0H1187B999944,54.97938,0,-1.54508,Eric Burdon,0.0,blues-rock,0.964911753,468698,0,0.0,1.0,0.018,1.06435,0.408,0.24294,232.64608,0.206,0.360370583,SODICKC12AB0186806,2.0,0.92,-7.111,0,0.847,227.817,0.854,0.03744,145.858,4.0,0.745,0,2004,eric burdon,0
0.588278826,0.403602008,ARXHWL31187FB476F4,0.0,0,0.0,unloco,0.0,alternative metal,1.0,176415,0,0.0,0.0,0.007,1.03828,0.414,0.27044,205.73995,0.0,0.721572661,SOJLUXH12A6D4FD0CE,6.0,0.492,-5.673,1,0.566,182.364,0.685,0.07308,155.793,4.0,0.924,0,2001,unloco,0
0.570016703,0.393762699,ARYBUAO1187FB3F4EB,41.88415,0,-87.63241,Gene Chandler,0.0,chicago soul,1.0,176894,0,0.0,1.0,0.263,1.83296,0.696,0.52495,148.11383,0.439,0.255872668,SOQMDHI12A6D4F98DC,5.0,0.47,-15.631,1,0.545,138.484,0.342,0.52495,92.293,3.0,1.0,0,1994,gene chandler,0
0.853725857,0.548221892,ARA1UU51187FB5A70B,0.0,0,0.0,The Misfits,0.0,horror punk,0.920888891,111988,0,0.0,2.0,1.0,0.62675,1.0,0.62675,133.27628,0.195,0.737927652,SOIOCUC12A8C13EDAA,2.0,0.293,-9.742,1,0.368,129.968,0.869,0.26189,83.953,1.0,0.0,0,1981,the misfits,0
0.632367594,0.384327716,ARA7WV51187FB532B0,44.48721,0,-71.56889,GG Allin,0.0,shock rock,0.847691268,259464,0,0.0,1.0,0.812,0.43376,0.812,0.43376,143.59465,0.363,0.38293509,SOPDUIV12A8C1367B5,10.0,0.502,-12.186,0,0.429,133.834,0.322,0.21142,140.97,1.0,0.371,0,1999,gg allin,0
0.553176509,0.380809326,AR1XUYS1187B9A44D7,0.0,0,0.0,Natalie MacMaster,0.0,irish folk,1.0,768457,0,0.0,1.0,0.292,1.37796,0.419,0.82458,175.49016,0.38,0.427446572,SOZIIHW12AB0189AFA,2.0,0.687,-10.359,1,0.737,165.976,0.297,0.44985,109.097,3.0,0.0,0,1999,natalie macmaster,0
0.698291624,0.453850265,ARSQDUN1187B98D7D7,0.0,0,0.0,EPMD,0.0,hip hop,1.0,422255,0,0.0,1.0,0.576,0.16791,0.576,0.16791,181.39383,0.363,-1.0,SOKZNMZ12A6D4F7D44,7.0,0.437,-11.199,0,0.516,160.073,0.288,0.16791,122.838,1.0,0.87,0,1989,epmd,0
0.737001277,0.504964406,ARXPDRB1187B9AD0B1,41.88415,0,-87.63241,Patti Smith,0.0,rock,1.0,296950,0,0.0,1.0,0.02,0.14806,1.0,0.14806,283.19302,0.085,0.680554011,SOMHYKZ12B34F1F013,2.0,0.096,-8.342,0,0.544,274.321,1.0,0.14806,97.147,4.0,0.632,0,2000,patti smith,0
0.708439814,0.623970266,ARIFGKC1187B9B04D5,0.0,0,0.0,Dean Martin,0.0,vocal,0.80351834,666515,0,0.0,1.0,0.118,11.51276,1.0,0.52289,134.94812,0.311,-1.0,SOLTLEZ12AB01886B3,5.0,0.422,-13.296,0,0.44,130.392,0.75,0.52289,63.16,3.0,0.772,0,1997,dean martin,0
0.813013089,0.548533655,ARXDQJB1187FB57154,51.50632,0,-0.12714,Faithless,0.0,progressive house,0.999956736,307773,0,0.0,3.0,0.274,0.96272,0.593,0.5022,275.12118,0.0,-1.0,SOGBZFX12A8C13C9BA,0.0,0.515,-7.852,1,0.431,275.121,0.53,0.27589,130.002,4.0,0.0,0,1998,faithless,0
0.760636112,0.54724366,ARRDRI71187FB46EAA,40.65507,0,-73.94888,Grizzly Bear,0.0,folk-pop,1.0,532679,0,0.0,1.0,0.008,0.72449,0.662,0.72449,351.50322,0.299,-1.0,SOLLOTO12AB01804C6,9.0,0.11,-14.372,1,0.012,344.59,0.475,0.18653,85.003,4.0,0.675,0,2008,grizzly bear,0
0.724813068,0.477178834,ARH9GD41187FB37E0F,0.0,0,0.0,Stephen Marley / Damian Marley,0.0,roots reggae,0.905439168,485654,0,0.0,1.0,0.143,0.67298,0.622,0.16051,273.89342,0.0,0.407233015,SONQXNP12AB017F81B,9.0,0.483,-7.842,0,0.573,262.786,1.0,0.16051,115.823,4.0,0.607,0,2008,stephen marley / damian marley,0
0.720823972,0.437464554,AR9JNFU1187B9B9868,0.0,0,0.0,Gal Costa,0.0,brazilian pop music,1.0,706684,0,0.0,1.0,0.014,1.38429,0.654,0.58331,252.02893,0.345,0.360370583,SOJCZUF12AB018A68B,9.0,0.88,-17.225,1,0.56,237.215,0.478,0.38636,149.039,4.0,0.429,0,1977,gal costa,0
0.481703586,0.342626791,AR9HABI1187FB3ACAA,0.0,0,0.0,Red Foley,0.0,country gospel,1.0,651071,0,0.0,0.0,0.838,2.1779,0.666,0.56592,192.80934,0.491,-1.0,SOSBXRW12AB01857E0,4.0,0.195,-10.697,0,0.274,189.98,0.566,0.18542,38.443,4.0,0.0,0,1936,red foley,0
0.494282102,0.383818662,ARIP54S1187FB53259,0.0,0,0.0,Jaime Urrutia,0.0,rockabilly,0.964477163,18642,0,0.0,0.0,0.439,0.329,0.0,0.329,278.96118,1.088,0.215080319,SOFQJNR12A67ADE64E,8.0,0.0,-5.688,1,0.0,260.836,0.523,0.08191,120.464,4.0,0.651,0,2005,jaime urrutia,0
0.899934952,0.675887011,ARH6W4X1187B99274F,0.0,0,0.0,Radiohead,0.0,british pop,0.99997276,1036,0,0.0,5.0,0.013,0.71578,0.051,0.32532,214.7522,0.0,0.699770063,SOPGXXV12AB0183709,7.0,0.523,-18.146,1,0.653,207.163,0.051,0.32532,153.08,4.0,0.765,0,1995,radiohead,0
0.557875168,0.359324727,AREENKN1187B98F35D,40.71455,0,-74.00712,Plasmatics,0.0,trip hop,0.885545496,106026,0,0.0,1.0,0.304,0.39477,0.899,0.39477,230.66077,0.363,0.494489518,SOGUVEM12A58A7E90C,2.0,0.413,-11.425,1,0.509,223.37,0.355,0.13768,113.11,4.0,0.539,0,1979,plasmatics,0
0.500848692,0.324624482,ARTVBNL1187FB52DF3,-14.24292,0,-54.38783,Grupo Batuque,0.0,future jazz,1.0,333759,0,0.0,0.0,0.0,0.0,0.0,0.0,270.39302,0.0,-1.0,SOKDDJT12AB017C4B7,1.0,0.521,-4.411,1,0.378,270.393,0.0,0.0,0.0,7.0,0.745,0,1998,grupo batuque,0
0.516258258,0.387561697,ARY7DVZ1187FB58433,0.0,0,0.0,The Monroes,0.0,new romantic,0.857926963,288111,0,0.0,1.0,0.042,0.19748,1.0,0.19748,219.61098,2.101,0.0,SOZPRDS12A8C134E2E,4.0,0.655,-4.07,0,0.584,208.515,0.861,0.19748,132.369,4.0,0.206,0,1983,the monroes,0
0.550752435,0.376048749,ARCH7RE1187FB5B1B9,30.22032,0,-92.01705,Red Stick Ramblers,0.0,los angeles,0.798017823,431228,0,0.0,1.0,0.924,0.57251,0.924,0.57251,194.0371,0.182,0.0,SOCGTRV12AAA15DE67,2.0,0.773,-9.265,1,0.743,187.135,0.938,0.28503,101.235,1.0,0.0,0,2000,red stick ramblers,0
0.652801355,0.443098947,ARYG6CU1187FB3852B,0.0,0,0.0,Milk Inc.,0.0,dance pop,0.981028008,31528,0,0.0,0.0,0.009,0.77175,1.0,0.33654,430.65424,0.242,0.215080319,SOMYPEW12A6D4F6C04,0.0,0.794,-10.674,1,0.301,425.372,0.964,0.12215,140.023,4.0,0.129,0,1999,milk inc.,0
0.628560156,0.292968171,AREV0ZO1187B997221,32.77815,0,-96.7954,Doyle Bramhall,0.0,blues-rock,0.976688168,539725,0,0.0,0.0,0.056,1.41196,0.84,0.26059,252.36853,0.16,0.0,SOLCSRR12AB017E36E,2.0,0.592,-7.194,1,0.442,247.49,0.581,0.26059,89.922,3.0,0.185,0,2007,doyle bramhall,0
0.822316236,0.508813195,ARTE9CG1187B99B1AF,0.0,0,0.0,DMX / Dyme,0.0,hip hop,1.0,8504,0,0.0,1.0,0.695,1.70647,0.672,0.42977,233.40363,0.0,0.515963631,SOGIFFP12A6701BF53,2.0,0.207,-4.422,1,0.186,220.659,0.623,0.2043,119.579,4.0,1.0,0,1999,dmx / dyme,0
0.620717403,0.46615828,ARJMUEZ1187B98D16E,0.0,0,0.0,Danger Danger,0.0,glam metal,0.943232351,282891,0,0.0,0.0,0.099,0.75023,0.992,0.3838,292.85832,0.09,0.772906696,SOIIQRB12A8C1349E9,4.0,0.57,-7.866,1,0.541,271.139,0.542,0.20059,164.171,4.0,0.873,0,1989,danger danger,0
0.865021512,0.916053228,ARJ7KF01187B98D717,0.0,0,0.0,Coldplay,0.0,piano rock,0.91162502,555120,0,0.0,3.0,0.007,1.03291,0.913,1.03291,139.12771,2.247,0.781932171,SOUCKDH12A8C138FF5,0.0,0.428,-8.501,1,0.445,130.026,0.218,1.03291,122.291,4.0,1.0,0,1999,coldplay,0
0.909324834,0.677087547,ARRBF3M1187FB4D59F,0.0,0,0.0,30 Seconds To Mars,0.0,rock,1.0,16369,0,0.0,1.0,0.161,1.6712,0.392,0.53987,234.73587,0.073,0.792042603,SONIIAC12A67AD84E5,10.0,0.226,-10.807,1,0.159,215.708,0.595,0.16527,106.525,3.0,1.0,0,2005,30 seconds to mars,0
0.688146052,0.518371606,ARWZSFC1187FB567BF,40.65507,0,-73.94888,Eddie Money,0.0,pop rock,1.0,283993,0,0.0,0.0,0.013,0.60272,0.981,0.09092,213.68118,0.0,0.278426361,SOTFKBC12A8C13189D,0.0,0.822,-10.633,1,0.588,202.089,0.988,0.09092,120.581,4.0,0.708,0,1983,eddie money,0
0.744734767,0.565045659,AR8BUVM1187FB4D94D,0.0,0,0.0,Belle and Sebastian,0.0,indie pop,0.993781355,569858,0,0.0,1.0,0.206,0.46009,0.206,0.46009,250.69669,0.136,-1.0,SOBWVGX12AB017BD87,1.0,0.336,-10.504,0,0.472,242.231,0.457,0.07216,104.494,1.0,0.32,0,1996,belle and sebastian,0
0.857319901,0.717209855,AR6PJ8R1187FB5AD70,0.0,0,0.0,Shakira,0.0,dance pop,1.0,399217,0,0.0,1.0,0.086,3.48164,0.277,0.71999,409.99138,0.0,-1.0,SONMMXM12CF530E58E,6.0,0.117,-7.936,0,0.312,401.125,0.271,0.2599,87.054,5.0,1.0,0,1998,shakira,0
0.345612725,0.267359775,AR97HAK1187B99C7D2,0.0,0,0.0,The Harvey Averne Dozen,0.0,boogaloo,1.0,570420,0,0.0,0.0,0.334,0.6514,0.334,0.6514,166.81751,2.148,-1.0,SOZLBPC12AB0183CEF,10.0,0.172,-15.489,1,0.113,157.6,0.462,0.6514,92.082,1.0,0.275,0,1967,the harvey averne dozen,0
0.911599657,0.57237398,ARG9CID1187B9AB010,40.85251,0,-73.13585,Taking Back Sunday,0.0,post-hardcore,0.918054746,31744,0,0.0,1.0,0.015,1.14652,0.454,0.51476,219.79383,0.0,0.84930612,SOBJCMO12A6D4F756F,11.0,0.456,-4.164,1,0.458,208.701,0.565,0.20215,95.254,4.0,0.268,0,2006,taking back sunday,0
0.775797363,0.60118606,AR13CXU1187B9AD30A,51.52328,0,-0.21346,The Clash,0.0,new wave,0.951904981,278800,0,0.0,2.0,0.021,0.8018,0.964,0.30389,308.50567,0.258,0.60022064,SOCUBIC12A8AE45AF0,9.0,0.307,-5.49,1,0.395,288.897,0.827,0.05616,120.223,4.0,0.465,0,1980,the clash,0
0.479755041,0.34054408,ARNARI81187FB3C9A7,0.0,0,0.0,Flora Purim,0.0,latin jazz,0.94893525,275330,0,0.0,0.0,0.342,1.35762,0.207,0.44369,222.9024,0.253,0.334706549,SOPQQMH12A81C2177E,4.0,0.349,-20.831,1,0.416,208.242,0.207,0.44369,136.234,3.0,0.549,0,1994,flora purim,0
0.766826206,0.549445961,AR2H1J41187FB5C640,0.0,0,0.0,Danny Elfman,0.0,soundtrack,1.0,143958,0,0.0,2.0,0.03,3.32349,0.657,0.49568,269.7922,0.433,-1.0,SOEJUVY12A8C135C4A,3.0,0.324,-14.107,0,0.473,264.272,0.944,0.26016,85.807,5.0,1.0,0,2007,danny elfman,0
0.84219335,0.550422825,AR1OBRC1187FB59AD4,0.0,0,0.0,Behemoth,0.0,black metal,0.999934256,116947,0,0.0,2.0,0.338,2.2583,0.63,0.1688,229.40689,0.125,-1.0,SOSVBAP12A58A7ABC2,1.0,0.657,-5.117,1,0.478,225.605,0.435,0.1688,118.817,5.0,0.8,0,2002,behemoth,0
0.597113363,0.376556981,AR82GTS1187FB5662F,53.41961,0,-8.24055,Mary Black,0.0,country rock,0.950485156,218508,0,0.0,1.0,0.006,0.19903,0.882,0.19903,283.61098,0.0,0.599710296,SONLXKV12A8C13CD49,10.0,0.587,-11.691,1,0.553,272.225,0.642,0.19903,116.673,4.0,0.713,0,1987,mary black,0
0.632130913,0.472281211,ARO0QD41187FB3AB0A,34.05349,0,-118.24532,Keb' Mo',0.0,blues,1.0,283805,0,0.0,1.0,0.501,1.39715,0.397,0.71555,242.80771,0.0,0.48456253,SORBWQW12A8C130C25,7.0,0.678,-16.239,1,0.849,233.837,0.0,0.71555,86.631,3.0,1.0,0,2001,keb' mo',0
0.574825321,0.36670462,ARIYZFT1187FB5393E,0.0,0,0.0,Mart'nA!lia,0.0,samba,1.0,224632,0,0.0,0.0,0.688,0.07112,0.688,0.07112,157.07383,0.0,0.598688453,SOMIVSA12A8C1419AA,7.0,0.115,-9.602,1,0.277,157.074,0.552,0.07112,144.548,1.0,0.0,0,2006,mart'na!lia,0
0.652653584,0.40841995,ARVMGEJ1187B98E672,0.0,0,0.0,Opiate For The Masses,0.0,post-grunge,0.971390665,739767,0,0.0,0.0,0.439,1.31247,0.557,0.59564,233.11628,0.334,-1.0,SOQPFPI12AF72AC7F4,9.0,0.555,-3.3,1,0.548,233.116,0.566,0.12402,80.006,3.0,1.0,0,2008,opiate for the masses,0
0.709967526,0.514513277,ARLWEID1187B98DE3C,0.0,0,0.0,Quincy Jones,0.0,bossa nova,0.948415703,168502,0,0.0,1.0,0.476,0.19847,0.476,0.19847,204.82567,0.351,-1.0,SOSRXYE12A8C13E41A,11.0,0.631,-12.328,0,0.712,197.062,0.274,0.19847,109.86,1.0,0.644,0,1988,quincy jones,0
0.659139477,0.413261378,AR4R0741187FB39AF2,51.50632,0,-0.12714,Bow Wow Wow,0.0,dance rock,0.996405833,27646,0,0.0,1.0,0.0,0.16931,0.0,0.16931,182.9873,0.485,-1.0,SOAXRPH12A6D4F802D,10.0,0.01,-10.137,0,0.108,177.366,0.333,0.03749,231.725,1.0,0.663,0,2003,bow wow wow,0
0.561272323,0.377852557,AR5IHI31187B998618,0.0,0,0.0,Pascal Obispo,0.0,europop,0.986950277,280475,0,0.0,2.0,0.054,1.4114,0.897,0.47474,246.56934,2.543,0.340922756,SOCLLWU12A8AE47C66,6.0,0.435,-8.909,0,0.241,238.016,0.124,0.47474,130.057,4.0,0.177,0,2006,pascal obispo,0
0.529788041,0.42011418,ARI0AB01187B9B7D94,0.0,0,0.0,Les Brown,0.0,blues-rock,0.906569782,435561,0,0.0,0.0,1.0,0.2155,1.0,0.2155,172.87791,0.131,-1.0,SONLFOB12AB017C555,1.0,0.214,-14.319,0,0.434,165.094,1.0,0.2155,86.441,1.0,0.0,0,2007,les brown,0
0.775494508,0.54260187,ARZYPLF1187FB45B9B,34.05349,0,-118.24532,Rooney,0.0,power pop,0.999631549,130585,0,0.0,0.0,0.005,0.53591,0.657,0.53591,171.93751,0.0,0.515963631,SOKJZRV12A6D4FBEF7,11.0,0.411,-3.324,0,0.506,162.093,0.63,0.20377,119.406,4.0,0.65,0,2007,rooney,0
0.501662611,0.423580359,ARRIIUT12131B4B784,0.0,0,0.0,8Ball & MJG,0.0,dirty south rap,1.0,65640,0,0.0,0.0,0.048,0.9104,0.461,0.21036,236.93016,0.0,0.0,SOKVJQB12A6D4FD0CE,1.0,0.382,-5.674,1,0.352,223.538,0.613,0.03535,170.046,4.0,0.979,0,2007,8ball & mjg,0
0.590804514,0.419100413,AR342K51187B98B571,0.0,0,0.0,Timothy Byram-Wigfield,0.0,religious music,1.0,533692,0,0.0,2.0,0.681,2.15993,0.361,1.05694,473.46893,0.904,-1.0,SOSXIUD12AB017FBB6,0.0,0.465,-32.934,1,0.464,463.453,0.361,1.05694,112.238,3.0,0.46,0,2002,timothy byram-wigfield,0
0.915823253,0.665576619,ARBEOHF1187B9B044D,0.0,0,0.0,Madonna,0.0,dance pop,1.0,8801,0,0.0,3.0,0.591,1.60415,0.451,0.67792,248.55465,2.485,-1.0,SOCYUZL12A6701FA23,7.0,0.057,-13.603,1,0.237,243.061,0.29,0.41727,111.958,4.0,1.0,0,1994,madonna,0
0.643544997,0.670106173,ARVNGA71187FB3C107,0.0,0,0.0,Faith Hill,0.0,country,1.0,322647,0,0.0,1.0,0.0,27.75173,0.623,0.58385,189.67465,0.148,0.637148191,SOBVERW12AAF3B56C0,6.0,0.306,-16.402,1,0.68,181.04,0.328,0.26021,37.656,4.0,0.0,0,2008,faith hill,0
0.814829656,0.735765693,ARFCUN31187B9AD578,51.50632,0,-0.12714,The Rolling Stones,0.0,blues,0.999983058,347282,0,0.0,4.0,0.0,0.31916,0.0,0.31916,116.92363,0.0,-1.0,SOIJYGX12AB0185610,2.0,0.45,-6.999,1,0.211,116.924,0.2,0.31916,173.845,1.0,0.0,0,1963,the rolling stones,0
0.61828473,0.414275682,ARDDWUI1187FB379F7,60.17116,0,24.93258,Amoral,0.0,death metal,1.0,550937,0,0.0,1.0,0.015,0.50266,0.552,0.03836,306.38975,0.0,0.457447167,SOAEHWD12A58A7E36C,7.0,0.0,-5.306,1,0.37,302.08,0.275,0.03836,129.962,4.0,0.0,0,2001,amoral,0
0.546788717,0.37082899,AR0693R1187FB59D32,0.0,0,0.0,Dusminguet,0.0,rumba,0.97356304,155097,0,0.0,1.0,0.295,0.15947,0.975,0.15947,173.97506,0.229,0.349166902,SOKWAIM12A8C137350,7.0,0.064,-9.688,1,0.413,168.786,0.384,0.15947,106.073,4.0,1.0,0,1998,dusminguet,0
0.88974922,0.922412443,ARS54I31187FB46721,0.0,0,0.0,Taylor Swift,0.0,country,0.970216931,382330,0,0.0,1.0,0.003,0.39749,0.655,0.39749,245.36771,2.101,0.853828893,SOTNWCI12AAF3B2028,5.0,0.989,-4.536,1,0.676,234.185,0.743,0.39749,160.786,4.0,0.335,0,2008,taylor swift,0
0.707204744,0.519636856,ARL5BEN1187B98E4D9,0.0,0,0.0,Jah Cure,0.0,roots reggae,0.977039271,809840,0,0.0,1.0,0.105,1.2037,0.528,0.84791,210.85995,0.0,-1.0,SOJVPKL12AB018E875,8.0,0.156,-3.362,1,0.378,204.841,0.238,0.67091,168.979,4.0,0.186,0,2007,jah cure,0
0.652508644,0.49381443,AR557N41187FB3E67F,62.24049,0,25.75129,Swallow The Sun,0.0,sympho black metal,0.997690108,606388,0,0.0,1.0,0.957,0.64911,0.829,0.64911,377.75628,0.136,0.649398113,SOPNFYY12AB01828D4,0.0,0.495,-6.317,0,0.524,337.711,0.816,0.21642,71.758,4.0,0.85,0,2009,swallow the sun,0
0.645192339,0.47122433,AR3THYK1187B999F1F,0.0,0,0.0,JoAPSo Gilberto,0.0,brazilian jazz,0.997881314,53673,0,0.0,2.0,0.097,3.72093,0.804,1.58228,312.05832,1.17,0.531722098,SOHBPQS12A58A7A631,2.0,0.099,-22.083,1,0.175,303.624,0.087,1.3094,55.596,4.0,0.0,0,1991,joapso gilberto,0
0.803619262,0.531213287,ARFSPOV1187B9B2363,0.0,0,0.0,Basement Jaxx,0.0,progressive house,0.999984291,552624,0,0.0,4.0,0.109,3.65441,0.559,0.7933,210.20689,0.0,0.637592629,SOYXOJV12AB017FC27,0.0,0.682,-5.2,1,0.402,203.976,1.0,0.31545,85.332,5.0,0.512,0,2009,basement jaxx,0
0.801989216,0.580345271,AR74Q3R1187B9B24C3,0.0,0,0.0,Nightwish,0.0,sympho black metal,0.999713741,213985,0,0.0,5.0,0.215,2.85864,0.58,0.51196,175.80363,0.148,0.662986161,SOHMBBX12A58A7926C,9.0,0.0,-5.921,1,0.0,167.66,0.122,0.24707,78.006,5.0,1.0,0,2000,nightwish,0
0.429576223,0.299883416,AR57MOK1187FB3C8C7,0.0,0,0.0,Stanley Clarke & George Duke,0.0,jazz fusion,0.971066025,283677,0,0.0,0.0,0.037,0.73482,0.865,0.27741,339.09506,0.0,0.536781929,SOJCZRX12A8C1342A8,11.0,0.131,-14.253,0,0.308,329.3,0.969,0.04927,132.465,4.0,0.435,0,1990,stanley clarke & george duke,0
0.882111591,0.670106173,ARVNGA71187FB3C107,0.0,0,0.0,Faith Hill,0.0,country,1.0,19113,0,0.0,1.0,0.011,0.71697,0.793,0.32147,253.1522,0.241,0.571729009,SOYEPDE12A67ADCF1B,11.0,0.246,-9.031,1,0.416,235.595,0.725,0.1276,154.434,4.0,0.81,0,2001,faith hill,0
0.626821327,0.388752603,ARZ4Y2H1187FB3C36F,0.0,0,0.0,Estopa,0.0,flamenco,1.0,293908,0,0.0,0.0,0.121,1.29437,0.758,0.45041,195.83955,0.165,0.546635489,SOUWQYP12A8C1373F2,11.0,0.742,-12.359,0,0.732,190.758,0.775,0.23916,142.869,4.0,1.0,0,1999,estopa,0
0.504565762,0.349488482,ARZEA421187FB5B5BA,34.05349,0,-118.24532,Lee Michaels,0.0,blue-eyed soul,1.0,88553,0,0.0,1.0,0.988,0.18774,0.988,0.18774,118.88281,0.473,0.0,SOETWIB12A58A7A90D,7.0,0.722,-11.723,1,0.753,108.263,1.0,0.18774,101.015,1.0,0.0,0,1968,lee michaels,0
0.790367909,0.615454462,ARIPLUN1187B99B9F9,0.0,0,0.0,The Police,0.0,new wave,1.0,36072,0,0.0,2.0,0.008,3.03374,1.0,2.48004,233.45587,3.024,-1.0,SOIAUJN12A6D4F79BE,7.0,0.407,-13.425,1,0.57,216.973,0.656,2.48004,108.565,4.0,0.505,0,1980,the police,0
0.428252654,0.351023682,ARSX3I61187B98FAC7,35.03731,0,-90.06146,Frank Stokes,0.0,country blues,0.931610758,174759,0,0.0,0.0,0.046,0.31668,0.639,0.31668,190.92853,0.257,-1.0,SOAFHDJ12A8C13F6FF,2.0,0.826,-16.079,1,0.728,183.234,0.292,0.14319,172.348,4.0,0.115,0,1995,frank stokes,0
0.471894876,0.355491136,ARJRF841187B9B7F9A,48.20254,0,16.3688,Max Steiner,0.0,soundtrack,1.0,535776,0,0.0,1.0,0.558,0.56636,1.0,0.1091,24.13669,0.0,-1.0,SOTQFQD12AB017BCDC,0.0,0.0,-15.511,1,0.0,24.137,1.0,0.1091,134.759,3.0,0.498,0,1993,max steiner,0
0.700716633,0.370679834,ARYLSGC11F43A69EF6,0.0,0,0.0,Los Amigos Invisibles,0.0,funk rock,0.939688167,238129,0,0.0,0.0,0.365,0.58168,0.781,0.58168,218.67057,0.0,0.569049035,SOBHHSV12A8C142BF5,9.0,0.543,-6.505,0,0.503,209.676,0.575,0.30268,109.35,4.0,0.374,0,1998,los amigos invisibles,0
0.722570574,0.499826314,AR4C6V01187FB3BAF4,39.55792,0,-7.84481,Moonspell,0.0,sympho black metal,0.999765395,691749,0,0.0,1.0,0.709,0.87651,0.75,0.36323,313.46893,2.862,0.69314974,SOWEZBD12A6D4F8143,1.0,0.648,-7.145,0,0.605,301.958,0.14,0.11468,120.064,4.0,0.952,0,1997,moonspell,0
0.653937821,0.396855869,ARMD0G81187B99A519,0.0,0,0.0,Vickie Winans,0.0,ccm,1.0,603824,0,0.0,0.0,0.136,0.56188,0.722,0.23102,347.42812,0.166,-1.0,SOVDNXZ12AC3DF9EA4,5.0,0.226,-8.139,0,0.377,335.435,0.698,0.06351,179.934,4.0,0.696,0,2008,vickie winans,0
0.373329913,0.0,ARTR6RX1187FB381C8,0.0,0,0.0,Frederic Galliano,0.0,future jazz,0.98222603,123603,0,0.0,0.0,0.216,0.67851,0.301,0.67851,1394.75546,11.267,-1.0,SODWIDI12A6D4FA683,10.0,0.313,-20.282,0,0.407,1375.184,0.16,0.12556,81.983,4.0,0.772,0,1997,frederic galliano,0
0.578211189,0.37157309,ARDROT11187B9AD5AE,0.0,0,0.0,Room 5,0.0,disco,0.954613397,123657,0,0.0,1.0,0.0,1.01892,1.0,0.0771,403.01669,0.293,0.334706549,SONMZEM12A6D4FD284,4.0,0.276,-7.611,0,0.32,389.619,1.0,0.0771,127.99,4.0,1.0,0,2003,room 5,0
0.477151293,0.334080824,AR1RKB91187B9A56CB,0.0,0,0.0,Lambda,0.0,progressive trance,0.914590919,574947,0,0.0,0.0,0.069,0.11262,0.981,0.11262,180.79302,0.061,-1.0,SODYJEQ12AB0180054,1.0,0.159,-7.944,0,0.352,180.793,0.411,0.11262,128.07,3.0,0.075,0,1996,lambda,0
0.528527959,0.335677609,AR1DC0611A348EFB30,46.49,0,-80.99001,Statues,0.0,power pop,0.993707813,451479,0,0.0,0.0,0.087,0.48995,1.0,0.15266,127.73832,0.281,0.405115722,SOVQKDF12AB01834B3,9.0,0.45,-5.39,1,0.472,124.378,0.686,0.15266,182.195,4.0,0.0,0,2006,statues,0
0.644519692,0.405618982,ARQDWBG1187B9891D7,0.0,0,0.0,Zeromancer,0.0,industrial rock,0.855788212,200634,0,0.0,1.0,0.028,0.83289,0.962,0.18885,277.81179,0.311,-1.0,SOMAJWB12AF72A6875,2.0,0.604,-8.704,0,0.608,271.813,0.507,0.18885,93.001,4.0,1.0,0,2003,zeromancer,0
0.705881777,0.491178954,ARDSWIE1187FB39056,0.0,0,0.0,Gang Starr,0.0,jazz rap,0.985508966,27698,0,0.0,1.0,0.043,0.04626,0.68,0.04626,316.02893,0.298,0.591161425,SOHIDSZ12A6D4F7CF5,7.0,0.468,-10.518,1,0.454,309.116,0.68,0.04626,209.396,4.0,1.0,0,1994,gang starr,0
0.429727829,0.280482187,ARDHNC31187B9A1898,0.0,0,0.0,Al Denson,0.0,ccm,1.0,532154,0,0.0,0.0,0.204,1.95713,0.551,1.20783,249.67791,4.447,0.0,SOGZXGR12AB017F004,9.0,0.358,-8.7,1,0.406,236.78,0.12,0.83317,80.137,4.0,0.313,0,1999,al denson,0
0.577228503,0.373552391,ARYFXQ21187FB4DAEF,27.53092,0,-99.502,Poncho Sanchez,0.0,latin jazz,1.0,323429,0,0.0,1.0,0.147,3.47029,0.815,1.329,372.37506,2.786,-1.0,SOPYDEH12AAF3B279A,5.0,0.599,-11.951,0,0.633,367.276,0.14,1.05815,111.985,7.0,0.559,0,2004,poncho sanchez,0
0.627185249,0.39301573,ARSQW3I1187B9ACD14,0.0,0,0.0,Leona Naess,0.0,chanson,0.935731588,265378,0,0.0,0.0,0.201,0.52905,0.0,0.12633,179.74812,0.0,0.683613541,SOMMTIX12A8C139A75,8.0,0.23,-9.042,1,0.44,163.579,0.554,0.12633,147.256,4.0,0.328,0,2008,leona naess,0
0.655921418,0.578301634,AR9W3X91187FB3994C,0.0,0,0.0,Phil Collins,0.0,soft rock,1.0,19068,0,0.0,2.0,0.208,0.24705,0.805,0.24705,262.00771,0.0,0.648557471,SOXHMJM12A58A7A33A,7.0,0.796,-6.548,1,0.72,251.211,0.599,0.08114,87.871,3.0,1.0,0,1996,phil collins,0
0.394221668,0.34966963,ARHC1RH11A348F085D,0.0,0,0.0,Roger Subirana,0.0,free music,1.0,556508,0,0.0,0.0,0.301,1.54768,1.0,0.51837,288.07791,7.274,0.0,SOAQDXZ12A58A7FFBC,8.0,0.851,-14.015,1,0.74,259.965,0.87,0.27113,116.866,4.0,0.773,0,2002,roger subirana,0
0.603383145,0.422127199,AR1DR0E1187FB48F61,0.0,0,0.0,Kathy Mattea,0.0,bluegrass,0.959671631,480726,0,0.0,1.0,0.182,0.12723,1.0,0.12723,250.33098,0.287,0.437036204,SOJBPLF12AB018362A,0.0,0.777,-9.352,1,0.526,236.443,0.577,0.12723,132.335,4.0,0.129,0,1992,kathy mattea,0
0.58811765,0.378106965,ARS26BQ1187B99466D,0.0,0,0.0,Vilma E Vampiros Palma,0.0,cumbia,0.834580498,153103,0,0.0,0.0,0.036,0.92529,1.0,0.4577,265.32526,2.125,-1.0,SOIPGLN12A58A7C54F,7.0,0.651,-7.724,0,0.602,259.872,0.267,0.4577,127.879,4.0,0.504,0,1995,vilma e vampiros palma,0
0.795185386,0.411295232,ARHAEXZ1187FB54F3C,0.0,0,0.0,N.E.R.D.,0.0,neo soul,0.999937145,265386,0,0.0,1.0,0.071,1.1286,0.513,0.67117,222.6673,0.305,-1.0,SOCSZBL12CF530E5B0,11.0,0.562,-5.795,1,0.497,217.374,0.346,0.41958,113.034,4.0,1.0,0,2008,n.e.r.d.,0
0.679748141,0.458595403,AR1ZYLH1187B98C159,0.0,0,0.0,Naughty By Nature,0.0,gangster rap,0.999296643,45989,0,0.0,1.0,0.038,0.65495,1.0,0.35426,216.60689,0.464,0.439202489,SOQDTMC12A6D4FA1D2,6.0,0.757,-12.711,0,0.599,195.704,0.654,0.35426,199.652,4.0,0.912,0,1993,naughty by nature,0
0.298409678,0.215021295,ARQB8PN1187B98E6C4,0.0,0,0.0,Tresenlesen,0.0,comedy,1.0,65878,0,0.0,0.0,0.03,0.08838,0.182,0.08838,239.46404,0.0,0.0,SOMYHTA12A6D4FB87D,4.0,0.481,-12.119,1,0.413,218.163,0.182,0.08838,174.332,5.0,0.939,0,1998,tresenlesen,0
0.840651579,0.614973974,ARR1R5V1187FB4D234,0.0,0,0.0,The All American Rejects,0.0,emo,0.943967974,336115,0,0.0,1.0,0.048,0.87873,0.362,0.33718,195.18649,0.438,0.620458374,SOQNJSP12AB017D3B5,2.0,0.0,-9.322,0,0.13,188.465,0.0,0.0664,109.697,5.0,0.76,0,2008,the all american rejects,0
0.604414492,0.400517951,ARFJD5L1187B9A30BA,21.51102,0,-77.80679,Los Van Van,0.0,salsa,1.0,245174,0,0.0,0.0,0.015,0.55561,0.432,0.25604,268.042,0.0,0.392008772,SORCCVC12A8C13DFB5,7.0,0.406,-5.801,1,0.363,255.652,0.604,0.10625,202.153,4.0,0.578,0,1999,los van van,0
0.613598057,0.377720338,ARM3QKQ1187FB421E0,40.71455,0,-74.00712,Willy DeVille,0.0,blues-rock,0.975439455,409506,0,0.0,0.0,0.463,0.70659,0.463,0.70659,439.30077,0.0,0.0,SOFLNBJ12AB017EC59,2.0,0.82,-5.883,1,0.638,439.301,0.341,0.49909,143.592,1.0,0.0,0,2009,willy deville,0
0.553128999,0.425417872,AR2GU4Y1187B99F35E,0.0,0,0.0,Pescado Rabioso,0.0,grindcore,0.990253079,509729,0,0.0,0.0,0.519,0.37175,0.519,0.37175,526.21016,0.316,0.323112121,SOPQSPR12AB0183C46,7.0,0.0,-13.209,1,0.292,515.576,1.0,0.37175,80.754,1.0,0.588,0,1973,pescado rabioso,0
0.842636334,0.583530838,ARWK5QH1187B9A9B7F,0.0,0,0.0,Justin Timberlake,0.0,rock,1.0,310781,0,0.0,1.0,1.0,0.16674,1.0,0.16674,254.1971,0.136,-1.0,SOALBQW12A8C142359,11.0,0.617,-3.773,0,0.619,246.404,1.0,0.16674,127.952,1.0,0.0,0,2007,justin timberlake,0
0.664924362,0.496381146,ARN0DMU1187FB5B63A,0.0,0,0.0,Hall & Oates,0.0,pop rock,1.0,729776,0,0.0,0.0,0.836,0.15757,0.836,0.15757,158.40608,0.125,-1.0,SOQPBEV12AC3DF66EF,3.0,0.619,-9.926,0,0.634,154.877,1.0,0.15757,105.314,1.0,0.0,0,1993,hall & oates,0
0.703690572,0.529195922,ARJ7SQ31187B9AF432,0.0,0,0.0,Billy Bragg,0.0,urban folk,0.949369581,220705,0,0.0,2.0,0.181,0.44971,0.397,0.44971,153.88689,0.217,0.533910373,SOYLCKM12A8C1346FF,7.0,0.849,-9.341,1,0.634,142.274,0.505,0.27687,176.447,4.0,0.0,0,1984,billy bragg,0
0.606975737,0.386289651,ARIRD6J1187FB5A98C,18.01571,0,-76.79731,Sugar Minott,0.0,roots reggae,0.940150437,265616,0,0.0,0.0,0.02,0.7518,0.778,0.37481,290.35057,0.16,0.379523324,SOFZQHK12A8C13B23E,1.0,0.329,-11.107,1,0.425,284.032,0.942,0.18344,158.051,4.0,0.0,0,1977,sugar minott,0
0.730959086,0.481426937,AR2FSX31187B98E3EF,0.0,0,0.0,"Ricky Martin Feat. La Mari de ""Chambao",0.0,latin,1.0,387350,0,0.0,1.0,0.857,1.11939,0.444,0.41207,247.87546,0.0,0.601154787,SOEHBCX12AB0181B89,0.0,0.505,-6.41,0,0.696,247.875,0.712,0.0585,83.891,4.0,0.305,0,2008,"ricky martin feat. la mari de ""chambao",0
0.515932603,0.33156622,ARF1LT21187B989EEB,0.0,0,0.0,White Willow,0.0,folk rock,0.963391457,680973,0,0.0,0.0,0.257,2.3764,0.473,1.15472,659.46077,5.114,0.0,SOZJIWO12AB0189335,6.0,0.0,-12.518,0,0.477,646.827,0.054,0.95111,101.341,3.0,0.646,0,2000,white willow,0
0.640151545,0.442992869,ARS94L01187B9AD297,34.41925,0,-119.69887,Nerf Herder,0.0,post-grunge,1.0,558050,0,0.0,0.0,0.187,0.80406,0.677,0.49087,167.44444,0.0,0.485122364,SOGQFXS12AB01865FB,7.0,0.623,-2.885,1,0.664,150.419,0.781,0.33388,189.995,4.0,0.0,0,2002,nerf herder,0
0.591846288,0.37246298,ARO0R521187B98A2D1,0.0,0,0.0,2 Minutos,0.0,skate punk,0.882294682,500850,0,0.0,0.0,0.14,0.4025,0.96,0.07708,64.39138,0.357,-1.0,SOPRQKI12AB0181A85,0.0,0.244,-7.653,1,0.404,64.391,0.407,0.07708,186.495,4.0,0.026,1987,1997,2 minutos,0
0.852638932,0.535763158,ARWA8AH1187FB3FC84,51.50632,0,-0.12714,Hot Chip,0.0,dance rock,0.999949859,234374,0,0.0,1.0,0.062,0.84643,0.807,0.84643,182.15138,0.626,0.439202489,SOEOKDW12A8AE45B27,5.0,0.399,-8.208,1,0.443,177.331,0.365,0.63976,146.035,4.0,0.879,0,2007,hot chip,0
0.84219335,0.550422825,AR1OBRC1187FB59AD4,0.0,0,0.0,Behemoth,0.0,black metal,0.999934256,556764,0,0.0,2.0,0.046,2.61663,0.633,2.61663,341.2371,6.316,0.676918518,SODWVNV12A8C1423C6,8.0,0.627,-2.735,1,0.532,339.22,0.062,2.37935,129.829,4.0,0.206,0,2009,behemoth,0
0.644334866,0.397732993,AR03GWG1187B9B6C85,0.0,0,0.0,Sylver,0.0,disco,1.0,311333,0,0.0,0.0,0.016,0.48849,1.0,0.05171,170.50077,0.235,-1.0,SOKFFUV12A8C1411A0,9.0,0.075,-9.122,0,0.357,166.481,0.835,0.05171,138.935,4.0,0.0,0,2004,sylver,0
0.64651813,0.468462557,ARX134S1187FB46E56,0.0,0,0.0,Scott Matthews,0.0,folk rock,0.973231426,459038,0,0.0,1.0,0.499,2.15855,0.487,2.15855,325.48526,9.886,0.653628682,SOYEUES12AB0187F14,5.0,0.427,-8.599,0,0.139,314.967,0.288,1.8034,100.008,4.0,0.775,0,2009,scott matthews,0
0.488741866,0.350657335,ARV38M11187B99424D,37.27188,0,-119.27023,Graham Central Station,0.0,motown,0.858350345,774167,0,0.0,0.0,0.026,0.66143,1.0,0.15995,229.27628,0.479,0.488289876,SOITXNB12A8C144ECD,8.0,0.367,-9.783,0,0.375,226.133,0.0,0.15995,119.633,4.0,1.0,0,1975,graham central station,0
0.612953154,0.454541929,AR3QRJ91187B98E4C2,48.85692,0,2.34121,Jacques Dutronc,0.0,chanson,1.0,313245,0,0.0,2.0,0.772,0.84263,0.772,0.84263,192.33914,0.438,-1.0,SORUAFU12A8C141452,11.0,0.214,-11.899,0,0.383,187.524,0.58,0.59359,122.233,1.0,0.0,0,1969,jacques dutronc,0
0.833178561,0.804219797,AR6PJ8R1187FB5AD70,0.0,0,0.0,Shakira,0.0,dance pop,1.0,528854,0,0.0,1.0,0.001,0.48067,0.447,0.48067,246.43873,0.107,0.7731945,SOUSXAY12A8C1358FA,7.0,0.044,-6.025,1,0.573,235.096,0.885,0.16007,93.982,4.0,0.662,0,2001,shakira,0
0.526284543,0.430106913,ARUIRXF1187FB45BC6,31.1689,0,-100.07715,JK,0.0,eurodance,1.0,211454,0,0.0,0.0,0.126,0.05983,1.0,0.05983,361.16853,0.28,0.0,SORMUQC12A8C13C1D7,6.0,0.052,-14.475,0,0.362,356.862,0.91,0.05983,125.991,4.0,0.479,0,2003,jk,0
0.495518893,0.33286717,ARFLHWV1187FB4E77F,0.0,0,0.0,Sandy Posey,0.0,ballad,0.960592583,806430,0,0.0,0.0,0.011,0.84901,0.72,0.43458,165.19791,0.183,0.0,SOKFQSX12AB0188CEE,0.0,0.641,-15.15,1,0.578,158.72,0.695,0.22632,149.252,4.0,0.0,0,1966,sandy posey,0
0.637494392,0.46548901,ARRBTUP1242077FA75,0.0,0,0.0,Taking Dawn,0.0,glam metal,0.936389487,704331,0,0.0,0.0,0.014,0.66913,0.27,0.25409,236.79955,0.0,0.447135796,SOCJYJY12AB018A3A3,7.0,0.656,-4.361,0,0.605,230.226,0.398,0.04605,144.777,4.0,0.0,0,2010,taking dawn,0
0.700635528,0.511546184,ARZTSYB1187FB54987,0.0,0,0.0,Rainbow,0.0,heavy metal,0.999872425,16061,0,0.0,1.0,0.237,0.55958,0.854,0.17782,663.24853,0.0,0.401486711,SOWQVVZ12A58A7B65C,11.0,0.547,-10.178,0,0.617,647.541,0.434,0.17782,162.384,4.0,0.061,0,1975,rainbow,0
0.632852017,0.411797827,ARS8KBY1187FB4BC7E,39.95227,0,-75.16237,Kurupt,0.0,gangster rap,0.999800813,643394,0,0.0,0.0,0.178,0.97952,0.706,0.40237,207.98649,0.0,0.762646815,SORQTDS12AB0186ED3,1.0,0.707,-7.804,0,0.622,207.986,0.732,0.11238,103.596,5.0,1.0,0,1999,kurupt,0
0.755566398,0.464186402,AR4BDNG1187FB44870,0.0,0,0.0,Robert Palmer,0.0,blue-eyed soul,0.827998374,41905,0,0.0,1.0,0.037,0.19823,1.0,0.19823,299.78077,0.316,0.751436617,SOFLKHX12A6701C32A,2.0,0.538,-11.514,0,0.56,283.655,1.0,0.19823,141.674,4.0,0.417,0,1980,robert palmer,0
0.69480252,0.561830538,ARIZODP1187B9AD272,54.89814,0,-1.53179,Bryan Ferry,0.0,glam rock,1.0,27384,0,0.0,2.0,0.05,1.634,0.179,0.46895,188.18567,0.163,0.262264742,SOZQJSC12A58A7F42F,7.0,0.0,-10.096,1,0.057,176.93,0.972,0.08159,105.361,5.0,0.0,0,2002,bryan ferry,0
0.871010615,0.879236745,ARTH9041187FB43E1F,0.0,0,0.0,Eminem,0.0,hip hop,1.0,47319,0,0.0,2.0,0.169,0.23199,0.0,0.23199,13.58322,0.218,-1.0,SOWOYGM12A6D4FB4C1,3.0,0.01,-24.997,1,0.201,13.583,0.0,0.23199,120.765,3.0,0.889,0,1999,eminem,0
0.687694457,0.441643405,ARGYHUI1187B9AC2A5,0.0,0,0.0,Hanoi Rocks,0.0,heavy metal,0.997080677,346689,0,0.0,1.0,0.012,1.42062,1.0,0.21472,236.35546,0.078,0.550326336,SOILZTW12A8C1438A1,11.0,0.018,-5.628,0,0.3,226.151,0.608,0.21472,102.99,4.0,0.434,0,2007,hanoi rocks,0
0.640151545,0.442992869,ARS94L01187B9AD297,34.41925,0,-119.69887,Nerf Herder,0.0,post-grunge,1.0,558775,0,0.0,0.0,0.245,1.08679,0.878,0.37086,200.04526,0.33,0.53066303,SOJQTDA12AB0181540,7.0,0.623,-6.357,1,0.661,187.548,0.504,0.19233,171.833,3.0,0.675,0,2000,nerf herder,0
0.789836439,0.564969253,ARN5L1O1187FB4D955,0.0,0,0.0,Eyes Set to Kill,0.0,happy hardcore,0.996108453,219487,0,0.0,0.0,0.235,1.7863,0.356,0.50103,238.05342,0.131,0.741913732,SOFQTGN12A8C13E0E8,2.0,0.762,-3.492,1,0.643,233.674,0.763,0.18001,91.873,4.0,0.61,0,2006,eyes set to kill,0
0.624723768,0.403509673,ARCZ20M1187FB49687,32.77942,0,-91.56123,Tony Joe White,0.0,country rock,1.0,176428,0,0.0,1.0,0.021,1.53667,0.0,0.48053,152.842,3.257,0.369053604,SOGXGUK12A6D4FC1B4,7.0,0.191,-16.834,1,0.364,146.239,0.012,0.22755,122.236,4.0,0.463,0,1970,tony joe white,0
0.616884544,0.343844499,ARZBYDY1187FB46DD7,42.54843,0,2.38596,Cali,0.0,dance pop,1.0,45348,0,0.0,1.0,0.14,0.47567,0.14,0.47567,339.80036,0.0,0.0,SOCIUEE12A6D4F95D1,5.0,0.418,-6.871,0,0.455,336.184,0.0,0.31135,160.126,1.0,0.0,0,2006,cali,0
0.481180212,0.379495651,ARUUXNF1187B98FB36,0.0,0,0.0,Charlie Peacock,0.0,ccm,1.0,489080,0,0.0,0.0,0.056,1.57814,0.157,1.27167,298.70975,5.178,-1.0,SONDARV12AB017C7CD,9.0,0.351,-8.872,0,0.365,285.222,0.073,1.27167,194.659,4.0,0.377,0,1986,charlie peacock,0
0.655921418,0.578301634,AR9W3X91187FB3994C,0.0,0,0.0,Phil Collins,0.0,soft rock,1.0,1792,0,0.0,2.0,0.244,0.52443,1.0,0.14422,204.19873,0.131,0.695318815,SOBJUKG12A58A7DCA8,7.0,0.494,-2.689,1,0.57,191.716,0.78,0.14422,155.843,4.0,0.0,0,1988,phil collins,0
0.421421303,0.336668196,ARI3GKM1187B9B7837,53.38311,0,-1.46454,The Dylans,0.0,indie pop,1.0,185131,0,0.0,0.0,0.022,1.46528,1.0,0.33302,410.98404,0.299,0.253834736,SOKSFXW12A8AE48407,2.0,0.546,-14.744,1,0.464,389.021,1.0,0.05112,106.035,4.0,1.0,0,1991,the dylans,0
0.654860822,0.45146606,ARB336A1187B9A4583,42.25147,0,-83.18186,The MC5,0.0,garage rock,0.964541714,12585,0,0.0,1.0,0.936,0.13508,0.936,0.13508,149.96853,0.136,0.590557401,SOYBRXG12A58A776D6,5.0,0.428,-2.969,1,0.271,146.228,0.568,0.13508,173.34,1.0,0.0,0,1970,the mc5,0
0.647769063,0.40886172,ARY8LJ11187FB4019B,37.59791,0,69.86799,Floyd Cramer,0.0,instrumental pop,1.0,295587,0,0.0,0.0,0.546,0.54995,0.546,0.54995,125.85751,0.311,0.537503904,SOUAUZJ12A8C137CDA,2.0,0.055,-19.115,1,0.235,115.63,0.419,0.16563,104.793,1.0,0.0,0,1979,floyd cramer,0
0.543053588,0.353252663,AR798FU1187B9B91CF,0.0,0,0.0,Craig Wedren,0.0,funk rock,1.0,113735,0,0.0,0.0,0.206,1.20076,0.643,0.35398,155.27138,0.0,0.379523324,SOEPYBI12A8C13AF79,0.0,0.397,-14.98,1,0.492,144.945,0.413,0.35398,71.283,4.0,0.224,0,2005,craig wedren,0
0.829851317,0.581505803,ARAN38V1187FB4C4EE,0.0,0,0.0,The Almost,0.0,post-hardcore,0.999781348,627198,0,0.0,0.0,0.48,1.73937,0.0,0.18055,210.59873,0.0,0.62793,SOPCFDS12AB017E0E5,11.0,0.505,-4.289,0,0.476,203.79,0.201,0.18055,84.99,4.0,0.675,0,2009,the almost,0
0.731590593,0.498563611,AR198711187B9AD09F,0.0,0,0.0,Simply Red,0.0,pop rock,0.999085472,328393,0,0.0,1.0,0.042,0.20656,0.757,0.20656,333.322,0.0,0.673836145,SOLTAOU12A8C1375CB,6.0,0.998,-7.209,1,0.706,320.406,0.884,0.20656,122.811,4.0,1.0,0,1995,simply red,0
0.858677442,0.618219159,AR46CAD1187FB4D84B,34.05349,0,-118.24532,Bad Religion,0.0,hardcore punk,1.0,104875,0,0.0,2.0,0.931,0.40231,0.931,0.40231,138.52689,0.136,0.407233015,SOVBYCN12A8C13AABC,8.0,0.0,-3.376,1,0.183,131.628,0.748,0.18277,139.755,1.0,0.0,0,1992,bad religion,0
0.543061143,0.353364767,ARNHJHU1187B98F79C,4.65637,0,-74.11779,Nightfall,0.0,doom metal,0.92820279,127851,0,0.0,0.0,0.369,0.74629,1.0,0.2515,272.69179,0.461,0.450992312,SOGVWVG12A6D4FCD8A,9.0,0.22,-5.028,0,0.179,272.692,0.905,0.2515,121.949,4.0,0.0,0,2003,nightfall,0
0.717762702,0.532266186,ARDBSFT1187B9AC9C1,40.71455,0,-74.00712,Fountains Of Wayne,0.0,power pop,1.0,11549,0,0.0,1.0,0.08,1.17308,0.981,0.28477,165.61587,0.2,0.468997788,SOODOKY12A6701C584,9.0,0.086,-5.094,1,0.496,150.419,0.878,0.06207,134.289,4.0,0.0,0,2005,fountains of wayne,0
0.631702562,0.458210742,AREMOC71187B996C2F,0.0,0,0.0,Lara Fabian,0.0,ballad,1.0,557613,0,0.0,1.0,0.146,1.08009,1.0,0.50748,246.20363,0.473,0.419125893,SOBVZHC12AB0181786,8.0,0.709,-6.945,0,0.622,239.491,0.8,0.07872,104.994,4.0,0.545,0,2009,lara fabian,0
0.47660678,0.379693885,AR6MUJ91187B99DAAA,28.63951,0,-106.07218,Event Horizon,0.0,chill-out,0.875509174,590908,0,0.0,0.0,0.007,1.08901,0.966,0.38449,440.76363,0.357,-1.0,SODQZVY12AB018BF68,7.0,0.523,-9.341,1,0.52,420.966,0.998,0.03005,85.391,4.0,0.719,0,2001,event horizon,0
0.538346827,0.362419612,ARY9J9F1187B990241,0.0,0,0.0,Entre RAos,0.0,alternative dance,1.0,790920,0,0.0,0.0,0.23,0.08314,1.0,0.08314,285.04771,0.177,0.663373594,SOXVFYT12A81C2351C,5.0,0.862,-10.083,1,0.73,285.048,0.158,0.08314,215.999,3.0,0.738,0,2005,entre raos,0
0.786427083,0.512226738,AR035N21187FB3938E,34.23294,0,-102.4102,BT feat. JES,0.0,electronica,0.999989369,754719,0,0.0,2.0,0.403,0.03951,0.918,0.03951,550.97424,0.0,0.430160637,SONIUEQ12AB0184D1A,6.0,0.663,-5.213,0,0.629,539.55,0.918,0.03951,168.474,4.0,1.0,0,2010,bt feat. jes,0
0.75347562,0.529915122,ARJ6GR01187B98D64D,0.0,0,0.0,Lonestar,0.0,country,1.0,527416,0,0.0,0.0,0.305,0.99538,0.0,0.14251,263.49669,2.322,0.400039657,SORZBEO12A8C142A98,4.0,0.662,-8.163,1,0.622,249.446,0.427,0.14251,141.171,4.0,0.53,0,2004,lonestar,0
0.660225681,0.405657125,ARXK6E71187FB4AA1E,43.64856,0,-79.38533,The Cliks,0.0,queercore,0.798286535,467254,0,0.0,0.0,0.001,1.10081,1.0,0.2605,199.78404,0.2,0.588922168,SOMGSLD12AB017EDD1,2.0,0.533,-5.122,1,0.559,188.285,1.0,0.05396,142.948,4.0,0.811,0,2009,the cliks,0
0.701441759,0.504307726,AR0O3AV1187FB4D030,40.71455,0,-74.00712,Agnostic Front,0.0,hardcore punk,0.999836752,265153,0,0.0,1.0,0.064,0.10111,0.455,0.10111,98.11546,0.066,0.670787538,SOPSBBI12A8C1342C4,2.0,0.115,-4.883,1,0.378,98.115,0.55,0.10111,199.527,4.0,0.0,0,2004,agnostic front,0
0.827409365,0.576902281,AR11YQ81187FB3C654,0.0,0,0.0,Dixie Chicks,0.0,bluegrass,1.0,308335,0,0.0,1.0,0.529,1.66211,0.827,0.57548,351.84281,0.117,0.865831829,SODXQTB12A8C13F0F7,5.0,0.458,-12.749,1,0.409,342.152,0.851,0.30516,109.74,4.0,0.0,0,2006,dixie chicks,0
0.609819761,0.419967936,AR8FMEN1187FB4A657,34.05349,0,-118.24532,Lizzy Borden,0.0,heavy metal,1.0,559845,0,0.0,0.0,0.019,2.9119,0.0,2.51364,268.40771,8.208,0.427446572,SORXEQN12AB0184EEE,2.0,0.441,-2.339,1,0.429,260.151,0.052,2.51364,145.882,4.0,0.257,0,1986,lizzy borden,0
0.536655656,0.0,ARLLUSZ1187B98ACDC,0.0,0,0.0,Tha Liks featuring Defari,0.0,los angeles,0.864452172,287223,0,0.0,0.0,0.027,0.17509,0.889,0.17509,233.92608,0.095,-1.0,SONWRCU12A8C1343B0,9.0,0.339,-5.033,0,0.337,230.15,0.598,0.17509,184.046,4.0,0.044,0,2001,tha liks featuring defari,0
0.320974666,0.193843484,ARGH53H1187B9A5511,29.76045,0,-95.36978,Cliff Bruner,0.0,western swing,1.0,779906,0,0.0,0.0,0.039,0.09394,0.3,0.09394,188.31628,0.357,-1.0,SOPAOVE12AC468EC72,7.0,0.685,-13.841,1,0.505,185.179,0.3,0.09394,161.246,4.0,0.232,0,2004,cliff bruner,0
0.851073009,0.590449277,AROBHK51187B9AD82B,0.0,0,0.0,Funeral For A Friend,0.0,post-hardcore,0.999214993,322341,0,0.0,1.0,0.431,0.98485,0.969,0.12281,160.23465,0.107,0.609608465,SOUFLZS12AAF3B21DE,3.0,0.562,-15.609,1,0.67,147.261,0.488,0.12281,139.401,4.0,0.604,0,2008,funeral for a friend,0
0.435915457,0.358148519,AR8KUS11187B98C991,0.0,0,0.0,Brigada Victor Jara,0.0,free improvisation,0.939190342,337773,0,0.0,0.0,0.133,2.16515,0.4,0.15471,223.76444,0.0,-1.0,SOKSFDI12AB017DBFF,7.0,0.583,-9.674,1,0.556,216.781,0.524,0.15471,119.901,5.0,0.669,0,1998,brigada victor jara,0
0.740796632,0.555741673,ARNRPI31187B9AC699,0.0,0,0.0,The Crystal Method,0.0,big beat,0.948653411,710761,0,0.0,2.0,0.007,1.13108,0.551,0.20786,228.85832,5.492,0.634538104,SOJWGBZ12AB018B730,10.0,0.058,-6.642,0,0.454,216.99,0.176,0.20786,130.006,4.0,0.0,0,2004,the crystal method,0
0.574400789,0.446071584,ARRH2S81187B98C8AA,43.07295,0,-89.38669,Bongzilla,0.0,stoner metal,1.0,238284,0,0.0,1.0,0.487,0.30266,0.697,0.30266,475.11465,0.171,-1.0,SOGXKPF12A582916B9,4.0,0.9,-6.499,1,0.486,470.912,0.192,0.30266,89.997,3.0,0.895,0,2002,bongzilla,0
0.629008226,0.361917926,ARMFGS71187B98ED03,0.0,0,0.0,Liquid Soul,0.0,jazz funk,1.0,620941,0,0.0,0.0,0.085,0.49122,0.592,0.14312,285.28281,0.282,0.536378023,SOBEYDE12A8C141417,10.0,0.467,-9.154,0,0.485,276.126,0.563,0.14312,183.836,4.0,0.0,0,2000,liquid soul,0
0.450361261,0.375941201,ARMSW7X1187FB5B504,34.05349,0,-118.24532,Dave Eggar,0.0,new age,1.0,236601,0,0.0,1.0,0.641,1.78944,0.261,0.54518,240.09098,0.304,0.253834736,SOUSXRA12A8AE490AC,8.0,0.317,-27.845,1,0.638,223.829,0.028,0.22754,97.243,4.0,0.054,0,1998,dave eggar,0
0.627917468,0.473918437,AR2BG0R1187FB398C3,29.59733,0,-90.71913,Dax Riggs,0.0,blues-rock,0.967635391,814747,0,0.0,0.0,0.069,0.15678,0.802,0.15678,158.51057,0.194,0.551109538,SOUURWE12AB0182EA3,11.0,0.534,-6.172,1,0.674,146.727,0.03,0.15678,124.409,4.0,0.0,0,2007,dax riggs,0
0.630247495,0.37790448,AR6ET9I1187FB53C65,0.0,0,0.0,Ben Jelen,0.0,chill-out,0.867335124,36444,0,0.0,0.0,0.05,1.05088,0.568,0.45783,240.32608,0.0,0.574039754,SOKWYNX12A58A802A6,7.0,1.0,-5.77,1,0.864,233.628,0.868,0.16038,101.954,4.0,1.0,0,2004,ben jelen,0
0.559901438,0.401239122,ARUTS6Y1187FB5BDAB,0.0,0,0.0,Twila Paris,0.0,ccm,1.0,156787,0,0.0,0.0,0.005,0.70646,0.572,0.70646,290.19383,0.572,-1.0,SOJEBLF12A8C138B50,7.0,0.554,-12.126,1,0.602,271.186,0.422,0.42304,105.834,4.0,0.818,0,1990,twila paris,0
0.530355668,0.397179043,ARVML4B1187FB52324,40.73197,0,-74.17418,Leroy Hutson,0.0,jazz funk,0.891498212,34605,0,0.0,0.0,0.02,0.47337,1.0,0.47337,181.55057,0.178,0.0,SOINLKW12A6D4F8F83,4.0,0.054,-12.987,0,0.217,173.976,1.0,0.22655,122.524,4.0,1.0,0,1974,leroy hutson,0
0.791465542,0.477889304,ARRJ3UC1187FB579D7,0.0,0,0.0,Wyclef Jean,0.0,hip hop,1.0,289164,0,0.0,1.0,0.167,0.45044,0.933,0.13626,319.97342,0.0,-1.0,SOPRQEX12A8C133558,0.0,0.773,-6.431,1,0.584,319.973,0.449,0.13626,189.99,7.0,0.857,0,2000,wyclef jean,0
0.616436885,0.409464909,ARAHQDS1187FB55275,0.0,0,0.0,Maysa,0.0,brazilian pop music,1.0,729053,0,0.0,1.0,0.043,0.86374,0.457,0.86374,176.37832,0.0,0.265861049,SONZDGL12AB018CD7C,5.0,0.427,-10.484,0,0.416,173.453,0.441,0.35965,82.72,5.0,0.116,0,2003,maysa,0
0.572144338,0.340750194,ARDVUFT1187B994637,0.0,0,0.0,Cabin Crew,0.0,hard house,0.87074069,410068,0,0.0,0.0,0.177,2.23011,0.204,0.11018,194.97751,0.0,0.576399981,SOGFNPM12AB0183EFA,10.0,0.484,-4.434,0,0.591,186.671,0.0,0.11018,85.348,5.0,0.86,0,2009,cabin crew,0
0.765254692,0.603876487,ARYJSY01187B9B7C65,0.0,0,0.0,Dolly Parton,0.0,bluegrass,1.0,303750,0,0.0,2.0,0.521,0.72048,0.521,0.72048,294.24281,0.0,-1.0,SOUXPPN12CF530E5EB,7.0,0.686,-8.782,1,0.675,282.61,0.116,0.51857,137.865,1.0,0.0,0,1977,dolly parton,0
0.663400927,0.389157892,AR80BY41187B98DECF,33.45081,0,-90.645,Albert King,0.0,electric blues,0.952792338,168108,0,0.0,1.0,0.172,1.9331,0.656,1.15427,244.27057,2.746,-1.0,SOKQUFP12A8C140A16,1.0,0.782,-15.879,1,0.624,238.283,0.137,0.94968,152.2,3.0,0.556,0,1968,albert king,0
0.917863906,0.908202619,ARKU3Z61187FB51DCA,13.11199,0,-59.59895,Rihanna,0.0,dance pop,1.0,422785,0,0.0,3.0,0.041,0.63457,0.774,0.19849,244.50567,0.376,-1.0,SOAOPVN12AAF3B1856,6.0,0.495,-3.925,0,0.524,238.051,0.822,0.19849,139.304,4.0,0.421,0,2006,rihanna,0
0.438644698,0.347225061,ARGHPIE1187FB3CCDF,33.7621,0,-90.30507,Fenton Robinson,0.0,texas blues,1.0,566599,0,0.0,0.0,0.153,0.19359,0.751,0.19359,263.73179,0.115,0.642091038,SOXESGI12A8C13F85C,10.0,0.524,-12.346,1,0.472,251.437,0.684,0.19359,114.255,3.0,0.634,0,1990,fenton robinson,0
0.549282908,0.347547581,ARQCHDN1187FB4C7C2,-22.97673,0,-43.19508,Luiz Bonfa,0.0,samba,1.0,559294,0,0.0,1.0,0.052,0.66601,0.747,0.66601,147.87873,0.222,-1.0,SODJYRI12AB0188BDD,9.0,0.421,-24.341,0,0.439,138.577,0.0,0.33727,104.475,4.0,0.232,0,1989,luiz bonfa,0
0.656759788,0.4104772,ARFKYG51187FB4CE41,44.64616,0,-63.57392,April Wine,0.0,pop rock,0.957625745,274438,0,0.0,0.0,0.641,0.6575,0.641,0.6575,214.43873,0.351,0.513189736,SOZJQGK12A6D4FD5BE,4.0,0.705,-12.551,1,0.53,210.982,0.43,0.43575,138.572,1.0,0.0,0,1981,april wine,0
0.688040857,0.372307464,ARNQ7UN1187B98EE77,0.0,0,0.0,Novaspace,0.0,trance,1.0,125275,0,0.0,1.0,0.003,0.89408,1.0,0.43823,356.23138,0.415,0.437036204,SOUNBPD12A6D4FDB4E,0.0,0.009,-5.861,1,0.365,348.839,1.0,0.20974,131.985,4.0,0.377,0,2004,novaspace,0
0.647945005,0.379226366,ARSQRPG11C8A4174C6,0.0,0,0.0,Esser,0.0,disco,0.946861598,454438,0,0.0,0.0,0.079,0.92973,0.646,0.39736,191.55546,0.0,-1.0,SOJJIDZ12A8C134C8F,10.0,0.296,-4.622,0,0.384,184.291,0.0,0.13117,121.988,3.0,1.0,0,2008,esser,0
0.48040197,0.392325283,AR93K7R1187B9AC92A,59.91228,0,10.74998,Black Debbath,0.0,blues,1.0,737285,0,0.0,1.0,0.036,0.48989,0.562,0.48989,278.46485,0.0,-1.0,SOEAUZI12AC907268A,5.0,0.996,-5.808,1,0.777,275.702,0.582,0.48989,132.642,4.0,0.508,0,2009,black debbath,0
0.581884359,0.347006921,ARWSMC91187B9AD369,51.48126,0,-3.18067,Helen Love,0.0,power pop,0.926846872,601526,0,0.0,1.0,0.032,1.64005,0.809,0.38463,185.36444,0.0,0.407901717,SOEDKCH12AB01860C6,8.0,0.982,-7.531,1,0.95,179.531,0.515,0.0712,95.575,4.0,0.731,0,2000,helen love,0
0.627361447,0.406642649,AR6UVLC1187B9B4D4C,42.33168,0,-83.04792,Suzi Quatro,0.0,glam rock,0.942375899,111874,0,0.0,1.0,0.868,0.14065,1.0,0.14065,207.882,0.485,0.375984302,SOZSDYI12A8C13ED4D,4.0,1.0,-11.38,1,0.782,198.362,0.0,0.14065,124.519,4.0,1.0,0,2004,suzi quatro,0
0.655921418,0.578301634,AR9W3X91187FB3994C,0.0,0,0.0,Phil Collins,0.0,soft rock,1.0,40837,0,0.0,2.0,0.188,0.66071,0.928,0.05694,316.39465,0.193,0.551921515,SOJRFYT12A6D4F9972,5.0,0.0,-11.763,0,0.19,299.259,0.0,0.05694,121.044,4.0,1.0,0,1982,phil collins,0
0.416141023,0.331090126,ARSDSMG1187B98CB59,40.71455,0,-74.00712,Eddie Cantor,0.0,easy listening,1.0,284567,0,0.0,0.0,0.035,12.03701,0.41,3.84573,196.88444,5.329,-1.0,SOWZIPP12A8C13333A,5.0,0.495,-14.618,1,0.579,192.546,0.172,3.44925,77.963,5.0,0.581,0,1994,eddie cantor,0
0.555495603,0.364968608,ARTYGL51187B98F9D3,33.13178,0,-91.96148,K.T. Oslin,0.0,country rock,1.0,295306,0,0.0,0.0,0.118,0.9431,1.0,0.20608,229.45914,0.189,-1.0,SOFERCA12CF530E5F2,4.0,0.923,-8.705,0,0.574,213.49,0.979,0.02846,163.969,4.0,0.566,0,1993,k.t. oslin,0
0.674464705,0.485781602,AR5DXUU1187B9B0E42,48.20254,0,16.3688,Falco,0.0,dance pop,0.998968746,299837,0,0.0,4.0,0.019,1.48697,0.889,0.5083,228.12689,0.0,-1.0,SOAVKMN12A58A7C691,5.0,0.45,-13.844,1,0.333,225.512,1.0,0.26198,123.028,4.0,0.926,0,1984,falco,0
0.596349854,0.418429598,ARIIEQL1187FB5CE68,41.26069,0,-95.93995,Buddy Miles,0.0,blues-rock,1.0,216163,0,0.0,0.0,0.111,0.5648,0.705,0.5648,218.3571,7.947,0.270775999,SOMTQWW12A8C13F17C,7.0,0.394,-9.978,1,0.781,202.832,0.03,0.25213,94.57,5.0,0.362,0,1997,buddy miles,0
0.412448406,0.247292528,ARJUSOQ1187FB3E063,0.0,0,0.0,Chalk Farm,0.0,alternative pop rock,0.689958567,483488,0,0.0,0.0,0.072,0.73407,0.815,0.42035,294.08608,0.214,-1.0,SOOIFZO12A58A7BFF0,2.0,0.035,-7.795,1,0.236,282.064,0.624,0.2631,191.033,4.0,1.0,0,1996,chalk farm,0
0.432640532,0.48981262,ARD44H211C8A422686,0.0,0,0.0,This Or The Apocalypse,0.0,death core,0.940802395,331432,0,0.0,0.0,0.245,1.0925,0.533,0.28112,293.66812,0.0,0.543788273,SOWODCW12A58A7AB81,9.0,0.725,-4.256,0,0.621,280.091,0.533,0.28112,163.935,3.0,0.399,0,2008,this or the apocalypse,0
0.470615401,0.355646469,ARTR7971187FB4CF69,41.50471,0,-81.69074,Rocket From The Tombs,0.0,garage rock,0.941092128,715572,0,0.0,1.0,0.457,0.47698,0.457,0.47698,138.44853,0.0,-1.0,SORYXHP12A8BEE954B,9.0,0.0,-7.359,0,0.007,128.772,0.648,0.47698,164.23,1.0,0.0,0,2002,rocket from the tombs,0
0.315307851,0.266645906,ARLV03V1187B9A33A9,0.0,0,0.0,Djelimady Tounkara,0.0,latin jazz,0.882019592,766158,0,0.0,0.0,1.0,0.11843,1.0,0.11843,303.90812,0.321,0.0,SOFEBHT12AB0188E7E,0.0,0.823,-11.576,1,0.707,283.684,0.849,0.11843,125.693,1.0,0.0,0,2001,djelimady tounkara,0
0.74151813,0.52041211,AR1ZKBE1187FB53629,0.0,0,0.0,Kraftwerk,0.0,electronic,1.0,13862,0,0.0,5.0,0.066,0.53281,0.632,0.18584,531.61751,0.0,-1.0,SOUNAQQ12A6701EBA8,2.0,0.901,-9.827,1,0.704,531.617,0.039,0.18584,166.015,4.0,0.85,0,2008,kraftwerk,0
0.421187326,0.310544672,AREDBBQ1187B98AFF5,0.0,0,0.0,Eddie Calvert,0.0,cool jazz,0.963882776,376903,0,0.0,1.0,0.042,0.09199,0.403,0.09199,163.52608,0.0,0.215080319,SOTTFNT12A8C14333D,5.0,0.0,-11.977,1,0.154,163.526,0.359,0.09199,107.302,4.0,0.703,0,2001,eddie calvert,0
0.568427347,0.335041777,ARCRSUM1187FB52AB0,0.0,0,0.0,The Frequency,0.0,chill-out,1.0,489422,0,0.0,0.0,0.557,1.00816,1.0,0.50047,195.21261,0.0,-1.0,SOSCHBV12AB017F968,7.0,0.258,-9.334,1,0.509,190.131,0.774,0.11938,118.008,4.0,1.0,0,2004,the frequency,0
0.775797363,0.60118606,AR13CXU1187B9AD30A,51.52328,0,-0.21346,The Clash,0.0,new wave,0.951904981,289142,0,0.0,2.0,0.075,1.0686,0.723,0.29238,159.65995,2.572,-1.0,SOQKEIO12A8C135319,2.0,0.433,-5.612,1,0.499,155.429,0.621,0.09822,150.871,4.0,1.0,0,1985,the clash,0
0.507430629,0.344984811,ARVTGUZ1187B9AA3DA,30.43977,0,-84.28065,No Address,0.0,post-grunge,1.0,217680,0,0.0,0.0,0.403,1.69464,0.789,0.33116,286.4322,0.293,0.511424326,SOSDPXR12A58A7A45D,5.0,0.923,-8.1,1,0.576,264.423,0.445,0.33116,87.106,4.0,0.837,0,2005,no address,0
0.498758408,0.358423586,ARELMNO1187FB52929,38.03213,0,-78.47753,Bottom Of The Hudson,0.0,free music,0.837944523,710248,0,0.0,0.0,0.958,0.25758,0.958,0.25758,193.35791,0.287,0.215080319,SOAGWGQ12A8C13F9A5,3.0,0.642,-7.474,1,0.49,185.417,0.948,0.25758,106.14,1.0,0.0,0,2005,bottom of the hudson,0
0.573612399,0.372251208,AR11NP91187B9901B4,0.0,0,0.0,The Roches,0.0,singer-songwriter,1.0,762404,0,0.0,2.0,0.0,0.0,1.0,0.96181,165.98159,0.16,0.0,SONWQGF12AB018719A,0.0,0.417,-20.394,1,0.435,160.02,0.087,0.51432,34.335,4.0,0.0,0,1980,the roches,0
0.947327507,0.60725728,AR03BDP1187FB5B324,34.05349,0,-118.24532,Britney Spears,0.0,dance pop,1.0,482410,0,0.0,6.0,0.002,0.67646,0.756,0.21303,530.12853,0.189,-1.0,SOSCFCE12AAF3B1DE5,0.0,0.652,-5.432,1,0.509,517.613,1.0,0.21303,130.012,4.0,0.17,0,2007,britney spears,0
0.558007752,0.414780659,AREOREU1187B99AACD,-41.28054,0,174.76714,Rhian Sheehan,0.0,trip hop,0.906784868,535298,0,0.0,0.0,0.661,0.59554,0.661,0.59554,38.922,0.0,0.0,SOVAGPJ12AB017E892,0.0,0.572,-18.406,1,0.446,38.922,0.505,0.24207,83.412,1.0,0.74,0,2004,rhian sheehan,0
0.360031167,0.296268954,ARGSJW91187B9B1D6B,35.21962,0,-80.01955,JennyAnyKind,0.0,alternative rock,0.956080751,75231,0,0.0,0.0,0.024,3.08546,0.721,2.26191,326.79138,3.175,0.0,SOHDLOZ12A6D223A7A,10.0,0.552,-10.854,0,0.3,307.908,0.218,2.26191,150.243,4.0,0.175,0,2003,jennyanykind,0
0.677550149,0.492132221,ARVWIEH1187B9B39B5,0.0,0,0.0,This Is Hell,0.0,post-hardcore,0.999823218,716004,0,0.0,0.0,0.011,0.64509,0.476,0.26548,119.7971,0.228,0.733956331,SOFNTHT12A58A7D462,8.0,0.184,-5.261,1,0.342,112.205,0.195,0.07318,150.006,4.0,0.0,0,2008,this is hell,0
0.510660236,0.333770845,ARTK5LU1187B9A654C,0.0,0,0.0,Michael Gettel,0.0,chamber jazz,0.960316306,149770,0,0.0,0.0,0.53,1.64732,0.722,0.29532,232.77669,0.0,-1.0,SOIWGSG12A8C133AE2,3.0,0.292,-22.42,1,0.48,217.977,0.662,0.29532,103.3,4.0,0.525,0,1992,michael gettel,0
0.648069465,0.420001071,ARDCE3Q1187B99D0D7,0.0,0,0.0,Non Phixion,0.0,hardcore hip hop,0.922152407,191415,0,0.0,0.0,0.011,0.85071,0.587,0.22916,222.56281,0.497,0.522131585,SOEFIUU12A8C133A2B,10.0,0.1,-5.724,0,0.566,202.461,1.0,0.22916,96.093,4.0,1.0,0,1999,non phixion,0
0.6334089,0.394289662,ARLV8S31187B988B71,46.71067,0,1.71819,Georges Brassens,0.0,chanson,1.0,601969,0,0.0,4.0,0.516,1.81039,0.885,0.10378,100.8322,0.293,-1.0,SOBYMIE12AB017E82A,9.0,0.551,-13.624,1,0.536,94.65,0.373,0.10378,75.064,4.0,0.971,0,1953,georges brassens,0
0.64783484,0.472451772,ARXI7WU1187FB4D75E,17.57975,0,-3.99883,Tinariwen,0.0,blues-rock,0.960857676,484128,0,0.0,1.0,0.482,1.25153,0.162,0.61048,328.85506,0.0,-1.0,SOIPEHH12AB0189DFC,8.0,0.02,-7.155,1,0.312,320.726,0.0,0.18311,93.325,3.0,0.736,0,2009,tinariwen,0
0.918451789,0.819588282,ARVG4OK1187B9B6BD3,0.0,0,0.0,The Killers,0.0,rock,1.0,311155,0,0.0,1.0,0.008,0.91792,0.522,0.45586,269.76608,0.0,-1.0,SOQNLMA12A8C1414FC,11.0,0.106,-7.477,1,0.333,250.746,0.211,0.2231,130.065,4.0,0.0,0,2006,the killers,0
0.433403103,0.315776703,ARM891J1187B991327,0.0,0,0.0,The Wes Montgomery Trio,0.0,smooth jazz,0.963427478,453925,0,0.0,0.0,0.055,0.21968,0.843,0.21968,246.80444,0.163,0.0,SOGWNDQ12A58A7A20D,0.0,0.652,-19.802,1,0.561,240.663,0.532,0.21968,137.11,4.0,0.117,0,1987,the wes montgomery trio,0
0.607326982,0.401144742,ARDK0551187FB5AC48,31.30627,0,-96.89774,Blind Willie Johnson,0.0,texas blues,0.972352995,597081,0,0.0,0.0,0.751,0.46157,0.658,0.46157,187.14077,0.382,-1.0,SOKCMEE12A8C13742B,10.0,0.626,-15.89,1,0.613,181.383,0.591,0.14906,97.761,4.0,1.0,0,1991,blind willie johnson,0
0.865021512,0.916053228,ARJ7KF01187B98D717,0.0,0,0.0,Coldplay,0.0,piano rock,0.91162502,316,0,0.0,3.0,0.088,2.29163,0.332,1.37601,410.8273,0.0,0.564934173,SOIGKCB12A6310F113,5.0,0.463,-8.229,1,0.553,408.079,0.0,1.37601,138.038,4.0,0.59,0,2003,coldplay,0
0.796420044,0.574497026,AR3MSAN1187B98F06B,33.74831,0,-84.39111,OutKast featuring George Clinton,0.0,dirty south rap,0.946580686,294877,0,0.0,2.0,0.571,1.4358,0.753,0.17861,311.30077,0.0,0.627494854,SOJSJBM12A8C1390D7,7.0,0.433,-6.791,1,0.768,303.531,0.559,0.17861,94.904,4.0,0.575,0,1998,outkast featuring george clinton,0
0.731208047,0.547506775,ARQ76LG1187B9ACD84,34.05349,0,-118.24532,Black Flag,0.0,hardcore punk,1.0,729456,0,0.0,2.0,0.066,0.55987,0.278,0.27456,79.51628,0.0,-1.0,SOCKBSD12AB0188C72,9.0,0.631,-4.606,1,0.505,79.516,0.0,0.1319,190.6,4.0,0.581,0,1981,black flag,0
0.632130913,0.472281211,ARO0QD41187FB3AB0A,34.05349,0,-118.24532,Keb' Mo',0.0,blues,1.0,290940,0,0.0,1.0,0.106,1.2107,0.774,0.61666,297.66485,0.0,0.669413098,SOZTGFT12A8C137271,0.0,0.686,-9.032,1,0.458,289.675,1.0,0.61666,106.802,3.0,1.0,0,1996,keb' mo',0
0.69297934,0.536862274,ARJCOPY1187FB5C315,0.0,0,0.0,K'Naan,0.0,hip hop,1.0,110009,0,0.0,1.0,0.348,0.385,0.494,0.385,213.13261,0.0,0.48306456,SOJYWZM12A8C13D52A,3.0,0.0,-14.254,1,0.0,208.922,0.483,0.07646,100.567,3.0,0.082,0,2007,k'naan,0
0.776598968,0.490079584,AR0IVSA1187FB4F069,40.71455,0,-74.00712,Helmet,0.0,rapcore,0.947907239,1537,0,0.0,1.0,0.302,0.10458,1.0,0.10458,206.94159,0.073,0.544514002,SOVKTCY12A6310E1CC,0.0,0.005,-3.568,1,0.203,203.395,1.0,0.10458,112.77,4.0,0.806,0,2004,helmet,0
0.55669334,0.401209642,ARHHNN41187B98B4D5,0.0,0,0.0,Miranda Lee Richards,0.0,chill-out,0.943671698,27316,0,0.0,0.0,0.134,0.93233,0.51,0.4149,243.722,2.038,0.304169503,SOXSUIT12A6D4F48DC,0.0,0.609,-8.141,1,0.659,229.663,0.165,0.15166,116.123,4.0,0.968,0,2001,miranda lee richards,0
0.551311117,0.357663448,ARW3V6T1187B9ACAC4,48.39023,0,-4.48622,Miossec,0.0,chanson,0.978815243,123341,0,0.0,0.0,0.024,1.58583,0.766,0.41705,159.60771,0.392,-1.0,SOSCCOO12A8C13F0AF,9.0,0.802,-8.503,1,0.654,146.326,0.81,0.41705,103.005,4.0,0.648,0,1995,miossec,0
0.81195304,0.578993549,ARWA6NT1187FB3F15C,51.11655,0,-0.18703,The Cure,0.0,new wave,0.952578423,52356,0,0.0,4.0,0.96,0.2548,0.96,0.2548,232.48934,0.206,-1.0,SOAOCAG12A6D4FA89E,2.0,0.759,-11.199,1,0.704,223.893,1.0,0.2548,85.006,1.0,0.0,0,2004,the cure,0
0.682355125,0.39364231,ARFT5CP1187FB50263,0.0,0,0.0,Junior Jack,0.0,progressive house,0.922261838,123659,0,0.0,1.0,0.0,0.0,0.0,0.0,482.55955,0.2,-1.0,SOPEKHR12A6D4FB338,7.0,0.722,-11.985,1,0.63,444.685,0.0,0.0,0.0,3.0,1.0,0,2002,junior jack,0
0.636423645,0.447935481,ARD842G1187B997376,43.64856,0,-79.38533,Blue Rodeo,0.0,country rock,1.0,129671,0,0.0,2.0,0.357,0.4967,0.663,0.18433,213.34159,0.0,0.473346541,SOCFJZY12A8151CDB5,2.0,0.601,-5.972,1,0.713,202.739,0.571,0.02853,189.068,4.0,0.618,0,2005,blue rodeo,0
0.570900104,0.393292711,ARU9Q5Q1187FB3D6EB,34.05349,0,-118.24532,Bobby Hutcherson,0.0,latin jazz,0.887670372,43676,0,0.0,0.0,0.088,0.32967,0.753,0.32967,349.72689,0.241,0.265861049,SOQOEMZ12A6D4F9C52,7.0,0.495,-12.939,0,0.526,320.284,0.589,0.09354,86.446,5.0,0.486,0,1967,bobby hutcherson,0
0.739047424,0.541602503,ARW9QSZ1187FB4B93E,0.0,0,0.0,George Harrison,0.0,classic rock,0.950610369,180861,0,0.0,2.0,0.384,1.7642,1.0,0.08781,238.602,0.229,-1.0,SOSOKDL12AF729F196,7.0,0.643,-6.692,0,0.607,230.394,0.654,0.08781,71.756,4.0,0.117,0,1981,george harrison,0
0.616698192,0.45608052,AR392MV1187FB3C3FE,40.73197,0,-74.17418,Connie Francis,0.0,brill building pop,1.0,179557,0,0.0,1.0,0.2,0.07157,0.2,0.07157,147.17342,0.305,0.377531645,SOVGSQX12A81C22AA5,6.0,0.824,-9.378,1,0.715,139.662,0.2,0.07157,137.99,1.0,0.0,0,1959,connie francis,0
0.582431619,0.409192654,ARXHDZ81187FB43F80,56.95468,0,-98.30897,Adrienne Pierce,0.0,folk-pop,0.988532764,602934,0,0.0,0.0,0.361,0.77232,0.962,0.37376,269.63546,0.121,0.427446572,SOQDSXI12A8C13FB4C,6.0,0.314,-8.425,0,0.599,264.104,0.68,0.17694,151.945,3.0,0.894,0,2008,adrienne pierce,0
0.540037749,0.360053307,AR1N6N61187FB4E25E,23.0833,0,-82.4167,Mongo Santamaria,0.0,latin jazz,1.0,391905,0,0.0,0.0,0.475,0.60854,0.525,0.60854,130.01098,0.316,0.0,SOVJPYN12AB017FA80,8.0,0.762,-23.581,0,0.764,120.581,0.426,0.37815,120.446,4.0,0.876,0,1959,mongo santamaria,0
0.796420044,0.574497026,AR3MSAN1187B98F06B,33.74831,0,-84.39111,OutKast,0.0,dirty south rap,0.946580686,294877,0,0.0,2.0,0.383,0.92242,0.0,0.29073,289.25342,0.0,-1.0,SOEWUJD12A8C1390C2,2.0,0.808,-6.407,1,0.58,276.457,0.0,0.13281,156.688,4.0,0.801,0,1998,outkast,0
0.440042445,0.319119602,ARPN0NC1187B991591,33.51711,0,-90.18043,Guitar Slim,0.0,r&b,1.0,369893,0,0.0,0.0,0.186,0.41984,0.0,0.41984,183.06567,0.345,-1.0,SOUTOWZ12AB0185610,5.0,1.0,-13.164,1,0.733,178.875,0.717,0.41984,96.731,3.0,1.0,0,1953,guitar slim,0
0.796320378,0.524994964,ARGK9MB1187FB37402,40.8448,0,-73.93585,MIMS,0.0,pop rap,0.956605368,414214,0,0.0,1.0,0.096,1.14744,0.645,0.68413,230.53016,0.0,0.407233015,SOKXOSS12AB0183A6D,4.0,0.557,-4.213,1,0.434,228.026,0.545,0.45601,127.779,5.0,1.0,0,2009,mims,0
0.524008172,0.349037894,ARJB9TE1187FB3A9F8,0.0,0,0.0,The Edgar Broughton Band,0.0,protopunk,0.892357443,25289,0,0.0,1.0,0.063,0.32019,0.654,0.32019,245.44608,0.386,0.0,SOEAKUA12A6D4F624B,0.0,0.952,-12.135,1,0.763,235.59,0.069,0.32019,100.799,4.0,0.544,0,1970,the edgar broughton band,0
0.448013836,0.348295197,ARIMW0M1187B99EC59,0.0,0,0.0,TEN MADISON,0.0,downtempo,1.0,121334,0,0.0,0.0,0.015,3.95782,0.0,2.61159,283.76771,7.488,0.407233015,SOCXPZW12A8C141821,4.0,0.178,-7.827,0,0.366,278.245,0.118,2.31198,133.326,5.0,0.974,0,2006,ten madison,0
0.772272161,0.500119335,AREV2491187B9B017E,0.0,0,0.0,Mobb Deep,0.0,gangster rap,0.947694853,284650,0,0.0,1.0,0.011,0.72223,0.687,0.09598,264.64608,0.078,0.609399102,SODUMTY12A8C131295,5.0,0.641,-7.101,1,0.551,248.842,1.0,0.09598,93.976,4.0,1.0,0,1999,mobb deep,0
0.704994472,0.504855154,ARKNOZU1187FB5A371,0.0,0,0.0,Phil Vassar,0.0,country rock,0.917000712,271507,0,0.0,0.0,0.043,2.25599,0.286,0.96325,217.28608,0.571,0.595754054,SOCWNBM12A6D4FCD84,11.0,0.383,-4.35,0,0.438,203.976,0.236,0.63987,94.007,4.0,0.623,0,2008,phil vassar,0
0.63079537,0.398196717,ARKWCGR1187B992B71,0.0,0,0.0,Patricia Kaas,0.0,chanson,1.0,501564,0,0.0,1.0,0.204,2.37004,0.44,1.30159,247.11791,2.287,-1.0,SOAXXGJ12AB0181D28,5.0,0.859,-8.016,1,0.681,233.117,0.0,1.03385,130.272,5.0,0.99,0,1988,patricia kaas,0
0.511743665,0.414631369,ARM4WGN1187FB3C746,0.0,0,0.0,Kyle Eastwood,0.0,hard bop,1.0,495327,0,0.0,0.0,0.111,0.91261,0.669,0.25954,441.7824,0.179,0.445454526,SOKFEUG12AB017E353,10.0,0.549,-12.712,1,0.452,428.083,0.661,0.25954,115.212,4.0,0.102,0,2009,kyle eastwood,0
0.496593065,0.351449541,AR59C6A1187B9B2143,-24.9162,0,133.39311,The Cat's Miaow,0.0,shoegaze,0.943155393,462985,0,0.0,0.0,0.044,1.08177,0.908,0.23502,125.25669,0.444,-1.0,SODQUNS12AB0186868,4.0,0.941,-13.386,1,0.674,119.931,0.777,0.23502,146.909,4.0,0.0,0,1997,the cat's miaow,0
0.698323122,0.531436737,ARZXTEY1187B9997A7,0.0,0,0.0,Juelz Santana,0.0,rap,1.0,20903,0,0.0,0.0,0.134,2.9541,0.244,0.53021,233.92608,0.0,0.733916707,SOVNFJP12AF72A6545,11.0,0.623,-4.148,0,0.575,224.438,0.71,0.32569,99.742,5.0,0.857,0,2005,juelz santana,0
0.471357978,0.283027089,ARJMGMP124BAE72D46,0.0,0,0.0,Gerald Clayton,0.0,nu jazz,0.987420706,580521,0,0.0,0.0,0.51,1.97793,0.405,0.65079,329.37751,0.0,0.358976526,SOJWXCI12AB018E430,10.0,0.287,-16.849,0,0.362,318.537,0.284,0.43753,94.978,3.0,0.622,0,2009,gerald clayton,0
0.508188068,0.0,AR8T56O1187FB51C41,0.0,0,0.0,Bruford,0.0,jazz fusion,1.0,690506,0,0.0,0.0,0.359,0.77582,0.224,0.77582,351.42485,4.859,-1.0,SOQZALM12AC468BFEE,6.0,0.381,-14.857,0,0.385,341.769,0.116,0.2635,78.136,3.0,1.0,0,1979,bruford,0
0.850789989,0.838095532,AR91C8S1187B990901,40.23447,0,-74.29504,Bruce Springsteen,0.0,heartland rock,0.911576134,570833,0,0.0,2.0,0.298,0.38412,0.298,0.38412,591.62077,0.0,-1.0,SONTMSY12AB017B6E1,5.0,0.598,-5.67,1,0.475,584.202,0.252,0.20627,167.559,1.0,0.0,0,1973,bruce springsteen,0
0.559991415,0.362902986,AR6QQY41187B990574,56.46137,0,-2.96761,Danny Wilson,0.0,british pop,0.91052814,22876,0,0.0,1.0,0.086,1.00509,0.639,0.24576,92.42077,4.319,0.0,SOYCNWG12A6D4F88A2,9.0,0.669,-14.655,0,0.633,85.589,0.153,0.05617,158.208,4.0,0.491,0,1987,danny wilson,0
0.350392717,0.293668767,AR0BATO119B34038DB,0.0,0,0.0,The Dreamtree Project,0.0,dub,1.0,244863,0,0.0,0.0,0.013,5.26743,0.163,4.81693,798.1971,12.864,0.327753595,SOAREII12A8C1386EE,0.0,0.243,-16.183,1,0.392,786.471,0.016,4.81693,134.291,4.0,0.417,0,2007,the dreamtree project,0
0.387891459,0.277323648,ARMTIIX1187B9A1896,0.0,0,0.0,XLNC,0.0,bhangra,1.0,85082,0,0.0,0.0,0.0,0.95974,0.749,0.20755,386.55955,0.0,-1.0,SOVRBXC12A6D4F757B,1.0,0.456,-12.373,0,0.365,380.058,0.846,0.20755,160.08,4.0,0.571,0,1998,xlnc,0
0.632718261,0.43659934,ARIMJFK1187FB4ED3E,0.0,0,0.0,Luke Vibert,0.0,trip hop,0.924296241,246707,0,0.0,1.0,0.141,1.48412,0.995,0.31171,418.79465,0.287,0.531580241,SOKJRSY12A58A7AA78,7.0,0.645,-15.199,0,0.503,408.358,0.219,0.16461,101.905,4.0,1.0,0,2005,luke vibert,0
0.591428552,0.385344914,ARRU9GR1187FB43F56,33.46797,0,-82.50293,Blind Willie McTell,0.0,country blues,0.999409041,197998,0,0.0,1.0,0.796,0.57938,0.0,0.04345,116.34893,0.223,-1.0,SODNUSJ12A8C137B05,0.0,0.661,-15.872,1,0.551,110.51,0.601,0.04345,130.36,4.0,0.062,0,2001,blind willie mctell,0
0.401479593,0.268744755,ARBKEA91187B98CE1F,0.0,0,0.0,Claw Hammer,0.0,alternative rock,0.993207291,691786,0,0.0,0.0,0.754,0.69888,0.843,0.28892,291.7873,0.176,0.270775999,SOYXYIF12A58A7B030,11.0,0.513,-9.467,0,0.366,288.078,0.064,0.28892,149.167,4.0,0.421,0,1998,claw hammer,0
0.510301323,0.352976472,ARW45YR1187FB3DE95,0.0,0,0.0,Pierre Perret,0.0,chanson,0.964319421,594658,0,0.0,0.0,0.064,0.905,0.312,0.22789,132.07465,0.221,-1.0,SOZCQEK12A8C130E9E,9.0,0.0,-8.118,1,0.0,127.013,0.35,0.22789,177.809,4.0,0.0,0,2007,pierre perret,0
0.639614201,0.464550281,ARTL6FB1187FB4EAA7,0.0,0,0.0,Kool Keith,0.0,dirty rap,0.89262147,517234,0,0.0,1.0,0.713,0.75454,0.417,0.06825,258.19383,0.0,0.513219142,SOOUUUE12AB01878E1,6.0,0.585,-6.062,0,0.549,245.476,0.758,0.06825,90.902,4.0,0.774,0,1997,kool keith,0
0.763010513,0.537675628,ARBOG0H1187B99F775,47.565,0,-122.62569,MxPx,0.0,christian rock,1.0,239436,0,0.0,2.0,0.748,0.28948,0.748,0.28948,88.73751,0.242,0.454192988,SOXSGQH12A8C1328B2,9.0,0.388,-4.404,1,0.281,85.931,0.392,0.14047,134.492,1.0,0.496,0,2001,mxpx,0
0.743792498,0.472670741,ARYGXKQ11E2835CE3B,0.0,0,0.0,Styles P,0.0,rap,1.0,448487,0,0.0,1.0,0.318,4.95382,0.0,0.27255,85.02812,0.223,0.535953802,SOVFUCQ12AB0185388,6.0,0.36,-11.895,0,0.371,81.032,0.199,0.27255,93.412,3.0,0.949,0,2002,styles p,0
0.691133729,0.531050193,AR9I1L41187FB37F0E,0.0,0,0.0,Harry Connick_ Jr.,0.0,jazz,1.0,281442,0,0.0,1.0,0.813,0.18656,0.813,0.18656,251.76771,0.142,0.502211221,SOPKIWR12AF72AAB2F,0.0,0.466,-6.131,1,0.314,248.053,0.993,0.18656,138.408,1.0,0.025,0,1994,harry connick_ jr.,0
0.465124634,0.298185251,ARS5Z5P1187FB3F325,43.7427,0,-84.62167,"Sex Machine ft. ShA""na",0.0,industrial metal,0.797803394,691606,0,0.0,0.0,0.006,0.59423,0.971,0.12567,418.87302,0.102,-1.0,SOORPNR12AC9072A56,10.0,0.622,-4.956,0,0.558,412.009,1.0,0.12567,127.996,4.0,0.0,0,2006,"sex machine ft. sha""na",0
0.552704815,0.387008322,AR9A5TK1187B9AD07F,0.0,0,0.0,fIREHOSE,0.0,alternative rock,0.980447258,86064,0,0.0,0.0,0.01,0.25241,0.948,0.25241,122.64444,0.218,0.38314502,SOQSUHJ12A6D4F7637,9.0,0.343,-15.855,1,0.276,112.373,1.0,0.25241,108.489,4.0,0.509,0,1988,firehose,0
0.520204911,0.361509802,ARWGIOC1187FB4CBEF,37.16793,0,-95.84502,Jim Chappell,0.0,chamber jazz,0.978177995,517774,0,0.0,0.0,0.868,0.13079,0.868,0.13079,227.36934,0.311,0.0,SOJZSIH12AB0186BB1,0.0,0.594,-14.893,1,0.599,211.911,0.745,0.13079,126.052,1.0,0.0,0,1994,jim chappell,0
0.589174876,0.442285782,AR813LR1187FB3F83A,0.0,0,0.0,Goldfish,0.0,chill-out,0.914382622,370167,0,0.0,0.0,0.016,0.71624,0.554,0.28997,159.45098,0.0,0.212045406,SOQOFLM12AB01865FA,9.0,0.0,-5.529,0,0.0,156.688,0.731,0.07945,139.987,4.0,0.957,0,2007,goldfish,0
0.618002715,0.349476327,ARU9KWP1187B98B2A7,0.0,0,0.0,Busdriver featuring Abstract Rude & Ellay Khule,0.0,alternative hip hop,0.871237163,704376,0,0.0,1.0,0.034,0.15838,0.362,0.15838,255.63383,0.0,0.53238942,SORRETW12A58A7A840,3.0,0.012,-12.09,1,0.228,228.769,0.0,0.15838,114.895,4.0,0.804,0,2005,busdriver featuring abstract rude & ellay khule,0
0.565089892,0.448593803,AR1DLF21187FB3CBF0,0.0,0,0.0,4Him,0.0,ccm,1.0,575275,0,0.0,0.0,0.375,0.04047,0.834,0.04047,296.98567,2.003,0.405115722,SORJAAC12AB0184C9E,0.0,0.456,-9.908,1,0.673,276.312,0.596,0.04047,139.919,4.0,0.707,0,1995,4him,0
0.527339184,0.310556083,ARUP17W1187B98CAB9,0.0,0,0.0,Charlie Byrd,0.0,bossa nova,0.969691809,188444,0,0.0,1.0,0.833,0.09371,0.833,0.09371,229.32853,0.148,-1.0,SOIRSKB12A8C13365C,0.0,0.675,-14.048,1,0.472,218.43,0.026,0.09371,109.542,1.0,0.015,0,1991,charlie byrd,0
0.624252499,0.462190105,ARZVTZN1187FB579D4,32.20049,0,-94.35887,Jim Reeves,0.0,country gospel,1.0,298557,0,0.0,1.0,0.051,0.97429,0.635,0.21581,175.01995,0.165,0.304169503,SOEDYHS12A8C139D4E,11.0,1.0,-11.727,1,0.761,167.706,0.516,0.21581,158.763,3.0,0.634,0,2000,jim reeves,0
0.707839968,0.532445871,ARYML1P1187B9AF39B,0.0,0,0.0,Devo,0.0,rock,1.0,626438,0,0.0,1.0,0.072,0.76072,0.646,0.34613,264.33261,0.076,-1.0,SOAOJRS12A6D4FBDEE,2.0,0.67,-10.499,1,0.525,248.761,0.622,0.13831,144.801,4.0,1.0,0,1984,devo,0
0.803836826,0.58257534,ART4QZC1187FB51612,0.0,0,0.0,Janet Jackson,0.0,dance pop,1.0,207306,0,0.0,1.0,0.486,0.86704,0.625,0.33416,263.02649,7.906,-1.0,SORZIBX12CF546516B,1.0,0.613,-7.006,1,0.615,251.31,0.5,0.06378,114.024,4.0,1.0,0,2008,janet jackson,0
0.502245023,0.215958703,ARTJ9GZ1187B9B46DE,41.88415,0,-87.63241,Young-Holt Unlimited,0.0,soul jazz,0.97882545,51853,0,0.0,0.0,0.051,1.86168,0.864,0.39468,176.63955,0.089,-1.0,SOLSRWZ12A6D4FA452,2.0,0.77,-11.987,1,0.519,165.355,0.0,0.19101,166.796,7.0,0.0,0,1970,young-holt unlimited,0
0.604282094,0.407539019,AR2VROU1187FB532D7,40.65507,0,-73.94888,The Tokens,0.0,doo-wop,0.940541331,295008,0,0.0,0.0,0.524,2.10205,0.0,0.6693,154.06975,2.159,-1.0,SOPXQOC12A8C13A02A,0.0,0.523,-10.319,1,0.459,147.783,0.198,0.19091,83.809,4.0,1.0,0,1994,the tokens,0
0.489712437,0.25109374,AR74W1A1187FB5ACFC,48.20254,0,16.3688,Devanic,0.0,melodic death metal,1.0,417438,0,0.0,1.0,0.197,1.11236,0.0,0.42949,336.06485,0.0,-1.0,SOSZFJT12AB0181E84,4.0,0.034,-7.071,1,0.239,326.507,0.092,0.20077,87.044,4.0,0.437,0,2006,devanic,0
0.832011769,0.677482479,ARC8CQZ1187B98DECA,0.0,0,0.0,Jack Johnson,0.0,rock,1.0,277881,0,0.0,2.0,0.006,0.73432,1.0,0.30519,264.82893,0.259,0.73761557,SOWGZFG12A8151AF41,11.0,0.015,-6.892,0,0.17,252.395,0.986,0.0917,142.449,4.0,0.435,0,2008,jack johnson,0
0.691133729,0.531050193,AR9I1L41187FB37F0E,0.0,0,0.0,Harry Connick_ Jr,0.0,jazz,1.0,281438,0,0.0,1.0,0.0,0.31178,0.0,0.31178,192.07791,3.849,0.0,SOQDVVL12A8C134181,0.0,0.22,-10.7,1,0.499,189.678,0.0,0.14639,181.469,4.0,0.174,0,1979,harry connick_ jr,0
0.537088297,0.352919184,ARF3L8J1187B9B7866,37.97615,0,23.73641,Astarte,0.0,black metal,1.0,127716,0,0.0,1.0,0.036,1.20497,0.714,0.43928,419.97016,0.724,0.345802234,SOTCZGT12A8A9D862E,9.0,0.395,-4.012,0,0.296,407.609,0.458,0.24618,156.15,4.0,0.713,0,1998,astarte,0
0.582061745,0.404910014,AR0J0OD1187FB3AFB5,0.0,0,0.0,The Scare,0.0,art rock,0.869645752,537429,0,0.0,0.0,0.002,0.90457,0.687,0.32719,209.71057,0.273,-1.0,SODNYDT12AB0182DF5,7.0,0.403,-4.745,1,0.502,201.445,0.759,0.03567,110.161,4.0,0.292,0,2009,the scare,0
0.527339184,0.310556083,ARUP17W1187B98CAB9,0.0,0,0.0,Charlie Byrd,0.0,bossa nova,0.969691809,318947,0,0.0,1.0,0.218,0.84568,0.702,0.34037,361.56036,0.328,-1.0,SOIZTET12AB017EEBF,2.0,0.358,-22.937,0,0.451,355.509,0.138,0.08297,121.887,4.0,0.162,0,2004,charlie byrd,0
0.642280769,0.411195688,AR35YUO1187B9AD83E,55.8578,0,-4.24251,Wet Wet Wet,0.0,blue-eyed soul,1.0,2402,0,0.0,1.0,0.205,0.56039,0.706,0.56039,242.65098,0.155,0.561428518,SODXFVY12A6310ECF2,2.0,0.928,-7.811,1,0.854,233.523,0.883,0.24354,95.465,4.0,0.43,0,2004,wet wet wet,0
0.57810363,0.414892612,AR1RHCO1187B9AF0BF,37.77916,0,-122.42005,Vince Guaraldi Trio,0.0,latin jazz,1.0,350410,0,0.0,0.0,0.395,0.36363,0.681,0.36363,242.9122,0.252,0.265861049,SOFCDUZ12AB01861C6,2.0,0.549,-25.924,0,0.529,230.76,0.236,0.02213,92.4,3.0,0.253,0,1964,vince guaraldi trio,0
0.602264047,0.44057753,ARE8LV21187B9B9A6B,34.05349,0,-118.24532,Shifty,0.0,hard house,0.943000998,2014,0,0.0,0.0,0.395,0.45283,0.556,0.08602,192.91383,0.0,0.594483379,SOFKYTG12A6D4F7275,3.0,0.0,-5.295,1,0.134,179.409,0.0,0.08602,163.884,4.0,0.337,0,2004,shifty,0
0.573719855,0.377382917,ARDF6RM1187FB5A409,40.71455,0,-74.00712,Martin Denny,0.0,exotica,0.996033346,725036,0,0.0,1.0,0.499,0.25161,0.499,0.25161,144.71791,0.061,-1.0,SONZWRE12AB018B938,3.0,0.328,-17.306,1,0.537,134.989,0.317,0.25161,125.052,1.0,0.0,0,1996,martin denny,0
0.555730918,0.352868134,ARQRD391187FB5515A,0.0,0,0.0,Chelsea,0.0,pop rock,1.0,527947,0,0.0,1.0,0.868,4.99164,0.74,0.2749,301.71383,0.0,-1.0,SOUVJAU12A58A7A14B,11.0,0.607,-9.869,0,0.242,295.439,0.25,0.2749,86.727,4.0,0.667,0,1979,chelsea,0
0.581475219,0.298377039,AR05IU31187B9B9A1A,42.84751,0,-2.67973,Alex Ubago,0.0,latin pop,0.866851095,217967,0,0.0,0.0,0.031,3.47601,0.579,1.59393,201.09016,4.505,0.408110884,SOZTUDR12A8C13FE3F,9.0,0.671,-8.205,1,0.66,189.817,0.123,1.28232,96.7,7.0,0.81,0,2003,alex ubago,0
0.933916106,0.778673579,AR52EZT1187B9900BF,40.8079,0,-73.9454,Alicia Keys,0.0,neo soul,0.999984594,505788,0,0.0,2.0,0.094,1.67319,0.18,0.5127,183.43138,0.0,0.684472942,SOTTYPP12AB017AC2D,1.0,0.477,-9.74,1,0.354,173.894,0.555,0.07715,105.775,4.0,0.986,0,2003,alicia keys,0
0.573243195,0.382961658,ARZIXB81187B98FCEC,0.0,0,0.0,The Plimsouls,0.0,jangle pop,0.985654948,756813,0,0.0,0.0,0.025,1.04949,0.737,0.5552,147.9571,0.0,0.508067506,SOQUHYB12AB0186630,4.0,0.342,-7.842,1,0.438,147.957,0.821,0.30795,123.452,4.0,1.0,0,1981,the plimsouls,0
0.916058239,0.535408379,ARKZJ301187FB521B2,0.0,0,0.0,Lily Allen,0.0,ska,1.0,435057,0,0.0,2.0,0.062,0.9146,0.978,0.31389,234.1873,0.219,-1.0,SOHAHVO12AB017D096,5.0,0.041,-7.794,1,0.262,225.982,0.0,0.31389,99.982,4.0,0.926,0,2009,lily allen,0
0.872325597,0.535891043,AR38I491187B9B2F2D,0.0,0,0.0,Lil Boosie feat. Bun B_ Trae_ Yo Gotti & Foxx,0.0,gangster rap,0.999776674,754697,0,0.0,0.0,0.167,1.26778,0.485,0.30798,318.79791,0.0,0.253834736,SOQHGND12AB018C00F,9.0,0.007,-13.135,1,0.115,310.886,0.495,0.06297,125.827,7.0,0.313,0,2009,lil boosie feat. bun b_ trae_ yo gotti & foxx,0
0.864867842,0.766076164,ARKR75V1187FB3D4D5,0.0,0,0.0,My Chemical Romance,0.0,emo,1.0,2005,0,0.0,1.0,0.008,0.2453,0.725,0.2453,57.18159,0.189,0.833658152,SOMTYLD12AF72A6883,6.0,0.0,-22.42,0,0.235,54.608,0.566,0.2453,132.474,3.0,1.0,0,2004,my chemical romance,0
0.713322147,0.473613189,AR6CLFP1187B9ACB94,0.0,0,0.0,Daniel Johnston,0.0,power pop,0.987541562,93091,0,0.0,1.0,0.787,0.39287,0.787,0.39287,219.76771,0.092,0.685274902,SOJBLIX12A8C1373C7,9.0,0.678,-24.308,1,0.443,217.536,0.317,0.06677,92.938,1.0,0.23,0,1983,daniel johnston,0
0.377906057,0.226754095,ARGVBQ31187B9A5F3C,0.0,0,0.0,Eyes Cream,0.0,progressive house,0.922517383,148979,0,0.0,0.0,0.013,0.18186,0.784,0.18186,492.30322,0.624,0.0,SOUBBVK12A8C1344A6,0.0,0.769,-7.052,0,0.66,487.845,0.841,0.18186,129.994,4.0,0.54,0,2002,eyes cream,0
0.509793846,0.400237198,ARTXNYR12802FDE977,0.0,0,0.0,ZombieSuckers,0.0,horror punk,0.96606988,759854,0,0.0,0.0,0.406,10.64564,0.371,1.40443,62.95465,0.109,-1.0,SODHOGM12AB018A4FA,1.0,0.0,-22.904,1,0.0,62.955,0.224,0.32539,42.58,4.0,0.0,0,2010,zombiesuckers,0
0.796419804,0.574497026,AR3MSAN1187B98F06B,33.74831,0,-84.39111,OutKast,0.0,dirty south rap,0.946580686,294860,0,0.0,2.0,0.309,1.259,0.616,0.62701,118.9873,0.386,0.769733162,SOARSSE12A58A7BA9A,1.0,0.792,-10.817,1,0.638,113.505,0.0,0.30811,95.381,4.0,1.0,0,1996,outkast,0
0.749217793,0.544321915,ARNHMFD1187FB3B3F6,40.72023,0,-73.24922,LL Cool J / Freeway,0.0,hip hop,0.999864225,32887,0,0.0,1.0,0.816,0.21956,0.816,0.21956,264.48934,0.183,0.413739836,SOFICXV12A6D4F84D5,1.0,0.367,-4.628,1,0.223,261.3,0.905,0.21956,50.51,1.0,0.0,0,2006,ll cool j / freeway,0
0.581793766,0.401997543,ARD7TVE1187B99BFB1,0.0,0,0.0,Casual,0.0,hip hop,1.0,368596,0,0.0,0.0,0.184,1.17194,0.542,0.40327,213.55057,3.483,-1.0,SOXPJJT12AB01843F5,11.0,0.305,-5.846,1,0.442,213.551,0.763,0.21188,156.007,4.0,0.0,0,2008,casual,0
0.517480572,0.43280431,ARD5SR21187B9B5F4A,60.99655,0,24.49511,Irwin Goodman,0.0,german pop,0.986894982,68561,0,0.0,1.0,0.11,1.09546,0.0,0.47674,200.9073,3.437,-1.0,SONHGXE12A67ADE77C,9.0,0.305,-5.901,1,0.496,191.599,0.16,0.15786,108.199,4.0,0.675,0,1977,irwin goodman,0
0.576645316,0.393945814,ARYXELS1187B9A5991,41.50471,0,-81.69074,Albert Ayler,0.0,free jazz,1.0,595767,0,0.0,0.0,0.144,1.08897,0.199,1.08897,632.34567,0.0,-1.0,SONGCRV12AC468AE46,11.0,0.531,-9.8,0,0.469,623.618,0.046,0.65904,71.642,5.0,0.864,0,1969,albert ayler,0
0.702077834,0.330820071,AR8ZHWS1187B98CED1,0.0,0,0.0,Monty Are I,0.0,post-hardcore,1.0,179583,0,0.0,0.0,0.427,0.07135,0.758,0.07135,245.10649,2.728,0.662493161,SOKZSOY12A81C206D5,8.0,0.452,-4.654,0,0.498,232.885,0.206,0.07135,189.917,4.0,0.297,0,2006,monty are i,0
0.844039532,0.524378988,ARUSOMY1187FB4D3B4,0.0,0,0.0,Anti-Flag,0.0,oi,0.999917452,237924,0,0.0,4.0,0.024,0.82977,0.577,0.51622,115.53914,0.0,0.630325327,SOFTBIU12A8C130B7E,1.0,0.629,-3.116,1,0.603,109.389,0.404,0.35188,189.134,4.0,0.0,0,2003,anti-flag,0
0.821121431,0.476803354,AR93WAA1187FB42116,41.35644,0,-72.09647,Cassie,0.0,r&b,0.90616287,45686,0,0.0,1.0,0.54,1.24205,0.0,0.12152,222.74567,3.431,-1.0,SOKDLKT12A6D4F9F46,8.0,0.319,-8.081,1,0.465,222.746,0.11,0.12152,52.711,4.0,0.774,0,2006,cassie,0
0.704411407,0.469425908,ARD0FN11187B9B25CD,40.85715,0,-73.85678,Bobby Darin,0.0,brill building pop,1.0,163941,0,0.0,2.0,0.057,0.35913,0.0,0.35913,147.93098,2.305,-1.0,SOKRTKJ12A58A7B5DD,0.0,0.904,-8.774,1,0.713,140.73,0.252,0.19154,181.368,4.0,0.35,0,2008,bobby darin,0
0.635757022,0.379436972,AR0X3JJ1187FB3A9A7,0.0,0,0.0,Hank Locklin,0.0,honky tonk,1.0,610045,0,0.0,0.0,0.017,1.08013,0.0,0.07304,143.35955,0.0,0.690290538,SOXRVYA12A8C1425A7,0.0,0.0,-10.067,0,0.239,140.701,0.339,0.07304,122.798,4.0,0.0,0,1960,hank locklin,0
0.618765786,0.409134869,ARJDMBO1187B9AD118,0.0,0,0.0,Johnny Osbourne,0.0,roots reggae,0.910303408,268570,0,0.0,0.0,0.081,0.10301,1.0,0.10301,216.65914,0.164,-1.0,SOZJCYY12A8C13EFC7,9.0,0.0,-11.902,0,0.228,210.518,0.958,0.10301,105.261,4.0,0.841,0,1979,johnny osbourne,0
0.60425956,0.461023016,AR0CDSK1187FB52ED6,0.0,0,0.0,Asleep At The Wheel,0.0,western swing,1.0,251120,0,0.0,1.0,0.739,0.58842,0.739,0.58842,180.50567,0.0,-1.0,SOWOHFX12A8C138B5D,9.0,0.566,-7.828,1,0.638,170.939,0.756,0.58842,78.087,1.0,0.0,0,2007,asleep at the wheel,0
0.517186242,0.322049814,ARKV9PA1187B9A6963,51.51262,0,-0.47261,The Birds,0.0,freakbeat,1.0,40071,0,0.0,0.0,0.345,0.72309,0.743,0.30176,162.66404,0.08,-1.0,SOCXYGU12A6D4F834D,5.0,0.658,-9.936,0,0.426,155.15,0.398,0.0943,139.811,4.0,0.0,0,2001,the birds,0
0.847754656,0.494206855,ARJBWQI1187B9B17D1,0.0,0,0.0,Trivium,0.0,alternative metal,1.0,186124,0,0.0,1.0,0.258,0.66152,0.505,0.07512,360.75057,0.0,-1.0,SOEONAT12A8AE48F90,6.0,0.821,-3.134,0,0.842,343.133,0.72,0.07512,105.54,4.0,0.473,0,2004,trivium,0
0.749876367,0.528302262,AREHK7O1187B9ADDD7,0.0,0,0.0,The Cardigans,0.0,twee pop,0.946316111,191758,0,0.0,2.0,0.006,0.38927,0.774,0.38927,211.35628,0.699,0.654651728,SOZQDRV12A8C133FB1,4.0,0.586,-4.659,1,0.547,203.14,0.714,0.20832,161.994,4.0,0.391,0,1994,the cardigans,0
0.823548253,0.507115549,ARB6OGR1187FB4D43D,43.58015,0,7.12123,M83,0.0,shoegaze,1.0,216244,0,0.0,1.0,0.197,4.01151,0.0,0.2497,219.24526,0.984,0.852088918,SODEIVI12A8C13266D,7.0,0.446,-11.451,1,0.569,208.672,0.0,0.2497,96.047,7.0,0.841,0,2008,m83,0
0.469788161,0.435798645,AR68V7Z1187B9A2FCA,51.16418,0,10.45415,Polkaholix,0.0,polka,1.0,149290,0,0.0,1.0,0.045,0.20105,1.0,0.20105,190.56281,0.381,-1.0,SORLKWU12A8C137F18,9.0,0.375,-6.196,0,0.397,184.854,1.0,0.20105,144.001,4.0,0.0,0,2007,polkaholix,0
0.635087811,0.406508249,ARMR44C1187FB433D2,0.0,0,0.0,Penguin CafA(c) Orchestra,0.0,chamber jazz,1.0,23172,0,0.0,1.0,0.0,0.08839,0.0,0.08839,275.12118,0.189,0.512253654,SORZYXM12A6D4F7F55,2.0,1.0,-19.453,1,0.717,264.94,0.242,0.08839,191.61,1.0,0.0,0,1987,penguin cafa(c) orchestra,0
0.492199331,0.344972456,AR0PUK71187B9AC3C0,40.71455,0,-74.00712,Marvin Hamlisch,0.0,show tunes,0.864247512,406415,0,0.0,0.0,0.004,0.73524,0.994,0.1178,209.34485,0.421,0.582756026,SOBTTGX12AB017EEE8,6.0,0.499,-16.43,1,0.462,201.195,0.363,0.1178,92.87,4.0,0.579,0,1977,marvin hamlisch,0
0.858677442,0.618219159,AR46CAD1187FB4D84B,34.05349,0,-118.24532,Bad Religion,0.0,hardcore punk,1.0,104838,0,0.0,2.0,0.021,1.2918,0.758,0.4467,138.84036,0.2,0.674142968,SOADJND12A8C13BAE1,9.0,0.495,-3.677,0,0.47,134.031,0.927,0.23647,140.202,4.0,0.502,0,2002,bad religion,0
0.772518285,0.578790799,ARN7POH1187B9B301E,0.0,0,0.0,Jessica Simpson,0.0,teen pop,1.0,292377,0,0.0,1.0,0.222,0.39674,0.764,0.39674,196.12689,2.38,0.0,SOGBQDZ12A8C135533,7.0,0.537,-6.224,1,0.608,185.278,0.453,0.0941,99.909,4.0,0.0,0,2004,jessica simpson,0
0.472073585,0.391267796,ARIILLG1187FB5CC81,0.0,0,0.0,Jim Breuer,0.0,progressive metal,1.0,21009,0,0.0,0.0,0.047,2.74345,0.49,0.10368,478.92853,0.0,0.48456253,SODYWNH12A6D4F7B58,0.0,0.268,-9.639,0,0.247,468.132,0.783,0.10368,83.61,5.0,0.422,0,2002,jim breuer,0
0.612953154,0.454541929,AR3QRJ91187B98E4C2,48.85692,0,2.34121,Jacques Dutronc,0.0,chanson,1.0,280528,0,0.0,2.0,0.287,3.02679,0.287,3.02679,142.91546,3.228,0.38293509,SOKHBNW12A8AE48A58,7.0,0.592,-10.592,1,0.438,133.126,0.272,3.02679,130.196,1.0,0.412,0,1989,jacques dutronc,0
0.657826294,0.446170543,ARC7C241187B990F7F,33.74831,0,-84.39111,Becoming The Archetype,0.0,christian metal,0.978119704,343203,0,0.0,1.0,0.073,0.90311,0.278,0.04609,389.95546,2.583,0.696230193,SOBREKP12AB017DD9B,2.0,0.391,-4.757,0,0.449,371.032,0.198,0.04609,85.061,4.0,0.616,0,2008,becoming the archetype,0
0.59088507,0.37884706,ARYOJU01187FB3BC44,52.1082,0,5.32986,Jeckyll & Hyde,0.0,hardstyle,0.93992793,120852,0,0.0,0.0,0.066,0.86377,0.995,0.44047,220.55138,2.043,-1.0,SOXDCGA12A8C141720,7.0,0.056,-5.521,1,0.345,213.682,0.46,0.22668,140.032,4.0,0.924,0,2007,jeckyll & hyde,0
0.644519692,0.405618982,ARQDWBG1187B9891D7,0.0,0,0.0,Zeromancer,0.0,industrial rock,0.855788212,8862,0,0.0,1.0,0.068,0.70836,0.828,0.25098,236.53832,0.223,0.864141654,SOVXUBX12A58A782FD,10.0,0.632,-5.832,0,0.35,221.414,0.85,0.25098,130.0,4.0,0.501,0,2001,zeromancer,0
0.88792045,0.670383829,ARN5NHX1187FB4F755,41.88415,0,-87.63241,The Smashing Pumpkins,0.0,alternative rock,0.999975647,10149,0,0.0,2.0,0.712,1.19338,1.0,0.4791,184.39791,0.371,0.584437156,SOZQHDM12A67020FA7,6.0,0.0,-16.358,1,0.325,175.955,0.586,0.13141,88.794,4.0,0.946,0,1995,the smashing pumpkins,0
0.598985507,0.40411691,ARVI9KK1187B9AACB4,0.0,0,0.0,Jan Wayne,0.0,eurodance,0.955948287,58420,0,0.0,0.0,0.02,0.24358,0.649,0.24358,230.76526,0.0,0.265861049,SOVVINA12A6D4FA730,0.0,0.669,-5.418,1,0.526,225.181,1.0,0.03047,140.045,4.0,0.441,0,2003,jan wayne,0
0.596184927,0.427479242,AREBWEH1187B99EA9A,0.0,0,0.0,Beherit,0.0,illbient,0.921677475,490988,0,0.0,1.0,0.349,0.70795,0.596,0.24837,192.13016,0.142,0.545230294,SOMWELJ12AB0184C6D,1.0,0.58,-3.798,0,0.436,180.837,0.765,0.24837,133.954,3.0,0.426,0,1990,beherit,0
0.933916106,0.821648467,AR52EZT1187B9900BF,40.8079,0,-73.9454,Alicia Keys,0.0,neo soul,0.999984594,307580,0,0.0,2.0,0.322,0.27874,0.0,0.27874,244.45342,0.0,0.623448449,SOXQVZC12A8C13C5D9,6.0,0.649,-12.518,1,0.35,244.453,0.0,0.27874,74.078,7.0,1.0,0,2005,alicia keys,0
0.610330728,0.407821565,ART6QCS1187FB40CBD,0.0,0,0.0,Los AutA(c)nticos Decadentes,0.0,cumbia,0.921835331,509686,0,0.0,0.0,0.208,0.40535,0.588,0.40535,172.09424,0.2,0.334706549,SODMNJR12AB0183BC5,9.0,0.557,-8.693,1,0.381,164.217,0.463,0.0615,117.683,5.0,0.288,0,1989,los auta(c)nticos decadentes,0
0.934935267,0.787005469,ARKSZW81187B9B695D,40.71455,0,-74.00712,Mariah Carey,0.0,dance pop,1.0,8456,0,0.0,1.0,0.076,2.04725,0.729,0.06357,196.93669,0.0,0.564258739,SOZTULX12A6701E7EF,7.0,0.045,-10.187,1,0.291,192.737,0.861,0.06357,120.083,7.0,1.0,0,2002,mariah carey,0
0.58893851,0.377961532,AR1XE381187FB4C685,34.05349,0,-118.24532,Kane,0.0,blues-rock,1.0,307881,0,0.0,0.0,0.021,4.13287,0.896,3.46944,220.76036,4.325,-1.0,SOXAATM12A58A7ABA8,3.0,0.116,-10.262,1,0.341,202.6,0.0,3.46944,89.975,3.0,1.0,0,2005,kane,0
0.831163941,0.57893354,AR040QX1187FB4CFE1,0.0,0,0.0,Alexisonfire,0.0,post-hardcore,0.999740332,225353,0,0.0,0.0,0.114,1.70561,0.17,0.38121,212.11383,0.0,-1.0,SOZGQLE12AB018672C,8.0,0.308,-4.829,1,0.479,208.44,0.664,0.21539,89.89,3.0,0.575,0,2005,alexisonfire,0
0.698969925,0.486783025,ARBHBE91187B9A1F58,0.0,0,0.0,Jonny Lang,0.0,blues-rock,0.941207159,246493,0,0.0,0.0,0.062,0.63612,0.642,0.09567,182.80444,4.661,0.636381565,SOLASJA12AB01896B8,7.0,0.729,-6.825,1,0.454,172.089,0.578,0.09567,111.266,4.0,0.766,0,2006,jonny lang,0
0.578648939,0.376582962,ARIJE101187FB45E88,0.0,0,0.0,Ben Harper And The Blind Boys Of Alabama,0.0,blues-rock,0.907206685,2434,0,0.0,0.0,0.243,1.25127,0.57,0.51534,234.65751,0.0,0.653870886,SOZOKIL12A6701EE9B,6.0,0.458,-9.768,0,0.243,232.525,0.907,0.51534,164.637,4.0,1.0,0,2004,ben harper and the blind boys of alabama,0
0.673653885,0.461679633,AR4Y1BM1187B99A1EF,0.0,0,0.0,Deitrick Haddon,0.0,roots reggae,0.946496306,312854,0,0.0,0.0,0.027,0.97462,0.249,0.06029,234.47465,0.0,0.561428518,SOLMEXI12A8C140CF9,0.0,0.476,-6.814,1,0.509,222.198,1.0,0.06029,131.065,4.0,1.0,0,2008,deitrick haddon,0
0.630130467,0.469965125,AROU5DG1187FB562B5,0.0,0,0.0,Shapeshifters,0.0,progressive house,0.9265056,693183,0,0.0,1.0,0.048,0.48847,0.556,0.03419,467.43465,0.0,0.565715851,SOLIGUP12AC9073063,11.0,0.785,-7.19,0,0.631,461.822,1.0,0.03419,131.996,4.0,0.0,0,2008,shapeshifters,0
0.541968375,0.417885349,ARWJHW61187B98FA8E,-4.03479,0,21.75627,Papa Wemba,0.0,soukous,1.0,28908,0,0.0,0.0,0.163,0.96992,0.388,0.32633,293.53751,0.0,-1.0,SOYECRB12A6D4F4BE0,7.0,0.887,-10.614,1,0.73,289.831,0.278,0.19813,92.379,3.0,0.989,0,1998,papa wemba,0
0.617608694,0.405967369,ARKL75U1187FB5B8B6,43.01437,0,-88.23546,BoDeans,0.0,roots rock,0.977056738,164097,0,0.0,0.0,0.004,1.37702,0.745,0.38337,284.76036,0.171,0.367273416,SOKYVJB12A8C13E23C,2.0,0.742,-10.631,1,0.72,274.733,0.571,0.13434,120.277,4.0,1.0,0,1989,bodeans,0
0.709198455,0.455774854,ARIGKCK1187FB5C99B,0.0,0,0.0,Lightnin' Hopkins,0.0,texas blues,1.0,384036,0,0.0,1.0,0.428,0.71015,1.0,0.12838,70.53016,0.34,0.375984302,SOBUSAT12AAF3B3A7A,8.0,0.009,-17.332,1,0.362,70.53,0.93,0.12838,94.807,3.0,0.797,0,1999,lightnin' hopkins,0
0.580204476,0.400306607,ARI2G3D1187B98D8A0,0.0,0,0.0,Extrabreit,0.0,new wave,0.990069821,479116,0,0.0,2.0,0.132,0.91714,0.762,0.04781,248.86812,0.0,-1.0,SODRPTB12A8C144BB7,5.0,0.695,-5.004,1,0.512,248.868,0.694,0.04781,138.517,4.0,0.781,0,1993,extrabreit,0
0.606102515,0.396018754,AR3PDNJ1187B9AF3F0,0.0,0,0.0,Vixen,0.0,gabba,0.907332249,22583,0,0.0,0.0,0.023,0.98386,0.708,0.50541,259.60444,0.462,0.673122308,SOZVTZB12A58A7AEE4,11.0,0.323,-14.109,0,0.341,239.009,0.923,0.26438,124.67,4.0,0.509,0,1988,vixen,0
0.537385267,0.370540726,AR18AJW1187FB3F9FA,0.0,0,0.0,F.I.R.,0.0,chinese music,0.944663237,774095,0,0.0,1.0,0.126,1.15154,0.849,1.15154,232.48934,0.898,0.480236921,SOGBVCL12AB0187F83,5.0,0.694,-6.388,0,0.735,218.552,0.171,0.98063,85.96,4.0,0.485,0,2009,f.i.r.,0
0.626803106,0.405234691,ARJ9DSA1187B990E00,0.0,0,0.0,John Mayall & The Bluesbreakers,0.0,blues-rock,0.97665497,45175,0,0.0,2.0,0.135,2.53345,0.638,0.51371,129.48853,0.2,-1.0,SODRNQF12AB0182322,2.0,0.151,-6.316,1,0.437,123.35,0.392,0.25654,117.73,5.0,1.0,0,1988,john mayall & the bluesbreakers,0
0.790922848,0.601184942,ARR9XGB1187B9912E6,0.0,0,0.0,Boyz II Men,0.0,new jack swing,1.0,538039,0,0.0,1.0,0.009,0.79812,0.311,0.27201,245.75955,0.113,-1.0,SOKALAO12AB017F5B3,9.0,0.055,-7.943,0,0.198,235.259,0.922,0.27201,112.258,4.0,0.897,0,1991,boyz ii men,0
0.547325147,0.359709363,ARBJI5N1187FB400D0,40.71455,0,-74.00712,Jay & The Americans,0.0,soft rock,0.965944811,23951,0,0.0,0.0,0.115,1.51816,0.875,0.1148,173.58322,0.392,0.427446572,SOXGZAI12A6D4F4199,10.0,0.537,-16.685,0,0.434,169.378,0.324,0.1148,86.442,4.0,0.921,0,1990,jay & the americans,0
0.5623863,0.390361005,ARYC2P31187B9B9AB7,0.0,0,0.0,Seguridad Social,0.0,rumba,0.806943617,17127,0,0.0,0.0,0.262,0.88681,0.0,0.19479,278.38649,0.545,0.0,SOFDOQF12A67ADD049,5.0,1.0,-8.978,1,0.749,278.386,0.468,0.19479,174.037,4.0,0.0,0,1991,seguridad social,0
0.610427725,0.438168226,ARTBFV61187FB3C250,34.05349,0,-118.24532,Johnny Horton,0.0,country rock,0.99519221,477767,0,0.0,1.0,0.844,0.41018,0.844,0.41018,132.23138,0.138,0.439202489,SOYRTWG12A8C142BC1,7.0,0.623,-11.806,1,0.403,127.507,0.631,0.2417,179.49,1.0,0.0,0,2000,johnny horton,0
0.609636698,0.382593001,ARRT66G1187FB3DDF9,0.0,0,0.0,Freddie King,0.0,texas blues,1.0,624882,0,0.0,1.0,0.023,0.56375,0.34,0.18907,332.45995,0.264,-1.0,SORAUDM12AB0181656,2.0,1.0,-13.607,1,0.637,328.255,0.34,0.18907,159.869,4.0,0.809,0,1971,freddie king,0
0.456620687,0.34776698,ARJJYQS1187B996882,0.0,0,0.0,Pyrolator,0.0,hard trance,0.852985108,711692,0,0.0,0.0,0.086,0.23656,0.73,0.23656,180.24444,3.344,0.0,SOZZEXN12AB0184E54,4.0,0.281,-8.045,0,0.415,166.435,0.172,0.23656,90.248,5.0,0.437,0,2005,pyrolator,0
0.827409365,0.576902281,AR11YQ81187FB3C654,0.0,0,0.0,Dixie Chicks,0.0,bluegrass,1.0,439748,0,0.0,1.0,0.604,0.2545,0.604,0.2545,201.16853,0.607,0.706317473,SOVDYQP12AB01824EC,2.0,0.634,-7.279,1,0.392,187.548,0.321,0.0593,153.447,1.0,0.0,0,1999,dixie chicks,0
0.534464352,0.368689373,AR243ZT1187B9A98D2,32.29869,0,-90.18049,Otis Spann,0.0,piano blues,1.0,308407,0,0.0,0.0,0.725,0.46147,0.725,0.46147,318.22322,0.113,-1.0,SOFUODO12A8C1403E6,2.0,0.337,-9.154,1,0.532,312.97,0.803,0.17161,114.241,1.0,0.0,0,1995,otis spann,0
0.803810768,0.559925869,ARS86AJ1187B9B4225,0.0,0,0.0,Janis Joplin,0.0,blues-rock,0.999754249,290135,0,0.0,2.0,0.97,0.95201,0.0,0.12908,205.53098,2.641,-1.0,SOVQOXC12CF546326C,0.0,0.589,-10.514,1,0.616,196.522,0.119,0.12908,74.961,4.0,0.036,0,1971,janis joplin,0
0.679793556,0.489458259,AR8CT8U1187FB4D803,52.47859,0,-1.9086,Dexys Midnight Runners,0.0,folk rock,0.946242348,56996,0,0.0,1.0,0.99,0.08247,0.99,0.08247,202.39628,0.554,-1.0,SOWEHVB12A6D4F8F0B,4.0,0.212,-8.211,0,0.195,193.881,1.0,0.08247,119.448,1.0,0.387,0,2007,dexys midnight runners,0
0.696816892,0.482100019,ARD8JVH1187FB4DA04,0.0,0,0.0,Bad Company,0.0,blues-rock,1.0,821487,0,0.0,1.0,0.027,0.20088,0.307,0.20088,296.12363,0.0,-1.0,SONSRKM12AB018E7DA,0.0,0.015,-9.045,1,0.308,296.124,0.173,0.20088,130.049,4.0,0.25,0,1976,bad company,0
0.772871995,0.473700501,ARMPRI31187FB4F7D9,39.37413,0,22.95775,Vangelis,0.0,progressive rock,1.0,26872,0,0.0,5.0,0.766,0.90518,0.33,0.54043,416.7571,0.258,0.648733446,SOQJYCE12A6D4F4844,4.0,0.406,-18.335,1,0.459,394.536,0.33,0.54043,162.441,4.0,0.058,0,1983,vangelis,0
0.628274449,0.428834536,ARNVM131187B990D2B,0.0,0,0.0,themselves,0.0,experimental pop,0.853973286,225152,0,0.0,1.0,0.11,1.53583,0.878,0.12252,245.31546,0.0,0.527555356,SOQVPTA12A8C13F598,8.0,0.681,-11.163,1,0.509,237.453,0.469,0.12252,80.051,3.0,1.0,0,2002,themselves,0
0.484333758,0.335935512,ARQFKVO1187B9B1777,0.0,0,0.0,Dave Brockie Experience,0.0,shock rock,1.0,559962,0,0.0,0.0,0.009,0.42251,0.941,0.10365,100.10077,0.217,0.428702263,SOYGQGQ12AB0180EAC,8.0,0.011,-3.931,0,0.284,96.7,0.754,0.10365,187.232,4.0,0.0,0,2001,dave brockie experience,0
0.573386724,0.328650096,AR6D5OM1187B993D9E,52.50524,0,-1.81531,Rhinoceros,0.0,straight edge,0.889413897,34581,0,0.0,0.0,0.945,0.49824,0.945,0.49824,280.24118,0.34,-1.0,SOBCLGN12A6D4F6FF5,2.0,0.279,-8.826,1,0.527,267.32,0.0,0.21606,103.387,1.0,0.0,0,2002,rhinoceros,0
0.825962346,0.506804744,ARG9E8O1187B99AB4F,42.31256,0,-71.08868,Bury Your Dead,0.0,hardcore punk,1.0,212730,0,0.0,0.0,0.234,0.98573,0.0,0.06178,151.71873,0.0,0.546635489,SOZGUEI12A8C139953,11.0,0.256,-5.016,0,0.282,147.992,0.581,0.06178,134.054,4.0,0.822,0,2008,bury your dead,0
0.478770834,0.327875295,ARAFRFP1187FB4230B,0.0,0,0.0,Williamson,0.0,neofolk,0.999990088,78918,0,0.0,0.0,0.016,0.67139,0.0,0.13567,203.17995,2.258,0.0,SOAWTJD12A6D4F4BB4,6.0,0.555,-10.132,0,0.613,189.904,0.703,0.13567,110.032,4.0,1.0,0,2005,williamson,0
0.593496044,0.404897336,ARPBNLO1187FB3D52F,40.71455,0,-74.00712,Tiny Tim,0.0,cabaret,0.859456677,681230,0,0.0,0.0,0.475,1.65354,0.521,0.54612,177.00526,0.0,-1.0,SOJSJTR12AB0188131,10.0,0.571,-12.256,1,0.293,166.435,0.376,0.26997,105.85,4.0,0.0,0,1968,tiny tim,0
0.481773107,0.300383177,ARQ0JU31187B99B2B5,0.0,0,0.0,Rajery,0.0,future jazz,0.937756447,405866,0,0.0,0.0,0.086,0.37547,0.632,0.37547,219.48036,0.197,0.0,SOPTWAH12AB017F9CE,4.0,0.475,-8.236,0,0.119,211.296,0.891,0.22644,132.666,5.0,0.909,0,2005,rajery,0
0.629301806,0.450779891,ARFFDZU1187FB50682,40.71455,0,-74.00712,Alan Silvestri,0.0,country rock,0.939105287,90438,0,0.0,1.0,0.701,0.90288,0.701,0.90288,81.50159,0.444,0.266955186,SODMROH12A8C13677E,0.0,0.377,-18.114,1,0.471,81.502,0.113,0.54472,84.615,1.0,0.921,0,2006,alan silvestri,0
0.776598968,0.490079584,AR0IVSA1187FB4F069,40.71455,0,-74.00712,Helmet,0.0,rapcore,0.947907239,162827,0,0.0,1.0,0.108,0.7961,0.725,0.38925,220.31628,0.328,0.584094133,SOQMDJS12A8C138341,7.0,0.024,-10.291,0,0.283,198.583,0.417,0.17711,144.447,4.0,0.709,0,1994,helmet,0
0.633402342,0.414834941,ARRHVGT1187B98D603,51.16418,0,10.45415,Dynamite Deluxe,0.0,hip hop,1.0,109829,0,0.0,2.0,0.155,1.71959,1.0,0.43014,86.67383,0.396,0.577848621,SOQJIWF12A8C13D2F0,9.0,0.424,-10.182,0,0.272,81.612,1.0,0.10662,93.298,3.0,0.693,0,2000,dynamite deluxe,0
0.44261828,0.31007875,AR6FCPE1187B992B06,0.0,0,0.0,Jawoll,0.0,new wave,0.99128651,408899,0,0.0,1.0,0.043,0.65958,0.862,0.26243,235.31057,0.21,-1.0,SOLTIOJ12AB01805AE,9.0,0.627,-8.025,0,0.55,227.997,0.807,0.06386,151.211,4.0,0.0,0,1990,jawoll,0
0.425723658,0.0,ARODOO01187FB44F4A,0.0,0,0.0,The Baltimore Consort,0.0,early music,1.0,494990,0,0.0,0.0,0.758,0.42297,0.758,0.42297,614.00771,0.319,-1.0,SOMLMRZ12AB017D510,7.0,0.719,-21.925,0,0.696,575.692,0.3,0.18687,130.572,1.0,0.099,0,1996,the baltimore consort,0
0.839275393,0.550762085,AR6XPWV1187B9ADAEB,0.0,0,0.0,Foo Fighters,0.0,grunge,0.953021558,299596,0,0.0,4.0,0.171,0.87165,0.723,0.48968,270.47138,0.183,0.68731164,SOKIHTB12A8C1397CF,2.0,0.886,-2.512,1,0.678,251.606,0.312,0.29917,157.739,4.0,0.224,0,2002,foo fighters,0
0.751040126,0.4181931,ARIF6IS1187B98FDEB,53.34376,0,-6.24953,Primordial,0.0,folk metal,0.941226751,560484,0,0.0,0.0,0.304,2.11062,0.826,0.06344,264.88118,0.235,0.527818137,SOJQYMQ12AB0188A0D,9.0,0.565,-5.225,0,0.519,255.286,0.612,0.06344,87.643,5.0,0.355,0,1995,primordial,0
0.44276965,0.294986617,ARI648V1187B9B5379,0.0,0,0.0,Michael Stanley Band,0.0,heartland rock,0.833322838,536763,0,0.0,0.0,0.779,0.43873,0.779,0.43873,173.42649,0.361,0.260774534,SOOXGZG12AB0181F07,11.0,0.794,-8.729,0,0.76,166.446,0.332,0.43873,158.057,1.0,0.0,0,1981,michael stanley band,0
0.408071911,0.313667192,ARXCUQE1187B9ADD91,43.04181,0,-87.90684,Pee Wee King,0.0,western swing,1.0,493286,0,0.0,0.0,0.845,0.23239,0.845,0.23239,182.282,0.154,-1.0,SOYTVXY12AB0181ED0,7.0,0.573,-13.995,1,0.635,174.295,0.983,0.23239,133.792,1.0,0.0,0,1989,pee wee king,0
0.656728903,0.468511467,ARA7YDA1187B9A5776,0.0,0,0.0,Patsy Cline,0.0,country rock,0.991567722,793501,0,0.0,1.0,1.0,0.23091,1.0,0.23091,168.95955,0.177,-1.0,SOYRDKV12A8C14211E,11.0,0.656,-5.176,1,0.542,155.905,0.911,0.23091,91.01,1.0,0.0,0,1961,patsy cline,0
0.724284927,0.501360613,AREGV3K1187B9AF614,0.0,0,0.0,MAPtley CrA1/4e,0.0,heavy metal,1.0,25833,0,0.0,1.0,0.135,0.19006,0.264,0.19006,260.04853,0.0,-1.0,SOESZYV12A6D4F8299,5.0,0.026,-8.209,0,0.222,253.608,0.249,0.19006,132.131,4.0,0.275,0,2000,maptley cra1/4e,0
0.366678331,0.272471256,AR80RBU1187FB3757D,0.0,0,0.0,Alvino Rey And His Orchestra,0.0,space age pop,0.857950737,493298,0,0.0,0.0,0.175,4.3125,0.478,0.33812,193.74975,0.212,0.0,SOYXXDD12AB0182A10,4.0,0.167,-18.272,0,0.279,184.361,0.183,0.33812,101.307,7.0,0.691,0,2005,alvino rey and his orchestra,0
0.517480572,0.43280431,ARD5SR21187B9B5F4A,60.99655,0,24.49511,Irwin Goodman,0.0,german pop,0.986894982,68573,0,0.0,1.0,0.202,1.03088,0.0,0.49047,119.06567,4.54,0.439202489,SOFPCDE12A67ADF4F5,0.0,0.444,-10.854,1,0.529,115.722,0.0,0.22027,111.562,4.0,0.0,0,1966,irwin goodman,0
0.711893809,0.535163042,ARQOATR1187B9AE959,0.0,0,0.0,Jane's Addiction,0.0,alternative metal,0.948792523,65647,0,0.0,1.0,0.006,0.26364,0.575,0.26364,185.15546,0.116,0.613040082,SOBOVLS12A58A794F3,7.0,0.746,-8.794,1,0.683,180.924,0.295,0.13166,223.387,4.0,0.0,0,1988,jane's addiction,0
0.524821393,0.362162159,AR19JS91187B98CB66,0.0,0,0.0,Captain Hollywood Project,0.0,dance pop,1.0,621409,0,0.0,1.0,0.011,0.83466,0.89,0.29259,372.27057,0.258,-1.0,SOTXDHW12AB017DDDB,9.0,0.61,-8.255,0,0.493,365.958,0.479,0.15572,109.85,4.0,0.792,0,1993,captain hollywood project,0
0.570506936,0.423070612,ARZJKZR1187FB3EFC2,32.38012,0,-86.30063,Big Mama Thornton with Kansas Bill and his Orchestra,0.0,texas blues,1.0,680370,0,0.0,0.0,0.842,0.21564,0.842,0.21564,169.84771,0.131,-1.0,SOYHHDK12AB0188098,3.0,0.405,-7.96,0,0.414,165.5,0.555,0.21564,148.907,1.0,0.0,0,1953,big mama thornton with kansas bill and his orchestra,0
0.39884632,0.313675752,ARKPDFV1187B99804D,33.58608,0,-86.28641,Jeanne Pruett,0.0,classic country,0.865877966,331290,0,0.0,0.0,0.31,0.66102,0.74,0.66102,193.01832,0.0,0.0,SOMTYGS12AB017F66E,2.0,0.867,-18.612,1,0.797,184.767,0.729,0.38736,113.384,4.0,0.287,0,1973,jeanne pruett,0
0.379734512,0.3138661,ARY1P2B1187B9B78F5,0.0,0,0.0,Mariano Yanani,0.0,lullaby,1.0,154511,0,0.0,0.0,0.37,1.01179,0.424,0.28883,212.06159,2.084,0.0,SOVYHHG12A8C1399B3,4.0,0.522,-14.334,1,0.652,203.267,0.424,0.28883,160.026,4.0,0.557,0,2003,mariano yanani,0
0.741848576,0.523561642,AR2VLIP1187B99F897,0.0,0,0.0,All Shall Persih,0.0,death core,0.892883789,130032,0,0.0,2.0,0.133,0.56733,0.0,0.56733,215.61424,0.061,0.649212582,SOGNSLP12A6D4FD729,11.0,0.042,-2.685,1,0.506,196.452,0.608,0.11468,99.963,4.0,0.73,0,2006,all shall persih,0
0.387295691,0.283367108,AR02KZG1187FB3B3B4,0.0,0,0.0,Hi-Fi Companions,0.0,future jazz,0.969956046,590928,0,0.0,0.0,0.251,0.66863,1.0,0.20775,464.5873,0.183,0.223238283,SOZZFVR12AB0188142,4.0,0.482,-7.818,0,0.416,457.543,0.87,0.20775,130.005,4.0,0.383,0,2003,hi-fi companions,0
0.464362591,0.417846148,ARW1WST1187FB384DA,0.0,0,0.0,Jope Ruonansuu,0.0,parody,1.0,768012,0,0.0,1.0,0.053,0.88662,1.0,0.22221,188.96934,0.183,-1.0,SORTNQL12AB018B103,9.0,0.0,-8.058,0,0.0,181.174,1.0,0.05569,180.068,4.0,0.768,0,2004,jope ruonansuu,0
0.574300068,0.375593583,ARTDUXM1187B9899ED,32.33112,0,-90.60536,Charlie Patton,0.0,delta blues,0.996954279,546652,0,0.0,1.0,0.052,0.18897,0.923,0.18897,173.322,0.525,-1.0,SOBPKPM12AB017FD64,5.0,0.376,-30.53,0,0.405,165.785,0.074,0.18897,100.795,3.0,0.996,0,1934,charlie patton,0
0.616896386,0.416503946,ARKETDZ1187B9B2566,50.82607,0,7.28021,Marlene Dietrich,0.0,chanson,1.0,314271,0,0.0,1.0,0.145,0.93675,0.829,0.3245,158.45832,0.149,0.266955186,SOBIETA12A8C1414AB,9.0,0.35,-15.2,0,0.314,150.744,0.0,0.3245,99.36,7.0,0.746,0,1991,marlene dietrich,0
0.415487694,0.311679481,ARE6ZTY1187FB5007F,0.0,0,0.0,Adalberto Santiago,0.0,salsa,1.0,725665,0,0.0,0.0,0.034,0.50921,0.384,0.21688,299.93751,0.0,0.215080319,SOWKWKH12A8C13C972,5.0,0.046,-3.533,1,0.18,295.573,0.543,0.07071,205.885,4.0,0.0,0,1977,adalberto santiago,0
1.0,0.826777014,ARCGJ6U1187FB4D01F,0.0,0,0.0,Akon,0.0,hip hop,1.0,92527,0,0.0,1.0,0.056,0.21717,0.966,0.21717,249.39057,0.403,0.847530898,SOWONPQ12A8BED02A8,2.0,0.358,-6.124,1,0.36,243.212,0.816,0.21717,125.328,4.0,1.0,0,2006,akon,0
0.81659671,0.553661233,ARM0P6Z1187FB4D466,0.0,0,0.0,Richard Hawley And Death Ramps_ Arctic Monkeys,0.0,garage rock,0.999923294,183004,0,0.0,2.0,0.767,0.21912,0.767,0.21912,139.78077,0.09,0.650676969,SOPRYHK12A8AE47858,2.0,0.349,-4.347,1,0.434,130.775,0.408,0.21912,130.631,1.0,0.0,0,2007,richard hawley and death ramps_ arctic monkeys,0
0.561370907,0.365533756,ARN3O411187FB4D859,0.0,0,0.0,Stephan Micus,0.0,free improvisation,0.86460919,178577,0,0.0,1.0,0.826,1.66363,0.826,1.66363,316.49914,2.27,0.377531645,SONYTWI12A8135773F,8.0,0.308,-25.106,1,0.492,298.069,0.239,0.68751,30.827,1.0,0.0,0,2006,stephan micus,0
0.749711708,0.452380504,ARAOBIZ1187FB38574,0.0,0,0.0,Johnny Winter,0.0,blues-rock,1.0,286982,0,0.0,1.0,0.192,1.48841,0.0,0.23889,315.92444,2.119,-1.0,SOGHYGL12A8C134B40,7.0,0.308,-10.381,0,0.305,311.693,0.483,0.23889,103.377,3.0,1.0,0,1969,johnny winter,0
0.693009204,0.498668875,ARD5K161187B9AC784,51.27562,0,0.17898,Orbital,0.0,techno,1.0,2022,0,0.0,3.0,0.302,2.43886,0.326,0.47496,467.53914,0.0,0.687069389,SOFUNPN12A8C13B387,6.0,0.717,-8.912,1,0.445,463.145,0.346,0.25065,91.364,5.0,0.996,0,1999,orbital,0
0.556750823,0.361587942,ARAMIDF1187FB3D8D4,0.0,0,0.0,Alejandro Lerner,0.0,pop rock,0.942781111,346205,0,0.0,0.0,0.024,2.17723,0.0,1.72745,263.6273,2.188,-1.0,SOUZQFG12AB017F6B1,10.0,0.096,-15.182,1,0.358,254.729,0.174,1.72745,137.486,4.0,0.676,0,1984,alejandro lerner,0
0.600546565,0.379574248,AREC9D21187FB3A3D5,0.0,0,0.0,Wolfchant,0.0,viking metal,0.937777479,179898,0,0.0,0.0,0.078,0.50048,0.509,0.21605,208.56118,0.0,0.610174541,SOSSNMA12A81C228AB,8.0,0.623,-5.05,1,0.536,200.911,0.405,0.07598,210.032,4.0,0.0,0,2007,wolfchant,0
0.82785377,0.517328584,ARPKK761187FB4D53C,40.10216,0,-85.67869,The Ataris,0.0,pop punk,0.930853525,287297,0,0.0,1.0,0.0,0.21279,0.0,0.21279,257.85424,30.575,-1.0,SOKCNFA12AF72A0ED3,5.0,0.518,-3.115,1,0.514,247.403,0.0,0.21279,151.401,3.0,0.0,0,1999,the ataris,0
0.676755655,0.543706051,ARVZDOM1187B9B49C9,0.0,0,0.0,Barry Manilow Featuring The Glenn Miller Orchestra with Debra Byrd,0.0,soft rock,0.999950696,293877,0,0.0,1.0,0.018,1.25715,1.0,0.61496,172.06812,0.479,-1.0,SOFPLUG12A8C136CA4,7.0,0.48,-9.115,1,0.528,168.67,0.905,0.61496,90.074,4.0,0.961,0,1994,barry manilow featuring the glenn miller orchestra with debra byrd,0
0.625762202,0.449493483,ARWDEEB11E2835E73C,51.50632,0,-0.12714,Faces,0.0,blues-rock,0.927294757,57641,0,0.0,1.0,0.695,0.40584,0.695,0.40584,279.84934,0.271,0.255765101,SOVPIUN12A6D4F8F1E,9.0,0.565,-8.026,1,0.531,269.276,0.0,0.22561,182.085,1.0,0.0,0,1971,faces,0
0.546206711,0.354517343,AR0I2BV1187FB3D89F,0.0,0,0.0,Enslavement Of Beauty,0.0,parody,0.930376772,727876,0,0.0,0.0,0.405,0.47518,0.977,0.0536,313.75628,0.17,0.507983552,SOJZWRA12AB018D029,4.0,0.544,-5.646,1,0.394,310.34,0.576,0.0536,145.109,4.0,0.704,0,1999,enslavement of beauty,0
0.518518769,0.36626884,ARPTYXP1187B9A1B86,0.0,0,0.0,Aynsley Lister,0.0,blues-rock,1.0,394257,0,0.0,0.0,0.298,1.1761,0.671,0.53284,227.10812,2.252,0.334706549,SOZYQDX12AB017F658,2.0,0.0,-9.77,1,0.0,222.999,0.606,0.21121,96.364,4.0,0.868,0,2009,aynsley lister,0
0.636119207,0.363499577,ARL6UP41187FB5C604,0.0,0,0.0,Facto Delafe y las flores azules,0.0,trip hop,0.898364956,211944,0,0.0,0.0,0.053,0.02824,0.811,0.02824,100.362,0.0,0.518418707,SONYFHJ12A8C13CAB8,7.0,0.038,-7.221,0,0.368,100.362,1.0,0.02824,96.007,4.0,1.0,0,2007,facto delafe y las flores azules,0
0.737972528,0.555968804,ARAEX7Y1187FB42D36,0.0,0,0.0,Toni Braxton,0.0,dance pop,0.999854548,299156,0,0.0,1.0,0.058,0.05145,0.905,0.05145,258.48118,0.34,0.599868664,SOXWZTG12A8C13AF7C,6.0,0.462,-4.745,0,0.408,248.262,1.0,0.05145,91.066,4.0,0.972,0,2002,toni braxton,0
0.404499596,0.331642439,ARIUQZL1187FB4303B,0.0,0,0.0,Erkki Junkkarinen,0.0,humppa,1.0,542091,0,0.0,0.0,0.0,0.76509,0.226,0.40281,218.93179,3.878,0.345802234,SOUZXYV12A8C13CADA,4.0,0.694,-14.225,0,0.696,211.447,0.226,0.40281,164.769,3.0,1.0,0,2002,erkki junkkarinen,0
0.481180212,0.379495651,ARUUXNF1187B98FB36,0.0,0,0.0,Charlie Peacock,0.0,ccm,1.0,148146,0,0.0,0.0,0.069,1.60846,0.822,0.41392,291.21261,0.38,0.0,SORLCKK12A58A7BAB4,1.0,0.413,-8.158,1,0.331,282.807,0.646,0.11477,100.862,4.0,0.95,0,1991,charlie peacock,0
0.585680704,0.430544696,AR60ZZX1187FB52E29,0.0,0,0.0,Capone-N-Noreaga,0.0,gangster rap,0.993664788,395388,0,0.0,0.0,0.022,0.57682,0.614,0.19253,217.41669,0.148,0.495453137,SOZTGFX12AB0181283,5.0,0.0,-5.515,0,0.224,213.031,0.417,0.19253,157.665,4.0,0.454,0,2009,capone-n-noreaga,0
0.668087296,0.459387425,AR6AGJV1187FB504BA,0.0,0,0.0,Kitaro,0.0,chill-out,0.810626342,236595,0,0.0,1.0,0.017,0.65631,0.632,0.18129,410.06975,4.232,0.392008772,SODDIDB12A8AE463BD,7.0,0.03,-10.282,1,0.358,410.07,0.364,0.18129,126.339,4.0,0.329,0,2006,kitaro,0
0.682101282,0.424108277,ARPATQ21187B9ACAFC,53.4796,0,-2.24881,Happy Mondays,0.0,alternative dance,0.999588059,186364,0,0.0,1.0,0.027,0.9948,0.0,0.38198,342.59546,2.717,0.345802234,SOAAQAB12A8AE4769F,10.0,0.0,-9.616,0,0.0,331.465,0.445,0.08895,101.831,4.0,0.097,0,1988,happy mondays,0
0.447804201,0.334937284,ARWD6SL1187B9B5D31,0.0,0,0.0,Flutlicht,0.0,hard trance,0.958600188,473068,0,0.0,0.0,0.015,0.85631,0.0,0.41037,513.56689,9.201,-1.0,SOJMWVB12A8C14216A,8.0,0.258,-5.957,1,0.231,506.352,0.485,0.196,140.997,4.0,0.287,0,2000,flutlicht,0
0.841136406,0.556910568,ARN6M7I1187FB4DEAF,37.27188,0,-119.27023,A Skylit Drive,0.0,progressive metal,1.0,189558,0,0.0,0.0,0.035,0.53915,0.917,0.09566,88.86812,2.804,0.684088775,SOZHSPI12A8C1339E6,0.0,0.016,-5.864,0,0.36,82.866,0.344,0.09566,139.238,4.0,0.089,0,2007,a skylit drive,0
0.676869597,0.384133614,ARMEYJD1187B9A4522,41.82387,0,-71.41199,Daughters,0.0,math-core,0.980587048,238761,0,0.0,0.0,0.23,0.5242,0.23,0.5242,52.11383,0.0,0.554793212,SOGFXIK12A6D4F615B,9.0,0.275,-4.271,1,0.364,49.911,1.0,0.1554,80.992,1.0,0.0,0,2003,daughters,0
0.530630809,0.371157041,ARV2F621187B993BF6,37.77916,0,-122.42005,The Waybacks,0.0,bluegrass,1.0,451714,0,0.0,1.0,0.123,0.47956,0.685,0.22522,288.49587,0.164,-1.0,SONQTFK12AB0180BAC,0.0,0.592,-13.915,1,0.64,280.892,0.685,0.22522,240.983,3.0,0.69,0,2000,the waybacks,0
0.572051287,0.45043213,ARTKTYG1187FB40CBA,0.0,0,0.0,Dendemann,0.0,progressive house,0.904966243,428212,0,0.0,0.0,0.298,1.30012,1.0,0.36258,205.13914,0.096,-1.0,SOBTXSH12A8C146024,11.0,0.009,-3.094,0,0.123,205.139,1.0,0.12734,126.892,4.0,1.0,0,2006,dendemann,0
0.360729206,0.267124867,ARD7U0O1187FB5531A,49.34463,0,2.40955,AndrA(c) Verchuren,0.0,chanson,0.884635252,386704,0,0.0,0.0,0.925,0.09606,0.925,0.09606,165.04118,0.264,-1.0,SOFSARM12AB017C9FB,2.0,0.645,-11.222,1,0.58,157.582,0.0,0.09606,198.736,1.0,0.326,0,2001,andra(c) verchuren,0
0.709010525,0.553566172,ARV8T9T1187B99F3F4,0.0,0,0.0,Amorphis,0.0,progressive metal,0.944224483,239559,0,0.0,1.0,0.463,0.7734,0.515,0.302,280.97261,0.0,0.535953802,SOBFZMO12A8C13ECC3,0.0,0.425,-4.167,1,0.549,272.167,0.301,0.302,131.191,4.0,0.0,0,1997,amorphis,0
0.889460725,0.619431422,AR65K7A1187FB4DAA4,0.0,0,0.0,BeyoncA(c),0.0,hip hop,0.999154774,372352,0,0.0,1.0,0.708,0.09434,0.708,0.09434,466.05016,0.293,-1.0,SOFQBMN12A8C1428AD,11.0,0.847,-6.593,0,0.58,454.246,0.0,0.09434,84.1,1.0,1.0,0,2008,beyonca(c),0
0.58763068,0.366157945,AR0JURX1187FB3C8FF,41.39447,0,-73.61689,Illya Kuryaki And The Valderramas,0.0,progressive house,0.986375713,346368,0,0.0,0.0,0.283,0.81548,1.0,0.0337,233.97832,0.0,0.462379946,SOGQNDO12AB0181930,7.0,0.526,-10.819,1,0.64,224.821,1.0,0.0337,154.028,4.0,0.913,0,1996,illya kuryaki and the valderramas,0
0.056017386,0.534429714,ARRXG5Y1187B9AA016,0.0,0,0.0,G Unit feat. 50 Cent,0.0,rap,1.0,76211,0,0.0,1.0,0.438,11.67427,0.0,0.07775,101.43302,0.0,0.327736683,SOVXPSE12A6D4F87B5,11.0,0.0,-14.158,0,0.0,101.433,0.484,0.07775,75.0,3.0,1.0,0,2002,g unit feat. 50 cent,0
0.567510986,0.430897609,ARGY9FW1187B991C7D,0.0,0,0.0,Information Society,0.0,freestyle,0.926334388,615115,0,0.0,2.0,0.208,0.31277,0.774,0.31277,68.362,0.073,0.597116703,SOTXLKT12A8C144768,0.0,0.793,-19.776,1,0.651,65.19,1.0,0.11323,149.91,4.0,0.75,0,1988,information society,0
0.634764556,0.423976264,AR01IP11187B9AF5D2,28.33268,0,-80.73486,Call To Preserve,0.0,straight edge,0.964375801,771302,0,0.0,0.0,0.165,2.51428,0.452,1.89014,165.82485,7.303,0.407974652,SOMDZTP12AB018672C,2.0,0.0,-4.829,1,0.0,156.067,0.055,1.73292,189.824,4.0,1.0,0,2006,call to preserve,0
0.687023631,0.475085634,ARO3SS31187FB3729C,0.0,0,0.0,GWAR,0.0,comedy rock,0.932965478,559913,0,0.0,0.0,0.066,0.5383,0.668,0.5383,159.68608,0.0,0.454192988,SOUBXTR12AB0186DF5,8.0,0.98,-8.871,1,0.727,156.642,0.612,0.30987,136.211,4.0,0.909,0,1994,gwar,0
0.562614768,0.358435364,AR2S6UD1187B9B944F,0.0,0,0.0,LeA3n Gieco,0.0,folk rock,1.0,666401,0,0.0,1.0,0.044,0.56676,0.0,0.09812,218.5922,3.228,-1.0,SOBBGMF12AB018758C,7.0,0.034,-5.41,0,0.362,212.457,0.561,0.09812,124.004,4.0,0.0,0,1999,lea3n gieco,0
0.428252654,0.351023682,ARSX3I61187B98FAC7,35.03731,0,-90.06146,Frank Stokes,0.0,country blues,0.931610758,174867,0,0.0,0.0,0.097,0.6348,0.802,0.6348,188.89098,0.403,-1.0,SOZKCNZ12A6D4FCAA3,1.0,0.051,-19.27,1,0.506,183.827,0.0,0.30131,94.73,4.0,0.798,0,2005,frank stokes,0
0.588370653,0.413237884,ARN5W1B1187B98BE10,0.0,0,0.0,Warrior King,0.0,roots reggae,0.926108914,146299,0,0.0,0.0,0.055,1.32322,0.07,0.94107,204.38159,0.0,0.518759898,SOHKCZR12A6D4FB24B,11.0,0.429,-6.134,0,0.413,196.824,0.597,0.73796,153.977,4.0,0.824,0,2005,warrior king,0
0.551427307,0.389847527,AROVJWM1187B98E649,-37.90019,0,145.08084,Hot Club Of Cowtown,0.0,western swing,1.0,455699,0,0.0,1.0,1.0,0.3531,1.0,0.3531,203.96363,2.595,0.473346541,SONCQJK12A8C141A3A,0.0,0.529,-10.881,1,0.582,199.918,0.214,0.3531,132.073,1.0,0.0,0,2009,hot club of cowtown,0
0.488206851,0.271250596,ARYB42B1187FB37B01,0.0,0,0.0,Les Malpolis,0.0,chanson,1.0,648379,0,0.0,1.0,0.824,0.25081,0.824,0.25081,298.89261,0.0,-1.0,SOFTZZW12AB0184ED6,11.0,0.645,-4.03,0,0.648,290.783,0.301,0.25081,96.521,1.0,0.218,0,2009,les malpolis,0
0.582837273,0.426513687,ARY5TFK1187B9BA2BD,0.0,0,0.0,John Ottman,0.0,acid jazz,0.994662185,64186,0,0.0,1.0,0.617,1.4068,0.617,1.4068,79.77751,4.441,-1.0,SOCPGYO12A6D4FBE11,4.0,0.448,-13.501,0,0.549,69.393,0.075,0.96671,69.234,1.0,0.254,0,2005,john ottman,0
0.675203997,0.479308951,AREUMQS1187FB3AC8F,43.71371,0,13.22305,Fabri Fibra,0.0,hip hop,1.0,486373,0,0.0,0.0,0.016,1.28051,0.363,0.90648,267.36281,0.0,0.345802234,SOONWCU12AB017EF1F,1.0,0.506,-4.41,0,0.502,262.891,0.0,0.72192,160.071,4.0,0.948,0,2009,fabri fibra,0
0.749077779,0.447330487,ARHKQGH1187B9A4DB4,0.0,0,0.0,In Extremo,0.0,heavy metal,1.0,228846,0,0.0,1.0,0.184,0.26272,0.913,0.26272,186.06975,0.369,-1.0,SOUYYZV12A6D4FBE40,9.0,0.492,-2.136,0,0.439,176.495,0.412,0.08084,170.095,4.0,0.0,0,2008,in extremo,0
0.501890126,0.404201576,ARMM7T01187B9B31E0,37.27188,0,-119.27023,Frank Caliendo,0.0,future jazz,0.910904899,320409,0,0.0,0.0,0.058,1.57646,0.0,0.05644,433.47546,0.0,0.323112121,SOILALF12A8C146C98,2.0,0.318,-13.149,0,0.414,433.475,0.821,0.05644,124.086,7.0,0.499,0,2008,frank caliendo,0
0.749077779,0.447330487,ARHKQGH1187B9A4DB4,0.0,0,0.0,In Extremo,0.0,heavy metal,1.0,388992,0,0.0,1.0,0.082,1.04652,0.542,0.52179,233.74322,0.0,0.474054831,SOKNYCV12A8C137625,4.0,0.512,-3.734,0,0.505,225.448,0.0,0.25943,114.127,4.0,0.979,0,2005,in extremo,0
0.456852846,0.34038543,AR80OOA1187B98E726,38.25486,0,-85.7664,Love Jones,0.0,bossa nova,0.972625626,312392,0,0.0,0.0,0.586,3.91146,0.715,0.17221,384.13016,0.387,0.0,SORAOMT12A8C140327,7.0,0.327,-7.479,0,0.489,377.574,0.363,0.17221,102.473,4.0,1.0,0,1993,love jones,0
0.747684076,0.529995833,ARHI20L1187FB4C997,51.27172,0,-0.39535,Jeff Beck,0.0,blues-rock,0.999962084,280787,0,0.0,1.0,0.062,3.01072,0.723,2.10248,163.83955,2.264,0.737994182,SOPKWKW12A8C1312BC,9.0,0.766,-8.951,1,0.702,156.23,0.859,1.87628,131.554,4.0,0.318,0,1976,jeff beck,0
0.042848266,0.395791274,ARDY3451187B9A0226,38.68193,0,-84.59431,Skeeter Davis,0.0,country rock,0.978369095,229718,0,0.0,0.0,0.145,1.93934,0.341,1.52811,153.96526,0.0,0.473346541,SOXNMJY12A81357342,7.0,0.724,-16.87,1,0.662,143.418,0.176,1.3225,150.784,4.0,0.0,0,1999,skeeter davis,0
0.600195393,0.48818139,ARXJJSN1187B98CB37,0.0,0,0.0,Bebe Winans / Stephanie Mills,0.0,ccm,1.0,92970,0,0.0,1.0,0.063,0.84081,0.654,0.42964,324.93669,0.2,0.0,SOXVCSA12A8C137504,7.0,0.378,-9.2,1,0.423,310.526,0.579,0.23444,144.005,4.0,0.445,0,2000,bebe winans / stephanie mills,0
0.833590335,0.556477415,ARY55LO1187B9A3F17,0.0,0,0.0,Three 6 Mafia,0.0,dirty south rap,0.999717508,307441,0,0.0,0.0,0.01,0.94631,0.664,0.48591,213.60281,0.0,-1.0,SOXPAAZ12A8C13F495,1.0,0.579,-10.606,1,0.534,213.603,0.85,0.25513,130.298,4.0,0.87,0,2005,three 6 mafia,0
0.575982702,0.371026654,AR2HFII1187FB378BC,38.8991,0,-77.029,Jaydee,0.0,vocal house,0.833712461,507592,0,0.0,1.0,0.393,0.9817,0.8,0.01914,265.84771,0.0,-1.0,SOREDLN12A58A7CD54,1.0,0.266,-7.855,1,0.269,258.786,1.0,0.01914,124.553,4.0,0.983,0,1992,jaydee,0
0.559317502,0.437001919,ARDK87R1187B98D51C,0.0,0,0.0,Flamin' Groovies,0.0,power pop,1.0,302022,0,0.0,1.0,1.0,0.32996,1.0,0.32996,195.39546,0.282,0.600853803,SOOCTOA12A8C13C2BD,9.0,0.438,-3.215,1,0.428,190.578,0.831,0.13702,172.502,1.0,0.0,0,1999,flamin' groovies,0
0.569988889,0.287481174,ARQY95Q1187FB3E53A,0.0,0,0.0,Auf Der Maur,0.0,post-grunge,0.892010815,275602,0,0.0,1.0,0.217,1.01598,0.796,0.05356,277.89016,0.0,0.799547839,SODBPRG12A81C21AE1,9.0,0.42,-7.319,0,0.515,261.637,1.0,0.05356,125.05,3.0,0.761,0,2004,auf der maur,0
0.713322147,0.473613189,AR6CLFP1187B9ACB94,0.0,0,0.0,Daniel Johnston,0.0,power pop,0.987541562,93092,0,0.0,1.0,0.101,2.59231,0.789,0.34346,115.35628,0.073,0.427446572,SOIPALY12A8C134921,9.0,0.232,-11.092,1,0.296,109.714,0.647,0.11843,158.304,7.0,0.627,0,1998,daniel johnston,0
0.641197515,0.448653471,AR4TLW81187B99683D,0.0,0,0.0,Martin Sexton,0.0,blue-eyed soul,0.934193031,519735,0,0.0,1.0,0.113,0.9002,0.621,0.38895,277.39383,0.325,-1.0,SOBSCBT12AB01838DA,2.0,0.62,-14.15,1,0.547,265.903,0.538,0.13902,109.889,3.0,0.646,0,1996,martin sexton,0
0.84219335,0.550422825,AR1OBRC1187FB59AD4,0.0,0,0.0,Behemoth,0.0,black metal,0.999934256,273881,0,0.0,2.0,0.044,1.00832,0.0,0.62161,321.48853,0.0,0.61105005,SOYPZAE12A81C1FDC3,2.0,0.593,-4.146,1,0.319,303.659,0.463,0.42825,156.261,4.0,0.435,0,1999,behemoth,0
0.782984211,0.675117719,AR190KO1187B9905EC,34.05349,0,-118.24532,Sick Puppies,0.0,post-grunge,0.896629068,74767,0,0.0,1.0,0.383,1.41954,1.0,0.0934,190.9024,0.218,-1.0,SOHCYND12AF72A3CD9,5.0,0.557,-4.531,1,0.524,190.902,0.618,0.0934,91.145,4.0,0.664,0,2006,sick puppies,0
0.484893131,0.344871922,AR3752L1187FB4B67E,0.0,0,0.0,The Real Kids,0.0,power pop,0.933309953,642912,0,0.0,1.0,1.0,0.15044,1.0,0.15044,252.26404,0.297,-1.0,SOJKXAO12A58A7CB4F,4.0,0.374,-14.655,1,0.231,249.435,0.305,0.15044,162.771,1.0,0.0,0,1976,the real kids,0
0.439663711,0.307366234,ARKU2GK1187B98C8AB,40.71455,0,-74.00712,The Jason Bonham Band,0.0,hard rock,1.0,291718,0,0.0,1.0,0.015,2.74495,1.0,2.74495,290.19383,3.379,0.0,SOBQXVB12A8C138200,9.0,0.51,-7.11,0,0.395,287.115,0.319,2.74495,196.013,4.0,0.0,0,1992,the jason bonham band,0
0.577228503,0.373552391,ARYFXQ21187FB4DAEF,27.53092,0,-99.502,Poncho Sanchez / Dianne Reeves,0.0,latin jazz,1.0,328334,0,0.0,1.0,0.03,0.09032,0.683,0.09032,355.05587,0.321,-1.0,SOXCLCB12AB01829E2,5.0,0.809,-9.681,0,0.669,340.468,0.667,0.09032,215.461,3.0,0.358,0,1999,poncho sanchez / dianne reeves,0
0.636109171,0.371573625,ARC4HSQ1187FB55940,0.0,0,0.0,RyanDan,0.0,neoclassical,0.998883782,143221,0,0.0,0.0,0.118,0.46401,0.619,0.46401,235.12771,0.119,0.460484845,SOPWSJD12A8C134A1A,0.0,0.813,-8.567,1,0.563,225.686,0.599,0.18947,111.518,4.0,0.569,0,2007,ryandan,0
0.384720138,0.0,AR16T2D1187B98ABF4,0.0,0,0.0,The Last Eighth feat. Dumi Right(Zimbabwe Legit) and Skillz,0.0,hip hop,1.0,454569,0,0.0,0.0,0.22,0.6291,0.239,0.30263,239.33342,0.0,-1.0,SOGXADW12AB0183042,1.0,0.866,-6.947,0,0.557,234.33,0.204,0.13689,179.912,4.0,0.331,0,2007,the last eighth feat. dumi right(zimbabwe legit) and skillz,0
0.520726488,0.359260264,ARBQ5TQ1187B992B8A,0.0,0,0.0,Vivian,0.0,happy hardcore,0.922005925,78341,0,0.0,0.0,0.05,1.55253,0.913,0.8841,227.76118,4.319,0.215080319,SORLFPE12A6D4F2B84,6.0,0.785,-6.53,1,0.745,214.494,0.26,0.55398,90.993,4.0,0.42,0,2007,vivian,0
0.775946184,0.621085212,ARW9FP41187B98C2A7,57.15382,0,-2.10679,Annie Lennox,0.0,soft rock,0.999826764,278972,0,0.0,1.0,0.555,0.93957,0.309,0.52852,316.76036,3.257,-1.0,SOESVVP12CF5F8799A,0.0,0.613,-8.724,1,0.612,311.136,0.134,0.52852,145.99,4.0,0.434,0,1995,annie lennox,0
0.851351443,0.582346374,ARA3I0J1187FB57869,0.0,0,0.0,Blink-182,0.0,power pop,1.0,109,0,0.0,3.0,0.004,1.11707,0.447,0.09511,280.00608,0.0,0.724133953,SOSDYAS12AB0180457,9.0,0.501,-5.342,1,0.6,276.764,0.792,0.09511,117.574,4.0,0.956,0,2003,blink-182,0
0.567510986,0.430897609,ARGY9FW1187B991C7D,0.0,0,0.0,Information Society,0.0,freestyle,0.926334388,474494,0,0.0,2.0,0.45,1.64772,0.253,1.248,288.62649,0.0,0.0,SOMORVY12A8C144093,6.0,0.455,-8.149,0,0.395,281.437,0.146,1.04863,150.055,4.0,0.0,0,1997,information society,0
0.899934952,0.68365806,ARH6W4X1187B99274F,0.0,0,0.0,Radiohead,0.0,british pop,0.99997276,1022,0,0.0,5.0,0.18,1.93732,0.379,0.79408,197.45914,4.447,-1.0,SOUPVWK12A6310EF7A,2.0,0.31,-7.037,0,0.447,188.14,0.056,0.79408,103.476,4.0,0.946,0,2001,radiohead,0
0.639436949,0.430942043,ARI4S0E1187B9B06C0,35.83073,0,-85.97874,David Arkenstone,0.0,celtic,0.992985879,385023,0,0.0,1.0,0.011,1.04938,1.0,0.30591,272.74404,0.264,0.270775999,SOWMWFG12AB017F371,10.0,0.861,-11.812,1,0.549,257.538,0.55,0.11885,160.028,4.0,0.404,0,2009,david arkenstone,0
0.593216548,0.444904177,ARNDTKL1187B9AF57C,0.0,0,0.0,Jellyfish,0.0,jangle pop,0.998326335,32651,0,0.0,1.0,0.15,0.52021,1.0,0.18753,216.60689,3.483,0.4785044,SOCIAAX12A58A7CEDB,5.0,0.156,-9.679,0,0.261,203.999,0.612,0.18753,169.875,4.0,0.0,0,2006,jellyfish,0
0.833178526,0.804219797,AR6PJ8R1187FB5AD70,0.0,0,0.0,Shakira,0.0,dance pop,1.0,300411,0,0.0,1.0,0.019,0.46122,1.0,0.02553,399.98649,0.211,-1.0,SOZTNUV12A58A7FCB5,9.0,0.664,-7.094,0,0.431,393.694,0.801,0.02553,121.589,4.0,1.0,0,1997,shakira,0
0.234261758,0.0,ARIJC9L11C8A415690,0.0,0,0.0,BassTurk,0.0,hard trance,1.0,272297,0,0.0,0.0,0.174,3.62999,0.67,0.95847,259.05587,5.95,-1.0,SOUMIYO12A6D4FD73C,2.0,0.759,-10.399,0,0.675,242.236,0.114,0.95847,90.627,5.0,0.474,0,2008,bassturk,0
0.889613555,0.593808365,ARSE5NP1187B9B98AB,0.0,0,0.0,Twista Featuring Cee-Lo,0.0,gangster rap,0.949489324,129253,0,0.0,1.0,0.577,0.59533,0.828,0.03625,272.50893,0.0,0.327736683,SOQKAFW12A67ADA4C6,11.0,0.334,-5.126,1,0.451,259.349,0.477,0.03625,106.967,4.0,0.643,0,2004,twista featuring cee-lo,0
0.817256939,0.735208878,ARH861H1187B9B799E,0.0,0,0.0,Johnny Cash,0.0,honky tonk,1.0,281825,0,0.0,5.0,0.489,0.8514,0.0,0.16079,162.29832,2.206,0.578755678,SOIQENV12A8C133A29,9.0,0.542,-10.06,1,0.52,156.415,0.227,0.16079,170.995,4.0,1.0,0,1974,johnny cash,0
0.535492537,0.466394434,AR4SOKG1187B98D2B0,0.0,0,0.0,Geier Sturzflug,0.0,pop rock,0.995902328,63766,0,0.0,2.0,0.184,0.40837,0.893,0.046,186.51383,0.148,-1.0,SOGPBBU12A67AE219E,2.0,0.571,-6.54,1,0.517,180.814,0.531,0.046,165.979,4.0,0.364,0,1982,geier sturzflug,0
0.584998278,0.402044106,AR9XZPA1187B9AC7D4,0.0,0,0.0,Spectra Soul,0.0,dubtronica,0.772309036,263655,0,0.0,0.0,0.024,1.2135,0.813,0.50715,303.51628,0.0,0.460541281,SOQUEQP12A8C1397DE,4.0,0.391,-7.751,1,0.412,289.977,0.743,0.1531,85.006,4.0,0.52,0,2008,spectra soul,0
0.765254692,0.603876487,ARYJSY01187B9B7C65,0.0,0,0.0,Dolly Parton,0.0,bluegrass,1.0,293621,0,0.0,2.0,0.177,1.10889,0.967,0.49038,125.33506,0.42,-1.0,SOXOKBA12CF54651D5,10.0,0.728,-10.609,1,0.709,116.5,0.817,0.49038,100.06,4.0,0.681,0,2008,dolly parton,0
0.73379894,0.544257506,ART3O5Z1187B9AB043,32.77815,0,-96.7954,Stevie Ray Vaughan And Double Trouble,0.0,texas blues,0.999791772,284311,0,0.0,1.0,0.077,0.56699,0.411,0.21504,168.30649,2.003,0.678728981,SODUOQU12A58A7D2A8,4.0,0.086,-10.351,1,0.316,168.306,0.238,0.03995,170.217,4.0,0.0,0,1994,stevie ray vaughan and double trouble,0
0.51644378,0.386669092,ARF4V431187FB3AA41,27.94653,0,-82.45927,Slim Whitman,0.0,folk-pop,1.0,257268,0,0.0,0.0,0.165,3.34013,0.042,0.31916,170.81424,0.0,-1.0,SOKPMSE12A8C135993,4.0,0.64,-9.681,1,0.6,164.809,0.042,0.31916,107.584,4.0,0.719,0,2002,slim whitman,0
0.563421563,0.402033856,ARFQ7RR1187FB3CC0A,0.0,0,0.0,Badmarsh & Shri,0.0,breakbeat,0.97912833,21374,0,0.0,0.0,0.135,1.94656,0.315,1.27067,497.13587,0.717,0.604500739,SOTKJLB12A6D4F785A,5.0,0.799,-9.507,1,0.81,478.894,0.42,0.81589,96.028,5.0,1.0,0,1997,badmarsh & shri,0
0.571640368,0.411495406,ART9GX11187B9B0EDC,0.0,0,0.0,Super700,0.0,pop rock,0.98540054,519314,0,0.0,0.0,0.749,0.23247,0.749,0.23247,47.28118,0.194,-1.0,SOAJLLN12AB0184718,6.0,0.445,-8.878,0,0.54,44.756,0.548,0.04582,64.101,1.0,0.278,0,2009,super700,0
0.410145992,0.310309149,AROQ9OT1187B99E88D,0.0,0,0.0,KA(c)kA(c)lA(c),0.0,soukous,1.0,253948,0,0.0,1.0,0.046,0.49185,1.0,0.49185,309.49832,0.411,0.265861049,SOEYVTH12A8C138E6E,9.0,0.717,-7.821,1,0.704,300.809,1.0,0.22493,115.072,4.0,0.0,0,2006,ka(c)ka(c)la(c),0
0.515344518,0.338999979,ARAZF6G1187FB5A0C1,0.0,0,0.0,Gerard Lenorman,0.0,chanson,1.0,291253,0,0.0,2.0,0.578,2.28473,0.578,2.28473,227.39546,2.241,-1.0,SOAMORU12A8C137E6F,2.0,0.152,-8.811,1,0.278,218.552,0.172,2.02643,121.832,1.0,0.553,0,1999,gerard lenorman,0
0.640695921,0.449602656,ARKQ9JM1187FB57521,0.0,0,0.0,AZ,0.0,gangster rap,1.0,25791,0,0.0,0.0,0.028,1.38941,0.841,0.11504,60.21179,0.073,0.485761153,SOBGWIG12A6D4F6329,2.0,0.048,-7.459,1,0.457,60.212,0.955,0.11504,87.599,4.0,1.0,0,2002,az,0
0.775797363,0.60118606,AR13CXU1187B9AD30A,51.52328,0,-0.21346,The Clash,0.0,new wave,0.951904981,280181,0,0.0,2.0,0.034,1.78432,0.797,0.3813,130.63791,0.086,0.759068343,SOUTRYP12A8AE46BC6,2.0,0.674,-13.143,1,0.659,116.686,0.885,0.1489,87.657,5.0,0.826,0,1982,the clash,0
0.491071814,0.302255689,AR1BZED1187FB4CDEE,35.14968,0,-90.04892,Wendy Moten,0.0,ballad,0.850660995,24127,0,0.0,0.0,0.019,0.16174,1.0,0.16174,230.37342,0.445,0.0,SOYSHUA12A58A7CEBF,5.0,0.615,-8.634,1,0.305,221.344,1.0,0.16174,109.001,4.0,0.558,0,1992,wendy moten,0
0.732571745,0.457981674,ARNNQ9E1187FB3C82F,0.0,0,0.0,Black History,0.0,dancehall,0.97102593,345280,0,0.0,1.0,0.105,1.35451,0.429,0.38641,251.402,0.282,0.345802234,SOWZOIY12AB0181FD3,5.0,0.054,-10.062,0,0.325,237.819,0.421,0.06205,127.27,5.0,0.974,0,2001,black history,0
0.544161995,0.370620402,AR56CNM1187B99442A,41.9293,0,-88.7493,Judas Iscariot,0.0,black metal,0.998305763,122729,0,0.0,2.0,0.647,1.12588,0.509,0.19839,393.89995,0.357,0.566312581,SOIMXWW12A8C140FDD,2.0,0.049,-7.736,1,0.367,389.671,0.368,0.19839,135.39,4.0,0.5,0,1995,judas iscariot,0
0.82735726,0.75292789,ARDCFNZ1187FB3DDB0,0.0,0,0.0,Enrique Iglesias,0.0,dance pop,1.0,25202,0,0.0,1.0,0.069,1.17485,0.879,0.58204,229.0673,0.409,0.469873001,SOAPZIG12A6D4F7920,0.0,0.667,-6.947,1,0.799,219.208,0.336,0.58204,101.43,4.0,0.415,0,1998,enrique iglesias,0
0.501785968,0.382426584,ARGR98V1187FB3A1B9,0.0,0,0.0,Andreas Dorau,0.0,tech house,0.943419852,159601,0,0.0,0.0,0.03,3.7787,0.682,0.34514,267.36281,0.0,-1.0,SOAWEQT12A8C13AC84,0.0,0.002,-9.752,1,0.243,254.949,0.135,0.14986,118.975,4.0,0.924,0,2005,andreas dorau,0
0.458292314,0.281724673,ARRV3LG1187B989905,0.0,0,0.0,Ashtrax,0.0,progressive house,1.0,274889,0,0.0,0.0,0.045,0.99889,0.819,0.50971,278.36036,0.247,0.43965466,SOIDLER12A81C21607,2.0,0.013,-12.796,1,0.333,272.446,0.943,0.26574,123.013,4.0,1.0,0,2002,ashtrax,0
0.412867488,0.23869635,ARZ8S071187B993849,18.46617,0,-66.10665,Tito Rodriguez,0.0,mambo,1.0,646387,0,0.0,0.0,0.036,2.18659,0.893,0.58112,176.5873,0.989,-1.0,SOEMGOC12AB018790A,5.0,0.297,-10.317,1,0.281,169.268,0.0,0.26314,103.166,7.0,0.143,0,2001,tito rodriguez,0
0.668370612,0.45755391,AR0VZWC1187B99BA57,-37.81753,0,144.96715,The Berzerker,0.0,speedcore,0.932857594,681692,0,0.0,1.0,0.017,0.6023,0.719,0.33116,163.81342,0.0,0.54413357,SOQWQSK12AB0180210,6.0,0.632,-4.563,0,0.725,163.813,0.145,0.33116,227.25,4.0,0.095,0,2002,the berzerker,0
0.32073576,0.0,ARPYQNG1187FB4AF63,0.0,0,0.0,Virgil Moorefield,0.0,experimental rock,0.960889704,665048,0,0.0,0.0,0.824,1.83628,0.971,0.49078,155.8722,0.421,0.0,SOJFAXW12AB018D3BE,5.0,0.125,-10.369,1,0.17,147.72,0.636,0.15606,45.13,4.0,0.0,0,1995,virgil moorefield,0
0.609123875,0.46236784,ARCEEC91187B9AC4FB,44.97903,0,-93.26493,Alexander O'Neal,0.0,dance pop,0.931067605,192588,0,0.0,1.0,0.544,1.28798,0.693,0.03798,183.11791,0.137,0.473346541,SOHYVTD12A8C130A40,7.0,0.472,-5.184,1,0.502,179.119,0.0,0.03798,95.924,3.0,1.0,0,2008,alexander o'neal,0
0.645426499,0.438779161,ARKQ6QN1187B9B016D,52.05777,0,1.14378,Photek,0.0,jungle music,0.928765186,28863,0,0.0,1.0,0.749,0.04285,0.749,0.04285,421.19791,0.212,-1.0,SOHOOPX12A58A7951E,1.0,0.282,-10.611,0,0.464,414.83,0.432,0.04285,161.772,1.0,0.9,124,1997,photek,0
0.585610141,0.317036752,ARAVPU21187B993957,40.19033,0,-82.66947,Don & Juan,0.0,doo-wop,0.96201982,715795,0,0.0,0.0,0.026,0.48534,1.0,0.05596,136.04526,0.0,-1.0,SONZTSK12AB018C5A1,5.0,0.916,-9.146,1,0.594,130.287,1.0,0.05596,141.469,4.0,1.0,0,1995,don & juan,0
0.700679842,0.503362448,ARML8X41187B990644,0.0,0,0.0,Simple Minds,0.0,new wave,0.94977883,533915,0,0.0,3.0,0.017,1.61926,1.0,0.49665,352.44363,0.194,-1.0,SOHQASI12A58A78CDC,8.0,0.317,-8.013,1,0.476,329.979,1.0,0.2219,106.136,4.0,0.295,0,1983,simple minds,0
0.499308967,0.442968189,ARNDFTA125FEF32B22,0.0,0,0.0,Noemi,0.0,musica,0.906677466,634092,0,0.0,0.0,0.06,0.0503,0.984,0.0503,226.37669,0.218,0.611214623,SOOQGOK12AB0185F23,0.0,0.511,-2.957,1,0.534,221.333,0.293,0.0503,144.052,4.0,0.485,0,2010,noemi,0
0.803087355,0.501825944,AR5ZVJ91187B99083A,51.05563,0,3.72856,Soulwax,0.0,dance rock,1.0,123789,0,0.0,2.0,0.024,1.40601,0.532,1.40601,274.78159,4.812,0.48306456,SOGHBHI12A6D4FA67E,11.0,0.037,-9.061,1,0.576,265.346,0.243,1.05039,96.02,4.0,0.367,0,1996,soulwax,0
0.467620476,0.321713204,AROMB601187B991317,40.65507,0,-73.94888,Mae West,0.0,modern rock,0.917052012,481245,0,0.0,1.0,0.045,0.08313,0.0,0.08313,150.49098,0.0,-1.0,SOKVWUH12A58A7D2CD,2.0,0.0,-16.198,0,0.134,143.18,0.603,0.08313,101.276,7.0,0.634,0,2006,mae west,0
0.872536599,0.610731463,AR12F2S1187FB56EEF,0.0,0,0.0,Aerosmith,0.0,blues-rock,0.898816207,14330,0,0.0,1.0,0.492,0.08715,0.0,0.08715,324.07465,0.0,0.431394611,SOPMGRB12A6701E98E,2.0,0.723,-5.746,1,0.549,324.075,0.125,0.08715,101.66,4.0,0.636,0,1993,aerosmith,0
0.71881021,0.463900095,AR5O6W51187FB46984,51.16418,0,10.45415,SNAP!,0.0,pop rap,0.923736367,413547,0,0.0,2.0,0.011,0.62921,1.0,0.13253,327.78404,0.363,0.0,SOPFNGN12A6D4FB47B,6.0,0.073,-10.232,1,0.41,324.441,1.0,0.13253,121.102,4.0,1.0,0,1996,snap!,0
0.517480572,0.43280431,ARD5SR21187B9B5F4A,60.99655,0,24.49511,Irwin Goodman,0.0,german pop,0.986894982,68570,0,0.0,1.0,0.0,0.29795,0.0,0.29795,231.47057,3.727,0.215080319,SOREPXL12A67ADE7DA,4.0,0.002,-5.752,1,0.242,217.977,0.086,0.10014,151.004,1.0,0.0,0,1978,irwin goodman,0
0.669726188,0.427914247,ARGMXQW1187FB54C34,-23.56287,0,-46.65466,Eliane Elias,0.0,brazilian jazz,1.0,27848,0,0.0,1.0,0.383,0.88032,0.0,0.18398,201.22077,0.303,0.215080319,SOGSJVU12A6D4F8735,5.0,0.242,-28.25,0,0.365,186.027,0.0,0.18398,176.138,3.0,0.74,0,1995,eliane elias,0
0.565604753,0.414011295,ARC2HVM1187B98CE05,0.0,0,0.0,Clay Crosse,0.0,ccm,1.0,539301,0,0.0,0.0,0.078,0.79211,0.0,0.35068,286.74567,2.444,0.591754161,SORUVQF12AB017D220,2.0,0.446,-7.997,1,0.524,274.309,0.354,0.12885,134.864,4.0,0.53,0,1998,clay crosse,0
0.649583107,0.461345852,ARA7EEC1187FB4C392,49.01037,0,8.4092,Snowgoons,0.0,los angeles,0.844124947,330903,0,0.0,0.0,0.035,1.01,0.464,0.49433,232.75057,0.09,0.587102737,SOGSUTX12AB018C0E9,3.0,0.499,-2.42,0,0.473,228.421,0.605,0.14369,104.705,4.0,0.59,0,2008,snowgoons,0
0.775086058,0.605191153,ARAXU5Z1187B98FECD,0.0,0,0.0,Gorillaz,0.0,hip hop,1.0,277069,0,0.0,2.0,0.001,0.38343,0.429,0.38343,128.41751,2.107,0.813129444,SOBRZCG12A6702187D,2.0,0.251,-7.766,1,0.532,124.72,0.121,0.19132,154.873,4.0,0.371,0,2005,gorillaz,0
0.414242083,0.405354092,ARWSCGO1269FCD5E49,0.0,0,0.0,Hef feat. Big2 & Dio,0.0,screamo,0.933452889,789658,0,0.0,1.0,0.112,0.96354,0.449,0.37569,219.29751,0.0,0.537503904,SOEWXOF12AC468B5C8,6.0,0.563,-9.909,0,0.295,205.311,0.689,0.08105,102.374,4.0,0.821,0,2009,hef feat. big2 & dio,0
0.591846288,0.37246298,ARO0R521187B98A2D1,0.0,0,0.0,2 Minutos,0.0,skate punk,0.882294682,500861,0,0.0,0.0,0.023,1.10352,0.697,0.45675,124.39465,0.0,-1.0,SOZHYMW12AB017E8EE,9.0,0.235,-4.861,0,0.243,124.395,0.585,0.24295,97.546,4.0,1.0,0,1999,2 minutos,0
0.80704348,0.587194102,AR9O98A1187FB39621,40.71455,0,-74.00712,The Strokes,0.0,indie rock,0.999932686,397339,0,0.0,1.0,0.031,0.18241,0.99,0.18241,191.29424,0.0,0.828400264,SOYINSW12B0B80BEBD,9.0,0.827,-4.689,1,0.626,175.543,1.0,0.18241,104.208,5.0,0.699,0,2003,the strokes,0
0.698291624,0.453850265,ARSQDUN1187B98D7D7,0.0,0,0.0,EPMD / Nocturnal,0.0,hip hop,1.0,311061,0,0.0,1.0,0.461,0.94215,0.876,0.26076,204.5122,0.206,0.480238748,SOHPCSX12A8C13F224,6.0,0.608,-6.866,1,0.535,189.057,0.594,0.09041,180.823,4.0,0.567,0,1997,epmd / nocturnal,0
0.606975737,0.386289651,ARIRD6J1187FB5A98C,18.01571,0,-76.79731,Sugar Minott,0.0,roots reggae,0.940150437,225997,0,0.0,0.0,0.0,0.54042,0.472,0.17348,186.8273,0.313,0.38293509,SOHGJTR12A6D4FB972,7.0,0.674,-6.975,1,0.51,177.627,0.341,0.17348,164.93,4.0,0.244,0,1979,sugar minott,0
0.653340693,0.449608088,ARLLRL61187B9B6698,47.25513,0,-122.44165,The Sonics,0.0,rock 'n roll,0.945133321,551402,0,0.0,1.0,0.154,0.85449,0.335,0.43717,164.362,0.168,0.372530039,SOXXPIC12AB017EA44,6.0,0.0,-9.796,1,0.0,151.731,0.277,0.22414,158.84,3.0,0.993,0,1996,the sonics,0
0.522693398,0.364367567,ARSK4D11187B9BA046,0.0,0,0.0,Lisa Lisa & Cult Jam,0.0,freestyle,0.957155255,286317,0,0.0,0.0,0.1,1.18579,0.0,0.61934,302.75873,0.0,0.408110884,SOLAFZG12A8C135358,0.0,0.707,-8.517,1,0.558,294.168,0.162,0.20284,107.778,4.0,0.574,0,1997,lisa lisa & cult jam,0
0.947327507,0.631289508,AR03BDP1187FB5B324,34.05349,0,-118.24532,Britney Spears,0.0,dance pop,1.0,299032,0,0.0,6.0,0.288,0.8023,1.0,0.26493,213.18485,0.235,-1.0,SOUQDHF12A8C13B70C,1.0,0.407,-6.451,1,0.4,208.417,1.0,0.26493,110.993,4.0,1.0,0,2004,britney spears,0
0.432839367,0.366905853,ARFZSPU1187B9B5BA9,0.0,0,0.0,John Frizzell,0.0,soundtrack,1.0,758204,0,0.0,1.0,0.032,2.27104,0.56,1.60724,100.75383,1.216,0.407233015,SOQIRNJ12AB0187772,2.0,0.748,-29.999,0,0.682,91.539,0.091,1.27779,91.434,4.0,0.0,0,2009,john frizzell,0
0.608824806,0.428650989,ARONPP01187B995FB5,52.88356,0,-1.97406,Cockney Rejects,0.0,oi,0.97011454,587938,0,0.0,1.0,0.897,1.50434,0.897,1.50434,204.93016,1.232,-1.0,SOWMHYX12AB0188761,2.0,0.647,-6.971,1,0.04,192.18,0.118,1.17816,92.957,1.0,0.0,0,1997,cockney rejects,0
0.847451713,0.779968005,ARPAAHK1187B9ABB00,49.26044,0,-123.11403,Nickelback featuring Kid Rock,0.0,alternative metal,0.999907748,290248,0,0.0,2.0,0.012,0.62394,0.586,0.24958,223.99955,0.409,0.683647342,SOFOAIA12A8C136186,7.0,0.704,-3.709,1,0.611,218.511,0.849,0.05716,156.005,4.0,0.614,0,2003,nickelback featuring kid rock,0
0.592699548,0.429545085,AR1I9KS1187B9AEFD4,0.0,0,0.0,SKYCLAD,0.0,folk rock,0.976651539,167445,0,0.0,0.0,0.15,1.12126,0.739,0.39751,361.24689,0.0,0.474147941,SOMTHTV12A8C13F714,2.0,0.954,-8.294,0,0.748,361.247,0.467,0.21882,167.504,3.0,0.859,0,1994,skyclad,0
0.472468368,0.31318008,AR5IIHR1187B991B70,0.0,0,0.0,Loudermilk,0.0,post-grunge,1.0,297696,0,0.0,0.0,0.06,0.96133,0.52,0.42042,272.03873,0.0,0.319565987,SOJJUSO12A8C13A71A,6.0,0.278,-6.564,1,0.392,265.282,0.471,0.15195,112.398,4.0,1.0,0,2002,loudermilk,0
0.523714637,0.384611084,AR0RCMP1187FB3F427,30.08615,0,-94.10158,Billie Jo Spears,0.0,classic country,0.984993496,747549,0,0.0,0.0,0.103,1.47472,1.0,0.44584,175.20281,0.154,-1.0,SOOGBFB12AC4688DF4,0.0,0.757,-12.551,1,0.726,162.36,0.859,0.19295,119.053,4.0,0.158,0,1976,billie jo spears,0
0.556531086,0.370138414,ARBXVFV1187B99AA63,0.0,0,0.0,Gene Simmons,0.0,hard rock,0.996773994,375621,0,0.0,1.0,1.0,1.50187,1.0,1.50187,155.11465,1.025,0.375984302,SOSDWNM12A8C140DCC,9.0,0.895,-10.313,1,0.737,148.805,0.608,1.19976,96.737,1.0,0.0,0,1987,gene simmons,0
0.428061659,0.29843473,ARHCUCR1187B98F589,-22.97673,0,-43.19508,Geoff Muldaur,0.0,samba,0.871096434,461019,0,0.0,0.0,0.145,2.41716,0.782,1.78454,217.88689,1.402,0.0,SOIOOCV12AB01850B9,7.0,1.0,-26.772,1,0.87,197.486,0.381,1.78454,82.759,3.0,0.627,0,2008,geoff muldaur,0
0.540750151,0.379651219,AR7CCCC1187FB578FF,0.0,0,0.0,Don Gibson,0.0,country rock,0.984649793,724643,0,0.0,1.0,0.028,1.01875,1.0,0.33192,184.68526,0.297,0.436696165,SOWHYDW12AB0186487,7.0,0.095,-20.691,1,0.535,174.631,0.318,0.10335,87.806,4.0,0.0,0,1960,don gibson,0
0.751216348,0.461230677,ARCSHVZ11C8A41575B,36.0632,0,-94.15791,Take It Back!,0.0,melodic hardcore,1.0,771209,0,0.0,0.0,0.186,1.04066,0.918,0.17186,204.90404,0.322,0.447135796,SODIEVX12AB0186777,3.0,0.494,-4.696,0,0.44,197.683,0.427,0.17186,135.264,4.0,0.0,0,2008,take it back!,0
0.513264476,0.334072669,AR32PK91187FB4D6E2,0.0,0,0.0,Philip Bailey,0.0,jazz funk,0.981666785,293523,0,0.0,0.0,0.608,0.12914,0.814,0.12914,210.93832,0.252,-1.0,SOILVGP12A8C1367CE,7.0,0.871,-14.064,1,0.665,204.359,0.171,0.12914,160.313,4.0,0.915,0,1998,philip bailey,0
0.744844377,0.447386029,ARDCQM61187B9951CE,-33.86963,0,151.20695,Sneaky Sound System,0.0,alternative dance,0.862639088,422770,0,0.0,1.0,0.361,0.87362,0.0,0.41318,225.82812,1.303,0.55936523,SOZZPYH12AB0187578,7.0,0.228,-3.951,1,0.554,222.203,0.67,0.18238,130.053,4.0,0.864,0,2008,sneaky sound system,0
0.590131052,0.384549528,ARRVGAX1187FB4D745,35.21962,0,-80.01955,Little Eva,0.0,pop rock,0.954350957,609792,0,0.0,0.0,0.307,0.67897,0.307,0.67897,149.65506,0.177,-1.0,SOYVGBE12A8C1420B4,0.0,0.0,-3.375,0,0.0,138.739,1.0,0.21726,84.758,1.0,0.537,0,2000,little eva,0
0.90284076,1.021255588,ARF8HTQ1187B9AE693,0.0,0,0.0,Daft Punk,0.0,techno,1.0,28815,0,0.0,5.0,0.095,0.98798,0.0,0.44645,329.53424,0.0,0.8622545,SONJBQX12A6D4F8382,5.0,0.055,-5.019,0,0.419,311.025,0.268,0.175,111.201,4.0,1.0,0,1995,daft punk,0
0.803810768,0.559925869,ARS86AJ1187B9B4225,0.0,0,0.0,Janis Joplin,0.0,blues-rock,0.999754249,285465,0,0.0,2.0,0.322,0.99923,0.766,0.50149,137.79546,3.164,-1.0,SOMTTIL12CF5465225,9.0,0.623,-12.436,1,0.475,137.795,0.254,0.25324,123.293,4.0,1.0,0,1988,janis joplin,0
0.698452539,0.502974636,ARHD3RX1187FB3A7DA,0.0,0,0.0,Steel Pulse,0.0,roots reggae,1.0,601830,0,0.0,1.0,0.045,0.06529,0.493,0.06529,261.35465,0.183,0.253834736,SOGNZNU12AB0189FE3,4.0,0.253,-6.653,1,0.267,245.499,0.493,0.06529,168.242,4.0,0.643,0,1997,steel pulse,0
0.908984296,0.562506672,ARBNXYA1187FB51C50,18.22328,0,-66.42889,Daddy Yankee,0.0,reggaeton,1.0,792168,0,0.0,1.0,0.02,0.69293,0.216,0.69293,172.90404,0.0,0.74498651,SOCSXZF12AC468D3E3,1.0,0.0,-4.064,1,0.0,169.744,0.406,0.36865,93.029,4.0,0.748,0,2010,daddy yankee,0
0.809828092,0.539644312,ARBCUNV1187B98A9FB,0.0,0,0.0,Busta Rhymes,0.0,hip hop,1.0,556995,0,0.0,1.0,0.064,0.57066,0.346,0.06156,231.60118,0.0,0.549998637,SOSNLPM12A8C139C95,1.0,0.151,-10.067,0,0.382,226.975,0.486,0.06156,106.961,5.0,1.0,0,2001,busta rhymes,0
0.603268922,0.385305378,AR06M3F1187FB38BED,34.51042,0,-89.94049,Mississippi Fred McDowell,0.0,delta blues,1.0,219489,0,0.0,1.0,0.005,1.46082,0.858,0.78959,226.37669,0.264,-1.0,SOWKEYU12A8C13C384,8.0,0.0,-15.448,0,0.163,216.549,0.0,0.35914,69.347,4.0,0.789,0,1999,mississippi fred mcdowell,0
0.661080168,0.442765842,ARV1JVD1187B9AD195,35.91463,0,-79.05661,Loudon Wainwright III,0.0,modern rock,1.0,396816,0,0.0,1.0,0.456,0.11689,0.408,0.11689,128.15628,0.0,0.570919571,SOMKFVQ12A58A75F9A,9.0,0.041,-16.117,1,0.308,124.285,0.553,0.11689,193.637,4.0,0.0,0,1994,loudon wainwright iii,0
0.689800593,0.533842727,ARVBP9K1187FB48254,43.64856,0,-79.38533,Cancer Bats,0.0,southern rock,0.943460927,538716,0,0.0,1.0,0.406,0.47075,0.754,0.47075,159.29424,0.136,0.515963631,SOCYIJP12AB018135F,5.0,0.412,-3.276,1,0.402,156.45,0.966,0.19178,110.096,4.0,0.0,0,2009,cancer bats,0
0.482615302,0.362116006,ARG274E1187FB4BCA8,0.0,0,0.0,Russ Taff,0.0,ccm,1.0,280982,0,0.0,0.0,0.068,1.24576,0.658,0.28027,343.37914,0.0,0.550326336,SOJGYPA12A8AE46C32,2.0,0.452,-9.193,1,0.696,343.379,0.489,0.28027,124.343,4.0,0.645,0,1998,russ taff,0
0.480377153,0.355022011,AR9VI9M1187FB410CC,41.58979,0,-93.61566,To My Surprise,0.0,experimental rock,0.89063695,620533,0,0.0,0.0,0.114,1.04056,0.521,0.24361,175.22893,0.0,-1.0,SOSLODI12AB0179DD7,7.0,0.707,-2.17,1,0.553,169.918,1.0,0.04291,149.654,4.0,0.442,0,2003,to my surprise,0
0.398858713,0.341061399,ARUT60Q1187B9B90E9,0.0,0,0.0,Orquesta Broadway,0.0,charanga,1.0,372030,0,0.0,0.0,0.59,1.23615,0.791,0.23174,421.35465,0.173,0.0,SOCROGM12A8C140561,9.0,0.154,-15.314,1,0.454,415.126,0.934,0.23174,115.521,4.0,0.2,0,1981,orquesta broadway,0
0.53002231,0.409244639,ARH0NCL1187B99B41A,0.0,0,0.0,Quadro Nuevo,0.0,tango,1.0,63876,0,0.0,0.0,0.838,0.09037,0.838,0.09037,215.30077,0.168,0.215080319,SONHRBI12A6D4F9B05,7.0,0.66,-10.232,1,0.515,200.818,0.326,0.09037,188.626,1.0,0.301,0,2002,quadro nuevo,0
0.877213746,1.082502557,ARRH63Y1187FB47783,0.0,0,0.0,Kanye West / Lupe Fiasco,0.0,hip hop,1.0,351707,0,0.0,2.0,0.319,0.86028,0.72,0.2976,236.72118,0.258,-1.0,SOJKTJG12AB0182516,9.0,0.0,-5.263,1,0.072,236.721,0.894,0.2976,106.825,4.0,1.0,0,2010,kanye west / lupe fiasco,0
0.701441759,0.504307726,AR0O3AV1187FB4D030,40.71455,0,-74.00712,Agnostic Front,0.0,hardcore punk,0.999836752,274824,0,0.0,1.0,0.11,2.4,0.873,0.28738,122.17424,0.096,0.704649756,SOCNBUC12A81C2075A,2.0,0.312,-5.218,1,0.43,118.062,0.504,0.12566,185.453,7.0,0.716,0,2007,agnostic front,0
0.675384812,0.633339909,AR5FP401187FB523C9,0.0,0,0.0,Bob Dylan,0.0,blues-rock,0.947546054,283002,0,0.0,3.0,0.786,1.45678,0.796,0.17821,320.70485,0.136,-1.0,SOQXNQP12A8C134AD7,3.0,0.121,-14.089,1,0.346,309.899,0.902,0.17821,94.161,4.0,0.604,0,1997,bob dylan,0
0.338014664,0.328237664,ARUIRHK1187FB55534,0.0,0,0.0,Frank Chacksfield & His Orchestra,0.0,space age pop,1.0,756130,0,0.0,0.0,0.257,0.22901,0.262,0.22901,155.37587,3.274,-1.0,SOKQLLS12AB0188EC1,0.0,0.406,-19.61,1,0.482,144.155,0.262,0.22901,151.195,3.0,0.722,0,2001,frank chacksfield & his orchestra,0
0.57763315,0.439843854,ARU3YYC1187FB43FEE,-34.60852,0,-58.37354,Luis Alberto Spinetta,0.0,rock 'n roll,0.915657661,216883,0,0.0,0.0,0.458,0.0798,0.333,0.0798,209.47546,0.259,-1.0,SOBBCFN12A8C13E4D9,9.0,0.467,-16.079,1,0.517,196.836,0.333,0.0798,196.52,3.0,1.0,0,2001,luis alberto spinetta,0
0.547040707,0.345109487,ARSJ46X1187FB4A62A,0.0,0,0.0,Various Production,0.0,grime,1.0,314640,0,0.0,0.0,0.024,0.61959,0.647,0.20396,191.99955,0.0,-1.0,SOIBJTK12A8C143D5E,7.0,0.005,-8.862,0,0.47,177.876,0.153,0.20396,145.064,4.0,0.156,0,2008,various production,0
0.73118423,0.549204384,ARD3LXU1187B9ABFC5,0.0,0,0.0,Sex Pistols,0.0,punk,1.0,75500,0,0.0,4.0,0.011,0.88141,0.829,0.06016,189.17832,0.0,0.313562114,SOTGSMJ12A6D227171,0.0,0.057,-14.683,0,0.382,189.178,0.268,0.06016,152.899,4.0,0.812,0,2004,sex pistols,0
0.614887588,0.377828215,ARV2X851187FB41A78,42.31256,0,-71.08868,Open Hand,0.0,post-grunge,1.0,717115,0,0.0,0.0,0.426,0.72016,0.339,0.72016,486.97424,2.339,0.511424326,SOLLCFT12A58A7A566,9.0,0.284,-7.655,0,0.347,478.215,0.149,0.18953,86.308,4.0,0.783,0,1999,open hand,0
0.605109702,0.398547535,AR9AM2N1187B9AD2F1,53.4796,0,-2.24881,Inspiral Carpets,0.0,indie rock,0.99732938,10167,0,0.0,2.0,0.022,0.71741,0.0,0.29572,230.05995,1.071,0.645578916,SOBGZZO12A6701CD25,10.0,0.474,-4.134,0,0.427,211.348,0.656,0.0854,150.226,4.0,0.757,0,1999,inspiral carpets,0
0.736440741,0.526846925,ART3KT21187FB450DC,0.0,0,0.0,Ennio Morricone,0.0,easy listening,0.998576053,312415,0,0.0,4.0,1.0,0.09375,1.0,0.09375,118.33424,0.386,-1.0,SOFGEIT12A8C1406F3,9.0,0.444,-11.008,0,0.527,109.993,0.768,0.09375,87.153,1.0,0.0,0,1983,ennio morricone,0
0.510208284,0.351652334,AR812NT1187B9A0355,0.0,0,0.0,Stephen Warbeck,0.0,soundtrack,1.0,64144,0,0.0,0.0,0.539,1.62253,0.707,0.57096,123.68934,0.474,-1.0,SOLCSWD12A6D4FA136,9.0,0.459,-16.039,0,0.513,111.137,0.153,0.57096,116.259,4.0,0.386,0,2003,stephen warbeck,0
0.785230454,0.515058318,ARMHMPG1187B9A9A4A,0.0,0,0.0,The Wreckers,0.0,country music,0.760868798,185990,0,0.0,0.0,0.652,0.0962,0.652,0.0962,211.59138,0.0,0.372530039,SOFKARX12A8AE485EE,4.0,0.349,-5.809,1,0.383,203.343,0.459,0.0962,152.208,1.0,0.623,0,2007,the wreckers,0
0.720823972,0.437464554,AR9JNFU1187B9B9868,0.0,0,0.0,Gal Costa,0.0,brazilian pop music,1.0,424639,0,0.0,1.0,0.688,0.56052,0.688,0.56052,171.85914,0.258,-1.0,SOSYHBX12A8C1417B8,0.0,0.642,-10.874,1,0.442,165.709,0.756,0.3004,118.047,1.0,0.0,0,1980,gal costa,0
0.476986277,0.335607264,ARKAE1G1187B994A18,0.0,0,0.0,Gershon Kingsley,0.0,space age pop,0.806819952,420274,0,0.0,0.0,1.0,0.23517,1.0,0.23517,180.08771,0.165,0.413752422,SONCTTO12AB0183ED1,7.0,0.733,-11.826,1,0.799,167.091,0.798,0.23517,130.831,1.0,0.0,0,1969,gershon kingsley,0
0.42073381,0.327807549,ARD1XMG1187FB41229,0.0,0,0.0,Winifred Phillips,0.0,game,0.96382552,620887,0,0.0,0.0,0.147,0.83848,0.302,0.38005,141.19138,2.502,-1.0,SOZVZIO12AB017C39B,0.0,0.274,-15.835,1,0.526,135.738,0.167,0.14163,130.195,4.0,0.479,0,2009,winifred phillips,0
0.742548135,0.625428356,ARO4WQR1187B9B9825,0.0,0,0.0,Kenny Rogers,0.0,country rock,1.0,768293,0,0.0,2.0,0.095,0.96145,0.711,0.31067,167.00036,0.154,-1.0,SONARPL12CF5465254,9.0,0.593,-14.406,1,0.5,157.983,0.456,0.15662,187.128,4.0,1.0,0,1993,kenny rogers,0
0.603602148,0.409484253,ARK9W051187FB4B783,0.0,0,0.0,Zombina & The Skeletones,0.0,psychobilly,0.90143966,585299,0,0.0,0.0,0.037,0.50544,0.515,0.50544,145.3971,0.0,0.474054831,SOJWIXK12AB018D4B6,0.0,0.3,-6.264,0,0.277,145.397,0.587,0.19374,94.754,4.0,0.097,0,2006,zombina & the skeletones,0
0.763010513,0.537675628,ARBOG0H1187B99F775,47.565,0,-122.62569,MxPx,0.0,christian rock,1.0,706025,0,0.0,2.0,0.006,1.1644,1.0,0.4808,183.97995,0.103,0.645543023,SOFSDOM12AB01830F1,11.0,0.473,-3.861,1,0.577,174.527,1.0,0.13932,87.779,4.0,0.396,0,2004,mxpx,0
0.696816892,0.482100019,ARD8JVH1187FB4DA04,0.0,0,0.0,Bad Company,0.0,blues-rock,1.0,781923,0,0.0,1.0,0.057,3.10251,0.793,0.09405,229.58975,0.0,0.64102029,SOGQWTX12AB017FD78,7.0,0.598,-8.064,1,0.624,229.59,0.253,0.09405,102.984,4.0,0.895,0,1974,bad company,0
0.502942307,0.396357754,ARA0JEL1187B998FA3,49.26044,0,-123.11403,Zumpano,0.0,power pop,0.945565607,192241,0,0.0,0.0,0.458,0.21913,0.458,0.21913,228.46649,0.345,0.416934464,SOEZJIE12A8C1318B7,1.0,0.383,-8.394,0,0.565,220.973,0.318,0.0322,159.784,1.0,0.633,0,1995,zumpano,0
0.873238653,0.519965479,ARIMZQZ1187B9AD541,0.0,0,0.0,Thrice,0.0,post-hardcore,0.999680167,342901,0,0.0,0.0,0.037,0.05948,0.125,0.05948,349.80526,0.0,0.805691387,SORKFNI12AB018214B,5.0,0.472,-9.454,1,0.551,345.281,0.352,0.05948,143.59,4.0,0.859,0,2008,thrice,0
0.6214867,0.463608077,ARP72BU1187B99CD9A,0.0,0,0.0,Who Made Who,0.0,disco,0.984696918,501989,0,0.0,0.0,0.006,0.92543,1.0,0.47046,265.32526,0.42,0.540935877,SOZFKKI12AB018602A,11.0,0.013,-6.145,0,0.339,260.807,1.0,0.2424,132.974,4.0,0.614,0,2004,who made who,0
0.739834489,0.496783015,ARS6KFB1187FB59B12,0.0,0,0.0,K.I.Z.,0.0,hip hop,1.0,715000,0,0.0,0.0,0.145,0.21871,1.0,0.21871,231.18322,0.38,-1.0,SOTNAWQ12AB01870F4,7.0,0.538,-4.547,1,0.485,215.203,0.511,0.21871,151.488,7.0,0.29,0,2005,k.i.z.,0
0.64072063,0.413296282,AROF8OV1187FB55B85,62.19845,0,17.55142,Pelle Carlberg,0.0,twee pop,0.993528643,783439,0,0.0,0.0,0.165,0.41256,0.83,0.41256,247.24853,0.0,0.516396407,SOLEFXD12AC3DFA062,9.0,0.237,-5.603,1,0.417,242.985,1.0,0.23484,169.994,4.0,0.546,0,2007,pelle carlberg,0
0.431065291,0.333858125,AROPC1B1187FB567E3,0.0,0,0.0,Out Of The Grey,0.0,ccm,1.0,148614,0,0.0,0.0,0.124,5.95415,0.135,0.33006,225.95873,0.0,0.445454526,SOAMJUS12A8C13446A,7.0,0.528,-9.598,1,0.602,211.342,0.738,0.33006,87.76,7.0,0.285,0,1995,out of the grey,0
0.443246312,0.208174547,ART3TOJ1187B98D1AB,0.0,0,0.0,Dart,0.0,post-grunge,1.0,494178,0,0.0,0.0,0.008,0.08061,0.653,0.08061,340.53179,0.456,-1.0,SOMNSOY12AB0181ACB,0.0,0.655,-10.008,1,0.473,333.845,0.995,0.08061,148.027,4.0,0.17,0,2002,dart,0
0.565102058,0.360054673,AROEVV91187B9B7F4F,0.0,0,0.0,Milieu,0.0,downtempo,1.0,455163,0,0.0,0.0,0.162,0.75773,0.489,0.07039,371.87873,0.0,0.401486711,SOJSITS12AB01850A4,10.0,0.088,-13.08,1,0.421,342.57,1.0,0.07039,87.003,4.0,0.551,0,2007,milieu,0
0.059626097,0.0,ARZWBH21187B99ACE1,0.0,0,0.0,GA1/4nter Noris,0.0,beat,1.0,139457,0,0.0,0.0,0.015,0.74812,0.837,0.26921,156.62975,0.0,0.0,SOGFGGL12A8AE47040,0.0,0.498,-11.793,1,0.524,156.63,0.544,0.26921,124.394,4.0,0.63,0,1985,ga1/4nter noris,0
0.919517092,0.54794043,AR7Q0O91187FB4DBE7,0.0,0,0.0,Plies,0.0,gangster rap,0.999941694,143384,0,0.0,1.0,0.026,1.04227,0.434,0.50365,233.42975,0.078,-1.0,SOXRWWL12A8C1345F8,9.0,0.755,-9.545,1,0.598,226.487,0.638,0.09839,110.933,4.0,1.0,0,2007,plies,0
0.702677511,0.516658581,ARSZX2G1187B98FCCF,0.0,0,0.0,Korpiklaani,0.0,folk rock,1.0,472541,0,0.0,2.0,1.0,0.32278,1.0,0.32278,250.8273,0.0,0.637828866,SOAHPOW12A8C142E38,7.0,0.819,-4.535,1,0.585,243.635,0.129,0.32278,99.995,1.0,0.0,0,2009,korpiklaani,0
0.642030477,0.445222198,AR2O84Q1187FB5BF74,0.0,0,0.0,Salt The Wound,0.0,death core,1.0,781019,0,0.0,0.0,0.158,0.73549,0.17,0.38699,241.162,0.0,0.638658134,SOQGGUN12AC4689CF7,2.0,0.155,-5.056,1,0.354,227.915,0.411,0.21489,174.424,7.0,0.24,0,2009,salt the wound,0
0.628102577,0.39560835,ARHPDQM1187FB3C318,31.15509,0,-95.96653,Albert Collins,0.0,texas blues,1.0,28610,0,0.0,2.0,0.013,1.64077,0.0,0.98841,356.25751,0.0,0.427446572,SOWISQE12A6D4F7DBB,7.0,0.27,-11.893,1,0.227,341.188,0.096,0.50474,94.557,4.0,0.536,0,1993,albert collins,0
0.908984296,0.562506672,ARBNXYA1187FB51C50,18.22328,0,-66.42889,Daddy Yankee,0.0,reggaeton,1.0,106394,0,0.0,1.0,0.128,1.90787,0.757,0.58996,235.15383,0.0,0.487112195,SOIKPOX12A58A7BA0B,4.0,0.085,-4.13,0,0.39,230.946,0.564,0.25999,91.026,4.0,1.0,0,2007,daddy yankee,0
0.514624265,0.369511565,ARHQYFB1187FB4AECF,0.0,0,0.0,The Cortinas,0.0,new wave,0.902282814,565748,0,0.0,1.0,0.142,1.36791,0.571,0.47298,219.01016,0.0,0.288481643,SOYMQQN12A58A7D293,4.0,0.861,-7.687,1,0.954,205.851,1.0,0.24887,134.985,3.0,0.884,0,1978,the cortinas,0
0.663952863,0.39207578,ARCMYSA1187FB4A8E8,0.0,0,0.0,Masta Ace Incorporated,0.0,bass music,0.884901255,94942,0,0.0,0.0,0.08,0.77094,0.1,0.77094,295.1571,0.0,0.567591725,SOKRTAB12A8C1371C9,11.0,0.111,-7.687,1,0.295,295.157,0.0,0.45163,88.12,5.0,0.722,0,1995,masta ace incorporated,0
0.567278871,0.405178359,AREOGMA1187B9908EF,37.77916,0,-122.42005,Hot Tuna,0.0,blues-rock,1.0,521693,0,0.0,1.0,0.102,0.23472,0.582,0.23472,461.71383,0.0,-1.0,SOHJXBB12A8C1437B7,1.0,0.979,-9.989,0,0.711,461.714,0.306,0.02347,138.512,4.0,0.661,0,2004,hot tuna,0
0.853725857,0.550991009,ARA1UU51187FB5A70B,0.0,0,0.0,The Misfits,0.0,horror punk,0.920888891,47597,0,0.0,2.0,0.244,0.94321,0.7,0.37375,85.9424,0.196,0.652359289,SOVMSTD12A6D4F9840,11.0,0.127,-5.542,1,0.424,83.069,0.583,0.23333,212.293,4.0,0.989,0,1997,the misfits,0
0.687478318,0.516234384,ARGEZ5E1187FB56F38,0.0,0,0.0,Audio Adrenaline,0.0,ccm,1.0,208179,0,0.0,2.0,0.089,1.47162,0.0,1.47162,279.97995,4.992,-1.0,SOPAESK12A58A7BA11,9.0,0.388,-5.934,1,0.422,267.633,0.047,1.19523,108.351,4.0,0.821,0,1997,audio adrenaline,0
0.528509678,0.0,ARCW5RB1187FB4383F,31.1689,0,-100.07715,Jessie Lee Miller,0.0,rockabilly,1.0,482735,0,0.0,0.0,0.075,0.67254,0.0,0.36094,116.92363,0.0,0.0,SOIZQWP12AAF3B51CA,0.0,0.0,-7.391,0,0.0,107.34,0.453,0.20158,188.979,4.0,0.117,0,2005,jessie lee miller,0
0.55454855,0.411545814,AR531IG1187FB59B35,0.0,0,0.0,Back Door Slam,0.0,blues-rock,1.0,555515,0,0.0,1.0,0.742,0.73375,0.0,0.08084,319.84281,0.0,0.624833534,SOOQCOC12A8C132A5A,3.0,0.515,-4.325,0,0.573,312.041,0.755,0.08084,92.971,4.0,0.285,0,2007,back door slam,0
0.553104833,0.360350448,AR6TD9K1187B9A207D,35.00459,0,-91.25019,Sister Rosetta Tharpe & Marie,0.0,religious music,0.929663575,443078,0,0.0,0.0,0.974,4.80384,0.781,0.15914,146.80771,0.281,-1.0,SOIDSPL12AB0182DF0,9.0,0.425,-7.386,0,0.41,144.08,0.779,0.15914,80.893,4.0,0.0,0,2004,sister rosetta tharpe & marie,0
0.655921418,0.578301634,AR9W3X91187FB3994C,0.0,0,0.0,Phil Collins,0.0,soft rock,1.0,40836,0,0.0,2.0,0.617,0.15879,1.0,0.15879,154.93179,0.107,0.596840704,SOZKFHV12A6D4F996F,5.0,0.682,-15.433,0,0.672,136.615,1.0,0.15879,100.042,4.0,0.753,0,1981,phil collins,0
0.749317801,0.481655862,ARUI8651187B9ACF52,0.0,0,0.0,John Cale,0.0,experimental rock,1.0,397182,0,0.0,2.0,0.581,1.30796,1.0,0.21399,199.96689,0.45,-1.0,SOCPFDY12AB018300D,5.0,0.785,-20.172,1,0.609,183.664,1.0,0.21399,110.1,4.0,1.0,0,1973,john cale,0
0.78303711,0.544257506,ART3O5Z1187B9AB043,32.77815,0,-96.7954,Stevie Ray Vaughan And Double Trouble,0.0,texas blues,0.999791772,402900,0,0.0,1.0,0.199,0.35697,0.744,0.35697,281.05098,0.067,-1.0,SOACUYZ12CF54662F1,1.0,0.542,-9.882,1,0.5,271.157,0.588,0.10809,121.616,4.0,0.967,0,1985,stevie ray vaughan and double trouble,0
0.450821298,0.312190887,ARKBTAQ1187B9B4219,40.5725,0,-74.154,David Johansen,0.0,pop rock,0.975889322,501052,0,0.0,0.0,0.428,1.85215,0.656,0.44341,247.97995,0.15,0.0,SOXXJWR12AB017F577,2.0,0.474,-7.436,1,0.735,240.356,0.469,0.21434,87.373,3.0,0.155,0,1979,david johansen,0
0.584266182,0.451570771,ARHN74X1187B98D79F,0.0,0,0.0,Bill Engvall,0.0,comedy,1.0,56685,0,0.0,0.0,0.213,0.2062,0.665,0.2062,482.21995,0.0,0.215080319,SOWXSQT12A6D4FC02E,5.0,0.0,-11.689,1,0.038,482.22,0.775,0.2062,112.964,3.0,0.623,0,1998,bill engvall,0
0.448644086,0.325563671,ARJIHNW1187B990FAA,0.0,0,0.0,Tshala Muana,0.0,world beat,1.0,249054,0,0.0,0.0,0.236,0.68499,0.67,0.21503,390.63465,0.194,0.394394856,SOJVFTP12A58A7A4D4,7.0,0.895,-5.252,1,0.902,378.851,1.0,0.21503,137.349,4.0,0.808,0,2001,tshala muana,0
0.569860089,0.414667368,ARQPT7O1187B9AAF4F,0.0,0,0.0,The Sensational Alex Harvey Band,0.0,glam rock,0.931864721,26846,0,0.0,1.0,0.557,2.08651,0.693,0.68239,316.81261,0.0,0.57010593,SOHMLNS12A58A7DA68,5.0,0.456,-12.936,1,0.531,300.141,0.91,0.32907,90.689,3.0,0.615,0,1975,the sensational alex harvey band,0
0.720711058,0.522047955,ARNHHIV1187FB4EA23,0.0,0,0.0,New Order,0.0,alternative dance,0.999969226,332020,0,0.0,4.0,0.225,0.0313,0.0,0.0313,288.02567,0.0,0.69621714,SOYCTRU12A6701DA91,11.0,0.159,-5.729,0,0.473,276.376,0.985,0.0313,146.29,4.0,0.557,0,1989,new order,0
0.743129776,0.493566843,ARXWAQQ1187B9AE954,0.0,0,0.0,Redman,0.0,hip hop,1.0,50687,0,0.0,1.0,0.245,1.10158,0.173,0.56664,209.6322,0.0,0.547003914,SOERJUK12AF72A49F7,1.0,0.486,-8.745,1,0.284,197.242,0.535,0.21881,113.312,3.0,0.683,0,1998,redman,0
0.727230316,0.476559379,ARANOZN1187B9B373E,0.0,0,0.0,Descendents,0.0,hardcore punk,0.999743837,329970,0,0.0,2.0,0.143,0.05657,0.921,0.05657,89.23383,0.188,-1.0,SOTPQFM12AB017AC9E,11.0,0.727,-8.867,1,0.3,81.995,0.307,0.05657,203.29,4.0,0.0,0,1982,descendents,0
0.628196686,0.380802089,AR9NAVM1187FB51B69,0.0,0,0.0,Life Long Tragedy,0.0,melodic hardcore,0.884103864,479039,0,0.0,0.0,0.224,4.20359,0.341,0.38526,204.9824,0.0,0.71238405,SOGGBMU12A8C145B5D,7.0,0.684,-6.024,1,0.644,204.982,0.177,0.38526,86.435,3.0,0.482,0,2008,life long tragedy,0
0.778142723,0.547746275,ARJG2ID1187B9A767E,51.31476,0,-0.56623,The Jam,0.0,british pop,0.900873366,33492,0,0.0,2.0,0.42,0.55439,1.0,0.17774,150.59546,0.316,-1.0,SOQMDPN12AF72A25EE,1.0,0.664,-8.812,1,0.483,147.435,0.577,0.17774,159.849,4.0,0.0,0,1977,the jam,0
0.531829216,0.345734866,AR7074B1187FB4C39B,0.0,0,0.0,Ann Lee,0.0,europop,0.866162071,204837,0,0.0,1.0,0.093,1.00036,0.105,1.00036,380.08118,0.0,-1.0,SOLCJWW12A8C137C98,7.0,0.714,-7.804,1,0.675,363.532,0.467,1.00036,131.999,4.0,0.872,0,2000,ann lee,0
0.633220624,0.410247408,ARCT5P61187FB3D950,0.0,0,0.0,The Impressions,0.0,chicago soul,1.0,77566,0,0.0,1.0,0.65,0.6763,0.263,0.20866,207.35955,3.477,-1.0,SORDYIS12A6D4F64EC,1.0,0.607,-16.489,1,0.701,198.565,0.263,0.20866,121.896,4.0,0.507,0,1963,the impressions,0
0.611788254,0.336726841,AR202MX1187B9B0383,0.0,0,0.0,Tanto Metro & Devonte,0.0,dancehall,0.983663921,185842,0,0.0,1.0,0.017,0.57122,0.0,0.57122,158.1971,0.108,0.0,SOMAFQT12A8AE47E8D,7.0,0.147,-6.712,1,0.474,158.197,0.715,0.13964,104.465,4.0,1.0,0,2004,tanto metro & devonte,0
0.612543004,0.459660463,ARXP7MQ1187FB3AC5F,0.0,0,0.0,Dave Hollister,0.0,motown,0.993534994,305855,0,0.0,0.0,0.07,0.30571,0.0,0.30571,258.16771,0.0,0.427446572,SOKLGLN12A8C13D204,11.0,0.242,-5.193,1,0.438,249.406,0.38,0.30571,117.936,4.0,1.0,0,2008,dave hollister,0
0.200729608,0.0,ARSQFIK11F50C4D038,0.0,0,0.0,Casa Bulga,0.0,tribal house,1.0,569832,0,0.0,0.0,0.0,0.0,0.0,0.0,401.24036,0.322,-1.0,SOFIYUN12AB0184842,10.0,0.596,-7.327,0,0.604,398.803,0.0,0.0,0.0,3.0,1.0,0,2003,casa bulga,0
0.778835827,0.570106512,ARAZCWP129462A97F1,0.0,0,0.0,Bob Marley & The Wailers,0.0,reggae,1.0,196996,0,0.0,1.0,0.297,0.69354,0.862,0.27155,258.29832,0.0,-1.0,SOMGMSS12A8C13492A,8.0,0.269,-5.308,0,0.521,250.491,0.403,0.27155,152.99,4.0,0.42,0,2001,bob marley & the wailers,0
0.856317427,0.53635118,ARG53231187FB3982D,39.95227,0,-75.16237,The Starting Line,0.0,pop punk,1.0,25843,0,0.0,0.0,0.034,0.33825,0.763,0.33825,264.41098,0.072,0.652878393,SOWYFAX12A6D4F7A3D,9.0,0.074,-5.011,1,0.328,249.574,0.705,0.12399,142.069,4.0,0.723,0,2002,the starting line,0
0.305523628,0.257496328,ARXSPYZ1187B98972A,36.2929,0,-95.15261,Carl Belew,0.0,rockabilly,1.0,610066,0,0.0,0.0,0.243,1.58751,0.494,0.55367,140.38159,0.0,-1.0,SONZYRS12A8C141A13,2.0,0.182,-13.338,1,0.567,136.678,0.546,0.2934,117.867,3.0,0.905,0,1959,carl belew,0
0.543290243,0.351998338,ARZEBW31187FB586EA,0.0,0,0.0,Anne Dudley,0.0,trip hop,0.956527387,44537,0,0.0,1.0,0.458,0.86543,0.579,0.33766,280.86812,3.744,-1.0,SOFPYLJ12A6D4F843F,11.0,0.599,-15.428,0,0.528,249.133,0.155,0.33766,118.326,4.0,0.45,0,2006,anne dudley,0
0.760636112,0.54724366,ARRDRI71187FB46EAA,40.65507,0,-73.94888,Grizzly Bear,0.0,folk-pop,1.0,532378,0,0.0,1.0,0.591,0.48223,1.0,0.12093,384.67873,0.0,0.882530152,SOXDMAC12AB017E7FF,4.0,0.394,-14.199,0,0.409,373.847,0.615,0.12093,169.038,4.0,0.468,0,2006,grizzly bear,0
0.659944919,0.434696913,ARDK6QW1187B9B8D85,53.93063,0,-1.20788,UK Subs,0.0,oi,1.0,611809,0,0.0,1.0,0.003,0.51803,0.954,0.21517,122.40934,0.0,-1.0,SOFFCBZ12A8C144291,10.0,0.072,-2.952,1,0.298,122.409,0.478,0.06337,199.379,4.0,0.0,0,1999,uk subs,0
0.400284059,0.289976449,AR6HA5Z1187B99C04E,0.0,0,0.0,Seatrain,0.0,jazz funk,0.977706335,351207,0,0.0,0.0,0.184,0.54896,0.748,0.54896,294.47791,0.2,0.261873514,SONSEWJ12AB0182FBB,2.0,0.768,-6.112,1,0.678,285.199,0.973,0.26333,107.836,3.0,1.0,0,1973,seatrain,0
0.69044755,0.507781667,ARBM4TC1187FB5CE98,0.0,0,0.0,Natalie Cole,0.0,vocal jazz,0.999038018,460871,0,0.0,1.0,0.003,1.53455,0.872,0.89655,194.53342,0.746,0.0,SOTZGNC12AB0184FE8,4.0,0.809,-15.222,1,0.686,172.013,0.0,0.89655,115.45,4.0,0.675,0,1985,natalie cole,0
0.621414328,0.443930193,ARMIMHT1187B98F038,0.0,0,0.0,Teena Marie,0.0,disco,1.0,281958,0,0.0,1.0,0.026,0.96357,0.0,0.34728,323.18649,2.914,-1.0,SOUVEIY12A8C12FCF3,1.0,0.61,-12.256,1,0.64,315.774,0.0,0.03913,97.396,4.0,0.814,0,1983,teena marie,0
0.81444811,0.60797181,ARFVYJI1187B9B8E13,47.60356,0,-122.32944,Pearl Jam,0.0,grunge,0.954857727,291679,0,0.0,4.0,0.007,1.06505,0.538,0.55463,235.25832,0.0,-1.0,SOAMBKN12A8C137A71,0.0,0.77,-9.407,1,0.764,235.258,0.423,0.29806,117.946,4.0,0.973,0,1998,pearl jam,0
0.610330728,0.407821565,ART6QCS1187FB40CBD,0.0,0,0.0,Los AutA(c)nticos Decadentes,0.0,cumbia,0.921835331,509685,0,0.0,0.0,0.863,0.44781,0.863,0.44781,210.02404,0.292,0.334706549,SOZIQWL12AB01814C9,1.0,0.352,-9.737,1,0.443,200.516,0.0,0.23422,136.835,1.0,0.0,0,1991,los auta(c)nticos decadentes,0
0.737037558,0.539245418,AR050VJ1187B9B13A7,0.0,0,0.0,Dead Kennedys,0.0,rock,1.0,181162,0,0.0,2.0,0.016,1.04773,0.379,0.39241,216.842,0.0,0.788388183,SOZQSGL12AF72A9145,10.0,0.325,-4.264,1,0.286,213.02,0.767,0.06784,92.897,4.0,0.879,0,1982,dead kennedys,0
0.626957723,0.434859589,AR2XRFQ1187FB417FE,0.0,0,0.0,Julie Zenatti,0.0,chanson,1.0,382807,0,0.0,0.0,0.716,8.69527,0.773,0.59161,252.99546,0.514,0.475638468,SOMBCOW12AAF3B229F,1.0,0.429,-11.061,0,0.67,241.424,0.365,0.59161,80.084,4.0,0.533,0,2004,julie zenatti,0
0.495796932,0.389498817,ARQ0HOT1187B9A25FA,42.31256,0,-71.08868,Mistress,0.0,hip hop,1.0,682479,0,0.0,0.0,0.079,4.10421,0.0,3.26138,580.70159,5.294,0.401486711,SOXGDVW12AB01864E7,0.0,0.821,-4.523,1,0.587,580.702,0.032,3.05425,146.331,4.0,0.479,0,2005,mistress,0
0.611495418,0.334519764,ARJGW911187FB586CA,0.0,0,0.0,I Hate Sally,0.0,post-hardcore,1.0,116616,0,0.0,0.0,0.095,0.39309,0.862,0.39309,163.63057,0.0,-1.0,SODJYEC12A8C13D757,7.0,0.38,-5.795,1,0.385,158.511,0.731,0.11929,77.15,3.0,0.369,0,2007,i hate sally,0
0.55746022,0.386151631,AREJXK41187B9A4ACC,46.71067,0,1.71819,RaphaA<<l,0.0,chanson,0.910697616,275907,0,0.0,0.0,0.179,0.52458,0.886,0.04257,148.74077,0.192,0.547952942,SOGSMXL12A81C23D88,0.0,0.591,-9.636,1,0.556,141.607,0.0,0.04257,124.059,4.0,0.372,0,2008,raphaa<<l,0
0.614261764,0.417413024,ARVJ6541187B9A4C3E,59.75952,0,18.70249,MAY=negarm,0.0,viking metal,0.996430166,263217,0,0.0,0.0,0.012,0.70481,0.791,0.3403,92.76036,0.0,0.594359366,SOFYJDL12A58A7DD52,4.0,0.016,-6.769,0,0.009,85.664,0.312,0.1526,163.086,4.0,0.0,0,2007,may=negarm,0
0.947327507,0.60725728,AR03BDP1187FB5B324,34.05349,0,-118.24532,Britney Spears,0.0,dance pop,1.0,636897,3,0.0,6.0,0.256,0.89674,0.824,0.44176,465.47546,0.0,-1.0,SOQKBQI12AB0182711,1.0,0.309,-6.278,1,0.409,461.41,1.0,0.21427,131.999,5.0,1.0,3,2009,britney spears,3
0.766826206,0.549445961,AR2H1J41187FB5C640,0.0,0,0.0,Danny Elfman,0.0,soundtrack,1.0,287148,0,0.0,2.0,0.13,2.76225,0.329,0.76782,140.87791,0.36,0.383934684,SOUZAFY12A8C136709,5.0,0.158,-22.435,0,0.418,140.878,0.145,0.53862,86.901,5.0,0.328,0,2002,danny elfman,0
0.683455701,0.42712297,ARRM70G1187B9A7F64,0.0,0,0.0,Junior Kimbrough,0.0,delta blues,0.975924716,815249,0,0.0,1.0,0.18,0.82683,0.799,0.37729,190.06649,0.321,0.618352389,SOHPAVE12A8AE47190,7.0,0.007,-14.023,0,0.239,184.866,0.284,0.14678,129.584,4.0,0.338,0,1997,junior kimbrough,0
0.459797129,0.349912612,ARDNS031187B9924F0,32.67828,0,-83.22295,Tim Wilson,0.0,filk,1.0,25323,0,0.0,0.0,0.123,0.47866,0.78,0.47866,100.67546,0.392,0.0,SOBOJXY12A6D4F79A0,5.0,0.261,-12.36,1,0.297,98.093,0.644,0.03652,88.576,5.0,0.772,0,1999,tim wilson,0
0.617608694,0.405967369,ARKL75U1187FB5B8B6,43.01437,0,-88.23546,BoDeans,0.0,roots rock,0.977056738,401293,0,0.0,0.0,0.418,0.38807,0.418,0.38807,186.20036,0.148,0.299877488,SOGHPNO12A582A2482,7.0,1.0,-13.845,1,0.864,171.764,0.584,0.18877,156.285,1.0,0.0,0,1986,bodeans,0
0.899934952,0.68365806,ARH6W4X1187B99274F,0.0,0,0.0,Radiohead,0.0,british pop,0.99997276,188863,0,0.0,5.0,0.106,0.22793,0.883,0.22793,237.21751,0.0,0.47643522,SOSQIHH12A8C13370B,1.0,0.623,-7.057,1,0.763,226.116,1.0,0.06881,188.91,5.0,0.68,0,2007,radiohead,0
0.744641246,0.579988982,ARNLO5S1187B9B80CC,0.0,0,0.0,Van Halen,0.0,heavy metal,0.999932033,129837,0,0.0,1.0,0.229,3.67154,0.229,3.67154,324.23138,12.452,0.685351118,SORKWDV12A8C13B43B,4.0,0.696,-9.057,0,0.638,317.44,0.088,3.33976,87.899,1.0,0.445,0,1998,van halen,0
0.839297678,0.718891456,ARDVZTE1187FB5A0A1,0.0,0,0.0,Bon Jovi,0.0,rock,1.0,372702,0,0.0,1.0,0.203,0.16217,1.0,0.16217,311.27465,0.328,-1.0,SOHKLCA12A8C1414AB,1.0,1.0,-4.857,1,0.808,303.827,0.416,0.16217,139.95,4.0,0.203,0,1986,bon jovi,0
0.612657824,0.457611174,AROJAG11187B9B71A3,51.50632,0,-0.12714,The Chap,0.0,future jazz,0.910049664,160998,0,0.0,1.0,0.005,0.10825,0.682,0.10825,207.28118,0.0,0.407233015,SOPGCJJ12A58A796B7,6.0,0.425,-8.337,0,0.681,207.281,0.871,0.10825,123.007,4.0,0.566,0,2003,the chap,0
0.577276089,0.376939984,AREJ5K11187B993F5F,0.0,0,0.0,R. Carlos Nakai,0.0,chamber jazz,1.0,529426,0,0.0,1.0,0.876,0.09527,0.876,0.09527,146.33751,0.347,0.215080319,SODENZR12AAF3B13B9,1.0,0.027,-25.651,0,0.415,137.143,0.675,0.09527,104.989,1.0,0.0,0,1982,r. carlos nakai,0
0.733433227,0.455558797,ARK8OHG1187B99016A,0.0,0,0.0,Shadows Fall,0.0,power metal,0.945956606,734726,0,0.0,0.0,0.001,1.35712,0.461,0.65324,283.48036,0.113,0.687873715,SOKMPKV12A67AE241B,0.0,0.489,-4.076,0,0.596,280.88,0.85,0.12569,84.992,4.0,0.42,0,2004,shadows fall,0
0.756790992,0.458697013,ARRPOUR1187FB4D0BA,0.0,0,0.0,Aceyalone,0.0,hip hop,1.0,141928,0,0.0,0.0,0.087,1.28213,0.289,0.35229,170.1873,0.165,0.215080319,SOPXSOJ12A81C209E2,1.0,0.676,-4.149,0,0.542,161.576,0.987,0.04216,129.956,5.0,1.0,0,2007,aceyalone,0
0.760270106,0.496071347,ARGXIE31187FB55B48,0.0,0,0.0,Tech N9ne,0.0,gangster rap,0.91857052,54436,0,0.0,0.0,0.028,0.6814,0.341,0.34228,274.85995,0.14,0.706000517,SOELGKJ12A58A7CD11,1.0,0.178,-6.696,1,0.256,267.952,0.765,0.17272,177.942,4.0,0.81,0,2006,tech n9ne,0
0.620379479,0.407898467,ARUME5Q1187B9B1AA7,46.23518,0,-119.09456,Kristine W.,0.0,progressive house,0.928009773,776030,0,0.0,0.0,0.334,0.95465,0.516,0.48717,235.12771,3.506,0.246950841,SOLYALY12AC3DF5182,10.0,0.714,-4.499,0,0.641,227.968,0.155,0.24998,129.976,4.0,0.475,0,2004,kristine w.,0
0.640574149,0.454714841,ARWD82K1187B98CFF2,0.0,0,0.0,Cracker,0.0,roots rock,0.966374319,277481,0,0.0,1.0,0.015,0.63449,1.0,0.07351,196.5971,0.316,0.427446572,SOMKDSL12A8A9D5A19,9.0,0.263,-8.749,1,0.42,183.409,0.837,0.07351,107.848,4.0,0.352,0,1998,cracker,0
0.643016666,0.461517205,ARVJVFF1187B9B40D6,40.7174,0,-74.04323,Al Di Meola,0.0,latin jazz,0.929507055,419331,0,0.0,0.0,0.166,0.91514,0.958,0.36132,257.30567,0.299,0.360370583,SOKKHMB12AB0182B39,0.0,0.368,-16.945,1,0.653,248.471,0.38,0.36132,110.096,4.0,0.207,0,1983,al di meola,0
0.822843255,0.531436737,ARZXTEY1187B9997A7,0.0,0,0.0,Juelz Santana / Freekey Zeekey / Monique Garnett,0.0,rap,1.0,26342,0,0.0,0.0,0.575,0.30968,0.0,0.30968,79.64689,0.0,0.38293509,SOTZFYX12A6D4F71DE,0.0,0.032,-19.771,1,0.078,71.721,0.0,0.30968,196.482,3.0,0.516,0,2003,juelz santana / freekey zeekey / monique garnett,0
0.450852685,0.33238987,AR93RTI1187B98ECFB,30.38815,0,-96.0878,Mance Lipscomb,0.0,texas blues,1.0,648860,0,0.0,0.0,0.529,0.315,0.529,0.315,181.39383,0.061,-1.0,SOQIBIH12AB0186282,1.0,0.162,-10.173,1,0.213,178.306,0.395,0.12401,161.7,1.0,0.0,0,1993,mance lipscomb,0
0.561589946,0.420570307,AR2PT4M1187FB55B1A,0.0,0,0.0,Los Chichos,0.0,flamenco,1.0,223784,0,0.0,0.0,0.024,1.41148,0.572,0.2216,212.53179,0.183,0.266955186,SOHYLEY12A8C13F20D,4.0,0.0,-6.159,0,0.147,209.711,0.579,0.2216,100.232,4.0,0.728,0,1987,los chichos,0
0.701118744,0.415441656,ARWQ3M31187FB4CF01,33.74831,0,-84.39111,ARRESTED DEVELOPMENT,0.0,hip hop,1.0,520249,0,0.0,1.0,0.046,0.51667,0.805,0.17396,218.06975,0.299,0.609043943,SOUPVPL12AB0189B9F,1.0,1.0,-6.25,1,0.788,203.941,0.428,0.17396,177.886,4.0,1.0,0,2006,arrested development,0
0.711893841,0.535163042,ARQOATR1187B9AE959,0.0,0,0.0,Jane's Addiction,0.0,alternative metal,0.948792523,136563,0,0.0,1.0,0.052,1.06405,0.0,0.4344,355.63057,4.418,-1.0,SOGMLLJ12A8AE46BA4,5.0,0.476,-7.938,1,0.493,346.686,0.175,0.4344,92.729,4.0,0.198,0,1990,jane's addiction,0
0.63589871,0.530262813,ARZKUQF11F4C8456E8,52.47859,0,-1.9086,The Moody Blues,0.0,british invasion,0.898790619,22126,0,0.0,0.0,0.532,0.84211,0.158,0.3172,291.29098,0.0,-1.0,SOQFZBX12A6D4F5B4D,9.0,0.321,-12.065,0,0.413,284.729,0.474,0.3172,115.514,4.0,0.132,0,1968,the moody blues,0
0.464362591,0.417846148,ARW1WST1187FB384DA,0.0,0,0.0,Jope Ruonansuu,0.0,parody,1.0,563754,0,0.0,1.0,0.072,0.12589,0.763,0.12589,211.25179,0.073,-1.0,SOOJCEQ12AB0189C25,2.0,0.651,-10.321,0,0.605,201.427,0.788,0.12589,111.004,3.0,0.717,0,2009,jope ruonansuu,0
0.32073576,0.0,ARPYQNG1187FB4AF63,0.0,0,0.0,Virgil Moorefield,0.0,experimental rock,0.960889704,664962,0,0.0,0.0,0.021,1.40544,0.997,0.40808,236.2771,0.345,-1.0,SOJIGMK12AB018B088,11.0,0.474,-10.829,0,0.547,226.342,0.382,0.08104,123.004,4.0,0.712,0,1994,virgil moorefield,0
0.48177182,0.282491646,ARZLS3G1187FB38347,0.0,0,0.0,Orquestra,0.0,orchestra,1.0,262849,0,0.0,0.0,0.028,0.70824,0.824,0.14306,87.58812,2.096,0.456858867,SOKNSOQ12A8C134AAE,5.0,0.652,-13.767,0,0.607,82.837,0.353,0.14306,104.752,4.0,0.191,0,1967,orquestra,0
0.56952416,0.381467815,AR72Q9R1187B98A664,0.0,0,0.0,Hatiras,0.0,tech house,0.935335903,484499,0,0.0,1.0,0.571,0.94221,0.426,0.48776,298.1873,0.0,-1.0,SODCBCN12AB01818EA,11.0,0.384,-6.125,0,0.247,298.187,0.564,0.48776,131.999,4.0,0.0,0,2002,hatiras,0
0.571926731,0.368446212,ARM7UY51187B993E17,40.71455,0,-74.00712,Eddie Palmieri,0.0,salsa,1.0,248450,0,0.0,1.0,0.301,0.63219,0.301,0.63219,266.50077,0.388,-1.0,SOYBJJE12A8C13CC79,10.0,0.414,-17.886,0,0.464,254.409,0.334,0.44272,153.309,1.0,0.0,0,1973,eddie palmieri,0
0.632041754,0.387911599,ARX0X2D1187B99F515,30.9742,0,-91.52382,HA-ASH,0.0,pop rock,1.0,514551,0,0.0,0.0,0.103,0.37619,0.444,0.37619,253.90975,0.107,0.576399981,SOAGBQA12AB0180400,9.0,0.385,-5.548,1,0.32,244.727,0.732,0.15288,136.945,4.0,0.284,0,2005,ha-ash,0
0.674970293,0.424953084,ARZS5VW1187FB567E8,0.0,0,0.0,William Orbit,0.0,progressive house,0.898751785,768978,0,0.0,1.0,0.106,0.84706,0.808,0.37145,199.8624,0.287,0.504034341,SOQKFHB12AB0186B13,5.0,0.64,-21.82,1,0.705,187.96,0.263,0.13365,131.281,4.0,0.887,0,2000,william orbit,0
0.585514007,0.364914035,AR32ETX1187B9A792F,0.0,0,0.0,The Vaughan Brothers,0.0,blues-rock,0.983709336,282026,0,0.0,0.0,0.04,1.2303,1.0,0.39374,222.64118,0.0,0.654276263,SOHWUWA12A8C1325AE,8.0,0.494,-13.324,1,0.465,219.214,0.959,0.39374,141.602,4.0,0.0,0,1990,the vaughan brothers,0
0.379734512,0.3138661,ARY1P2B1187B9B78F5,0.0,0,0.0,Mariano Yanani,0.0,lullaby,1.0,154488,0,0.0,0.0,0.325,1.10975,0.775,1.10975,239.22893,2.473,-1.0,SOTTBUT12A8C13856B,11.0,0.822,-15.618,1,0.811,232.96,0.135,1.10975,85.024,3.0,0.709,0,2005,mariano yanani,0
0.873238653,0.519965479,ARIMZQZ1187B9AD541,0.0,0,0.0,Thrice,0.0,post-hardcore,0.999680167,628265,0,0.0,0.0,0.813,0.06852,0.813,0.06852,169.63873,0.0,0.735346457,SOUQYYT12A8C13BA09,8.0,1.0,-5.176,1,0.606,166.934,0.315,0.06852,114.179,1.0,0.0,0,2002,thrice,0
0.675384812,0.633339909,AR5FP401187FB523C9,0.0,0,0.0,Bob Dylan,0.0,blues-rock,0.947546054,285737,0,0.0,3.0,0.606,0.35946,0.606,0.35946,257.61914,0.0,0.702551585,SOBMWXO12A8C132120,4.0,0.368,-13.776,1,0.382,248.9,0.442,0.14051,136.842,1.0,0.0,0,1975,bob dylan,0
0.575805715,0.397170342,AR2O20V1187B989AF6,0.0,0,0.0,Black Tambourine,0.0,noise pop,0.869839262,785985,0,0.0,0.0,0.101,0.74282,0.345,0.28097,236.35546,3.065,0.593251652,SORRNTH12AC960A43B,10.0,0.698,-9.975,1,0.246,225.414,0.623,0.28097,131.388,4.0,0.242,0,2010,black tambourine,0
0.809828123,0.539644312,ARBCUNV1187B98A9FB,0.0,0,0.0,Busta Rhymes,0.0,hip hop,1.0,513035,0,0.0,1.0,0.572,0.56298,0.0,0.04856,209.60608,0.0,0.447135796,SORTOLS12AB01816C5,7.0,0.522,-8.975,1,0.394,209.606,0.188,0.04856,90.032,4.0,0.735,0,2000,busta rhymes,0
0.823548253,0.507115549,ARB6OGR1187FB4D43D,43.58015,0,7.12123,M83,0.0,shoegaze,1.0,27450,0,0.0,1.0,0.947,0.81347,0.969,0.14735,1071.882,0.078,0.699426728,SOWGWCP12A6D4F860D,4.0,0.879,-6.1,0,0.707,1043.458,0.828,0.14735,90.264,4.0,0.757,0,2001,m83,0
0.425417297,0.299624038,ARKRUIT11F50C4E6B1,-19.93272,0,145.77406,Kooii,0.0,latin jazz,1.0,466544,0,0.0,0.0,0.556,0.76621,0.95,0.22776,391.00036,0.115,0.319565987,SOWPPYS12AB01827A5,7.0,0.578,-10.775,1,0.573,382.409,0.95,0.22776,112.93,4.0,0.715,0,2005,kooii,0
0.683455701,0.42712297,ARRM70G1187B9A7F64,0.0,0,0.0,Junior Kimbrough,0.0,delta blues,0.975924716,815232,0,0.0,1.0,0.121,0.49568,0.77,0.49568,384.57424,0.386,-1.0,SOVYDFP12AB018CAD3,8.0,0.699,-9.841,1,0.535,373.83,0.535,0.13665,83.706,4.0,0.0,0,1998,junior kimbrough,0
0.709010525,0.553566172,ARV8T9T1187B99F3F4,0.0,0,0.0,Amorphis,0.0,progressive metal,0.944224483,264962,0,0.0,1.0,0.021,0.81416,0.664,0.26024,285.46567,0.229,0.715894796,SOEOMZJ12A8C139998,2.0,0.205,-5.067,1,0.435,274.872,1.0,0.26024,108.039,4.0,0.732,0,2001,amorphis,0
0.368134445,0.313665817,ARKA2YS1187B9A4060,0.0,0,0.0,"MichA""le Arnaud",0.0,chanson,1.0,34505,0,0.0,1.0,0.118,0.22716,0.803,0.22716,122.27873,0.322,-1.0,SORWLOJ12A6D4F871E,0.0,0.386,-13.828,0,0.452,116.175,0.125,0.22716,95.264,3.0,0.282,0,1996,"micha""le arnaud",0
0.623823768,0.441106359,ARALUUG1187FB58696,30.43883,0,-90.44116,Irma Thomas,0.0,delta blues,0.973191971,393782,0,0.0,1.0,0.024,0.93036,0.894,0.41676,205.29587,0.369,0.334706549,SOHHAXO12AB0184DE3,10.0,0.572,-14.526,1,0.606,196.36,0.629,0.15221,112.109,3.0,1.0,0,2001,irma thomas,0
0.840963901,0.587869152,ARNDL191187FB51583,0.0,0,0.0,Jimi Hendrix,0.0,blues-rock,0.924265781,763905,0,0.0,3.0,0.0,0.52427,0.0,0.52427,449.74975,0.0,0.693961617,SOLQLCA12AB0188BBD,8.0,0.912,-8.239,1,0.667,446.74,0.357,0.3241,146.77,1.0,0.0,0,1989,jimi hendrix,0
0.613598057,0.377720338,ARM3QKQ1187FB421E0,40.71455,0,-74.00712,Willy DeVille,0.0,blues-rock,0.975439455,136291,0,0.0,0.0,0.134,3.87962,1.0,3.02925,227.81342,3.744,0.355285536,SOIBVYA12A8AE46F75,0.0,0.0,-9.46,1,0.098,219.051,0.795,3.02925,141.999,4.0,0.545,0,1996,willy deville,0
0.844039532,0.524378988,ARUSOMY1187FB4D3B4,0.0,0,0.0,Anti-Flag,0.0,oi,0.999917452,468835,0,0.0,4.0,0.006,0.74975,0.909,0.35283,171.59791,0.096,0.603860471,SOSJEIO12A58A7A674,10.0,0.591,-5.829,0,0.463,155.597,0.544,0.15824,152.273,4.0,0.027,0,2009,anti-flag,0
0.703690572,0.529195922,ARJ7SQ31187B9AF432,0.0,0,0.0,Billy Bragg,0.0,urban folk,0.949369581,220705,0,0.0,2.0,0.919,1.11544,0.534,0.39441,173.50485,0.16,0.372530039,SOVTOZI12A8C13710B,7.0,0.617,-7.339,1,0.647,165.901,0.067,0.16899,83.481,4.0,0.0,0,2006,billy bragg,0
0.661080168,0.442765842,ARV1JVD1187B9AD195,35.91463,0,-79.05661,Loudon Wainwright III,0.0,modern rock,1.0,557347,0,0.0,1.0,1.0,0.24095,1.0,0.24095,152.13669,0.177,0.387026532,SOCDLVW12AB018371F,0.0,0.669,-12.464,1,0.696,146.135,1.0,0.24095,151.294,1.0,0.743,0,2009,loudon wainwright iii,0
0.515279199,0.34424658,ARHO1WI1187B98CB84,0.0,0,0.0,Michael Card,0.0,ccm,1.0,74751,0,0.0,1.0,0.43,0.36626,0.578,0.36626,234.78812,0.0,0.445454526,SOMAHZI12A58A7F904,2.0,0.05,-6.276,1,0.509,220.752,1.0,0.06868,99.644,4.0,0.942,0,1985,michael card,0
0.732571745,0.457981674,ARNNQ9E1187FB3C82F,0.0,0,0.0,Sizzla,0.0,dancehall,0.97102593,439771,0,0.0,1.0,0.151,0.51316,0.232,0.19682,168.56771,0.0,0.33888672,SOFVMAW12AB017D330,1.0,0.0,-8.683,0,0.0,163.283,0.715,0.03865,189.263,4.0,0.338,0,2006,sizzla,0
0.552719818,0.371711094,AR25WM21187FB461B3,0.0,0,0.0,Francis Lai,0.0,space age pop,0.914735382,440044,0,0.0,1.0,0.573,2.23436,0.825,0.99086,243.43465,2.537,-1.0,SOVQKHW12AB01804CD,7.0,0.499,-14.942,0,0.33,238.138,0.1,0.99086,97.849,3.0,0.815,0,1996,francis lai,0
0.404823303,0.288050285,AR7LIU31187B98EF11,0.0,0,0.0,Rita Chiarelli,0.0,blues,1.0,238650,0,0.0,0.0,0.79,0.17499,0.79,0.17499,261.04118,0.107,0.0,SOPLMNH12A8C141B93,7.0,0.906,-15.268,1,0.873,250.061,0.507,0.17499,90.637,1.0,0.591,0,2006,rita chiarelli,0
0.486562643,0.333663204,AR1S5O61187B9898AC,37.27188,0,-119.27023,Chris Eaton,0.0,ccm,0.902789635,40525,0,0.0,0.0,0.154,1.39531,0.0,0.80568,289.07057,0.0,0.265861049,SOYOZZK12A6D4F8CF9,7.0,0.453,-12.958,1,0.661,267.587,0.646,0.50567,100.771,4.0,0.309,0,1995,chris eaton,0
0.576164587,0.43929204,AR898OD1187B9A14BB,0.0,0,0.0,Olga TaA+-on,0.0,merengue,1.0,129890,0,0.0,1.0,0.038,0.73797,1.0,0.23954,254.1971,5.114,0.0,SOHVFEH12A8159E996,10.0,0.645,-5.764,0,0.665,249.243,1.0,0.23954,120.01,4.0,0.04,0,2002,olga taa+-on,0
0.455087591,0.360163491,AR3UYDN1187B99DCA3,0.0,0,0.0,Palito Ortega,0.0,latin pop,0.98381426,509391,0,0.0,0.0,0.229,1.11027,0.35,0.3168,156.96934,0.0,0.606491353,SOGCPXG12AB0184F73,0.0,0.693,-7.264,0,0.669,151.922,0.868,0.11843,152.249,4.0,0.0,0,2004,palito ortega,0
0.356763035,0.284232446,ARIA09I1187B9A6D6E,46.8132,0,8.22395,Sportsguitar,0.0,pop rock,0.969845341,420553,0,0.0,0.0,0.022,0.53967,0.958,0.11756,231.00036,0.496,0.215080319,SOIURDO12A8C1392EB,4.0,1.0,-7.054,1,0.77,218.343,0.684,0.11756,142.192,4.0,0.0,0,1998,sportsguitar,0
0.933916106,0.778673579,AR52EZT1187B9900BF,40.8079,0,-73.9454,Alicia Keys,0.0,neo soul,0.999984594,662632,0,0.0,2.0,0.096,0.23299,0.72,0.23299,240.22159,0.197,0.909277347,SOKOTBW12AB018CE2D,7.0,0.414,-9.736,1,0.35,226.783,0.737,0.23299,119.959,4.0,1.0,0,2009,alicia keys,0
0.786529476,0.60332456,AR01W2D1187FB5912F,40.01574,0,-105.27924,3OH!3,0.0,electro,1.0,351128,0,0.0,1.0,0.047,0.82664,0.417,0.41552,211.66975,0.165,-1.0,SOIDQLF12CF5664F7F,11.0,0.175,-4.806,0,0.323,211.67,1.0,0.20584,145.88,4.0,0.623,0,2008,3oh!3,0
0.612543004,0.459660463,ARXP7MQ1187FB3AC5F,0.0,0,0.0,Dave Hollister,0.0,motown,0.993534994,15450,0,0.0,0.0,0.333,1.09251,0.426,0.43367,271.62077,0.0,0.790566802,SOWCLTO12A67021CEC,4.0,0.33,-7.493,1,0.372,253.678,0.808,0.1047,91.003,4.0,0.796,0,2001,dave hollister,0
0.790922848,0.601184942,ARR9XGB1187B9912E6,0.0,0,0.0,Boyz II Men,0.0,new jack swing,1.0,639437,0,0.0,1.0,0.066,0.83153,0.84,0.20057,151.58812,0.27,0.583566126,SOCYRJH12AB0181091,2.0,0.221,-10.338,1,0.58,142.362,0.0,0.20057,94.921,7.0,0.579,0,2009,boyz ii men,0
0.576451704,0.420006674,ARKBCZ91187B98F486,34.01156,0,-118.49229,Coco Montoya,0.0,blues-rock,1.0,238605,0,0.0,0.0,0.026,0.51477,0.166,0.13818,233.482,0.363,-1.0,SOAMUDI12A6D4FCD11,2.0,0.399,-5.67,0,0.42,226.888,0.166,0.13818,155.577,4.0,0.647,0,1995,coco montoya,0
0.526880372,0.348462172,ARVEFIT12086C1686D,0.0,0,0.0,VinAcius de Moraes,0.0,brazilian pop music,0.999881635,406395,0,0.0,0.0,0.133,0.5406,0.744,0.5406,243.53914,0.235,-1.0,SOUDYXE12AB0183777,11.0,0.302,-17.669,0,0.243,239.549,0.0,0.21966,62.776,5.0,0.514,0,1965,vinacius de moraes,0
0.459810163,0.328997859,ARSAJKR1187FB4C5DC,42.33168,0,-83.04792,Kim Wilson,0.0,harmonica blues,1.0,239877,0,0.0,0.0,0.016,1.30839,0.592,0.57635,555.54567,2.026,0.377531645,SOWCPMQ12A58A78C43,3.0,0.0,-11.96,1,0.171,545.582,0.097,0.57635,163.085,4.0,0.592,0,2001,kim wilson,0
0.534440306,0.357224274,ARLF92B11A348F0D1E,0.0,0,0.0,Silkie Ft. Harry Craze,0.0,uk garage,0.965832832,718941,0,0.0,0.0,0.093,0.6895,1.0,0.26112,365.76608,0.241,0.536032112,SOTZIVE12AB0187D1C,1.0,0.24,-8.678,1,0.334,355.985,1.0,0.04693,140.02,4.0,0.548,0,2009,silkie ft. harry craze,0
0.82785377,0.517328584,ARPKK761187FB4D53C,40.10216,0,-85.67869,The Ataris,0.0,pop punk,0.930853525,340651,0,0.0,1.0,0.191,2.44299,0.42,2.04092,212.89751,0.0,0.548678056,SOYCFVX12A8AE45C63,4.0,0.112,-5.038,0,0.455,203.413,0.142,2.04092,151.949,4.0,0.843,0,2006,the ataris,0
0.470466866,0.378398547,AR6MIU31187B994603,0.0,0,0.0,Stefon Harris,0.0,hard bop,1.0,109816,0,0.0,0.0,0.02,0.88173,0.915,0.43893,326.60853,0.196,-1.0,SOFHCZN12A8C13D39F,2.0,0.516,-14.43,0,0.594,313.406,0.834,0.22139,131.936,4.0,0.0,0,1999,stefon harris,0
0.495502207,0.322482578,ARP06GY1187B98B0F0,42.33168,0,-83.04792,Yami Bolo,0.0,roots reggae,0.940422952,773743,0,0.0,0.0,0.076,0.49196,0.931,0.07115,214.30812,0.148,0.0,SOAOQZZ12AB018E59A,1.0,0.149,-7.919,1,0.219,207.917,0.494,0.07115,139.037,4.0,0.06,0,2001,yami bolo,0
0.61443158,0.383211422,ARZCHLM1187FB495C3,0.0,0,0.0,Ray Barretto,0.0,latin jazz,1.0,725671,0,0.0,0.0,0.654,0.05102,0.654,0.05102,335.22893,0.0,0.528262647,SOMCSDR12A8C135024,8.0,0.464,-6.39,1,0.348,331.674,0.194,0.05102,138.367,1.0,0.0,0,1992,ray barretto,0
0.482282399,0.346473409,ARD62OC1187FB54B75,0.0,0,0.0,Sundial Aeon,0.0,downtempo,1.0,727669,0,0.0,0.0,0.017,1.87772,0.787,0.53596,459.93751,0.0,0.529730607,SOUXWHI12AB018DBF6,5.0,0.393,-11.791,0,0.459,459.938,0.228,0.2053,90.009,4.0,0.435,0,2007,sundial aeon,0
0.788485246,0.470107802,ARLNY561187B9B0355,0.0,0,0.0,Noisettes,0.0,soundtrack,0.9476098,69099,0,0.0,0.0,0.224,0.05115,0.609,0.05115,205.06077,0.0,-1.0,SOCQYRC12A67ADB469,2.0,0.559,-2.912,0,0.586,201.607,0.384,0.05115,119.501,4.0,0.689,0,2006,noisettes,0
0.865970006,0.574921423,ARJA1841187FB3A029,51.50632,0,-0.12714,David Bowie,0.0,dance rock,1.0,1356,0,0.0,3.0,0.446,0.69009,0.514,0.05874,305.05751,0.0,0.262509351,SOAKODQ12A58A7B461,1.0,0.94,-16.599,1,0.63,300.884,0.514,0.05874,221.658,4.0,0.639,0,1977,david bowie,0
0.694983409,0.429780286,AR189B91187B9B8D9C,0.0,0,0.0,Gustavo Cerati,0.0,electronica,1.0,518086,0,0.0,1.0,0.079,1.37777,0.247,0.42724,251.66322,0.0,0.6049634,SOYKHAC12AB017DE72,9.0,0.603,-4.576,1,0.644,245.557,0.488,0.18991,125.987,4.0,0.942,0,2006,gustavo cerati,0
0.565760016,0.419497927,AR5FIDV1187FB50D40,0.0,0,0.0,Roger Clyne & The Peacemakers,0.0,roots rock,0.967581692,467379,0,0.0,0.0,0.069,1.03841,0.038,0.23375,170.81424,0.0,0.278270558,SOOKCBG12A58A7FA89,11.0,1.0,-5.029,1,0.799,166.156,0.914,0.03455,149.01,4.0,0.641,0,2002,roger clyne & the peacemakers,0
0.620709541,0.462515067,ARAQOK81187B98DD4A,37.16793,0,-95.84502,Ginny Owens,0.0,ccm,1.0,521148,0,0.0,0.0,0.01,1.29656,0.062,0.83472,256.39138,0.413,0.215080319,SOERCEY12A8C1413E5,0.0,0.399,-12.102,1,0.549,251.048,0.062,0.83472,120.168,4.0,0.575,0,2006,ginny owens,0
0.533724477,0.370747684,ARHEQ501187FB4F898,0.0,0,0.0,Fruko Y Sus Tesos,0.0,salsa,1.0,236789,0,0.0,0.0,0.031,0.39058,0.936,0.39058,223.60771,0.345,-1.0,SOXZRHY12A8AE492FF,0.0,0.749,-8.436,1,0.775,215.679,0.718,0.10556,103.198,4.0,0.961,0,1995,fruko y sus tesos,0
0.905776889,0.598458501,ARK9TRQ1187B99C095,41.50471,0,-81.69074,Nine Inch Nails,0.0,industrial metal,0.999945289,497885,0,0.0,7.0,0.204,0.7248,0.374,0.7248,242.96444,3.733,-1.0,SOGZAAR12AB01849A4,11.0,0.719,-10.149,1,0.42,231.474,0.373,0.25532,85.599,3.0,1.0,0,1989,nine inch nails,0
0.617473325,0.442948945,ARVOWE21187FB3AE3C,41.88415,0,-87.63241,Enuff Z 'Nuff,0.0,power pop,0.980437846,246582,0,0.0,0.0,0.428,0.665,0.428,0.665,277.28934,0.433,-1.0,SOMSJPX12A8C136436,2.0,0.596,-4.437,1,0.57,264.963,0.177,0.32251,90.459,1.0,0.0,0,1989,enuff z 'nuff,0
0.57961456,0.418418097,AR3GE071187B9A6D71,43.64856,0,-79.38533,Johannes Linstead,0.0,meditation,1.0,322865,0,0.0,1.0,0.083,0.88507,0.844,0.16868,298.10893,0.09,0.490808488,SOLSMJI12AAF3B4E4E,9.0,0.487,-8.577,0,0.449,281.466,0.543,0.16868,179.978,4.0,0.569,0,2000,johannes linstead,0
0.424869471,0.0,ARPKPQP1241B9C7F9A,0.0,0,0.0,Le Vangle,0.0,swiss,1.0,197926,0,0.0,0.0,0.133,0.76723,0.0,0.37397,258.2722,1.1,0.0,SOCBYFW12A58A7D106,0.0,0.471,-4.667,0,0.517,252.848,0.241,0.18081,151.311,4.0,0.247,0,2006,le vangle,0
0.810506205,0.531157063,ARYOPH81187B98AEED,40.65507,0,-73.94888,Converge,0.0,hardcore punk,0.999977421,540204,0,0.0,1.0,0.337,0.70842,0.703,0.70842,99.99628,0.357,0.547003914,SOWJRTX12AB0183C28,10.0,0.142,-3.83,1,0.36,99.996,0.119,0.47418,133.549,3.0,0.505,0,2003,converge,0
0.836039353,0.58703963,ARWX5TK1187FB4CDBE,52.88356,0,-1.97406,The Who,0.0,british invasion,0.926756167,14391,0,0.0,3.0,0.514,0.63196,0.728,0.19749,169.66485,0.363,-1.0,SOBPBKU12A6701E5CF,2.0,0.566,-8.302,1,0.647,169.665,0.691,0.19749,140.66,4.0,0.715,0,1979,the who,0
0.778835827,0.570106512,ARAZCWP129462A97F1,0.0,0,0.0,Bob Marley & The Wailers,0.0,reggae,1.0,13841,0,0.0,1.0,0.0,0.0623,0.0,0.0623,307.61751,1.035,0.675582692,SOITBNC12AF72A0B2A,11.0,0.944,-8.252,0,0.775,298.806,0.46,0.0623,146.581,1.0,0.0,0,1992,bob marley & the wailers,0
0.535492537,0.443116874,AR4SOKG1187B98D2B0,0.0,0,0.0,Geier Sturzflug,0.0,pop rock,0.995902328,62722,0,0.0,2.0,0.033,0.63225,0.0,0.12125,214.20363,1.112,-1.0,SODHWXG12A6D4F9F87,6.0,0.282,-4.533,1,0.533,206.994,0.571,0.12125,116.032,4.0,0.0,0,2006,geier sturzflug,0
0.548108774,0.57237398,ARG9CID1187B9AB010,40.85251,0,-73.13585,Taking Back Sunday,0.0,post-hardcore,0.918054746,473673,0,0.0,1.0,0.822,0.10921,0.822,0.10921,168.25424,0.066,0.637828866,SOUJLXS12A3F1ECF59,11.0,0.381,-3.566,1,0.53,160.729,0.923,0.10921,131.018,1.0,0.324,0,2009,taking back sunday,0
0.486176459,0.288218764,AR28FIY1187B996C77,0.0,0,0.0,Dijous Paella,0.0,rumba,1.0,211545,0,0.0,0.0,0.013,1.24083,0.773,0.6641,253.93587,0.0,0.249065795,SOBXXJA12A8C13C752,4.0,0.457,-5.198,0,0.142,243.09,0.683,0.52245,103.991,4.0,0.745,0,2005,dijous paella,0
0.654860822,0.45146606,ARB336A1187B9A4583,42.25147,0,-83.18186,MC5,0.0,garage rock,0.964541714,65618,0,0.0,1.0,0.0,0.44639,0.0,0.44639,172.30322,0.0,-1.0,SORNVVT12AF72A0C39,9.0,0.395,-10.219,1,0.56,172.303,0.293,0.24231,145.514,1.0,0.0,0,1969,mc5,0
0.592108229,0.372061628,ARG2UZ71187FB4FF5C,0.0,0,0.0,Porter Wagoner,0.0,country gospel,1.0,376281,0,0.0,0.0,0.06,0.99486,0.549,0.55367,152.34567,0.0,-1.0,SOOHXVM12A8C143BA5,4.0,0.922,-14.761,1,0.839,144.544,0.619,0.33197,136.129,4.0,0.0,0,1997,porter wagoner,0
0.683525065,0.473083192,ARNNQBT1187FB437C1,33.74907,0,-117.87394,Belphegor,0.0,black metal,1.0,214393,0,0.0,1.0,0.589,1.17452,0.0,0.18516,178.15465,2.467,0.578658188,SOTGMEB12A8C13B4CC,2.0,0.015,-1.493,1,0.282,178.155,0.342,0.18516,120.026,3.0,0.23,0,2008,belphegor,0
0.645720023,0.543954417,AROY6XW1187B991121,0.0,0,0.0,Steve Vai,0.0,instrumental rock,0.998934632,292250,0,0.0,1.0,0.369,0.37978,0.369,0.37978,693.57669,0.0,-1.0,SOPWWMT12A8C13811D,2.0,0.412,-5.185,1,0.476,663.22,0.287,0.37978,116.055,1.0,0.566,0,1984,steve vai,0
0.611933956,0.37235087,AR9788H1187B9A05D1,39.95227,0,-75.16237,Outerspace,0.0,hip hop,1.0,164795,0,0.0,0.0,0.563,0.59083,0.891,0.59083,242.78159,0.221,0.401486711,SOGXSOW12A8C13BE05,7.0,0.296,-4.974,1,0.56,232.716,1.0,0.2603,96.716,4.0,1.0,0,2004,outerspace,0
0.382017644,0.305900471,AR9CYE51187FB44F66,0.0,0,0.0,J. Peter Robinson,0.0,soundtrack,1.0,27044,0,0.0,1.0,0.082,0.43281,0.0,0.04564,161.59302,0.0,-1.0,SOGCVPM12A6D4F7A84,0.0,0.381,-17.319,0,0.624,156.775,0.269,0.04564,159.973,4.0,0.459,0,2006,j. peter robinson,0
0.68250801,0.42563248,ARQVC1L1187FB440DE,38.04859,0,-84.50032,Brian Littrell,0.0,ccm,1.0,308427,0,0.0,0.0,0.825,0.42138,0.709,0.42138,236.45995,0.195,0.524079323,SOSAEVQ12A8C13EC8F,7.0,0.671,-6.288,1,0.779,221.246,0.0,0.12096,98.937,4.0,0.775,0,2006,brian littrell,0
0.049143442,0.0,AR84SHT1187FB4687A,0.0,0,0.0,Wade Ray,0.0,western swing,1.0,574494,0,0.0,0.0,0.022,0.33394,0.9,0.33394,135.78404,0.252,-1.0,SONCHNB12AB01849A2,3.0,0.553,-9.713,1,0.569,131.582,0.343,0.33394,171.527,4.0,0.0,0,2005,wade ray,0
0.583443024,0.385787615,ARZZRK91187B9A5CA5,18.01571,0,-76.79731,Delroy Wilson,0.0,rock steady,0.938055251,431708,0,0.0,0.0,0.016,0.89482,0.356,0.46191,150.36036,0.0,-1.0,SOLLOUW12AAA8C76C7,0.0,0.115,-10.091,1,0.197,145.531,0.73,0.24491,136.032,4.0,0.806,0,1999,delroy wilson,0
0.70382389,0.464736061,ARNBIUE1187FB3E846,51.50632,0,-0.12714,Benga,0.0,dubstep,1.0,213363,0,0.0,1.0,0.213,1.12077,0.757,0.16582,233.16853,0.0,0.625865454,SOWLAQT12A8C13D037,2.0,0.83,-11.357,1,0.428,219.585,0.757,0.16582,139.994,4.0,0.794,0,2008,benga,0
0.605116355,0.347522827,AR0CZWN1187B9A47E2,0.0,0,0.0,Obie Bermudez,0.0,salsa,0.906640665,106927,0,0.0,0.0,0.041,1.18527,0.651,0.66467,220.78649,0.633,-1.0,SOYRKAG12A8C13D7A0,10.0,0.532,-7.209,0,0.575,220.786,0.436,0.66467,109.23,4.0,0.537,0,2004,obie bermudez,0
0.517480572,0.43280431,ARD5SR21187B9B5F4A,60.99655,0,24.49511,Irwin Goodman,0.0,german pop,0.986894982,111440,0,0.0,1.0,0.0,0.91196,0.0,0.2592,184.5024,5.265,-1.0,SOSEOFA12A8C13E2BD,4.0,0.333,-7.57,0,0.383,174.939,0.0,0.09601,184.154,4.0,0.0,0,1979,irwin goodman,0
0.668087296,0.459387425,AR6AGJV1187FB504BA,0.0,0,0.0,Kitaro,0.0,chill-out,0.810626342,815983,0,0.0,1.0,0.609,0.78617,0.375,0.21576,428.72118,2.003,-1.0,SOSGBSO12AB01876A1,0.0,0.456,-20.911,1,0.596,390.026,0.157,0.21576,104.323,4.0,0.058,0,1983,kitaro,0
0.699858127,0.52225191,ARLGOUD12298900ACE,0.0,0,0.0,Major Lazer / Vybz Kartel / Afrojack,0.0,dancehall,1.0,804376,0,0.0,1.0,0.156,0.67786,0.411,0.67786,187.0624,0.084,-1.0,SORWLZC12AB018D798,9.0,0.234,-7.098,0,0.266,180.216,0.0,0.20438,84.525,3.0,1.0,0,2009,major lazer / vybz kartel / afrojack,0
0.547801656,0.369470511,ARKO7AO1187FB5664B,0.0,0,0.0,Tin Hat Trio,0.0,chamber jazz,0.880120964,603826,0,0.0,1.0,0.087,0.12643,0.0,0.12643,292.04853,0.699,0.444401715,SOXLQOI12AC3DF996D,4.0,0.758,-14.188,0,0.784,276.555,0.216,0.12643,167.915,4.0,0.055,0,2002,tin hat trio,0
0.653397489,0.419163588,AR3FOK11187FB3F4EE,0.0,0,0.0,Seven Mary Three,0.0,post-grunge,1.0,670727,0,0.0,0.0,0.006,0.91404,0.698,0.12187,283.16689,0.0,0.468997788,SODCJKB12AB018C5A8,0.0,0.599,-13.852,1,0.704,278.251,0.409,0.12187,140.666,4.0,0.27,0,2008,seven mary three,0
0.647147319,0.654914474,ARVV61U1187FB4FC32,0.0,0,0.0,The Temper Trap,0.0,alternative rock,0.99974732,710962,0,0.0,1.0,0.685,0.52355,0.0,0.06123,232.75057,0.0,-1.0,SOTGZZI12AB0186376,2.0,0.121,-5.126,1,0.462,226.0,1.0,0.06123,128.962,4.0,0.861,0,2008,the temper trap,0
0.602766934,0.463192852,ARH1LE01187B98D68D,0.0,0,0.0,John Debney,0.0,pop rock,0.964523997,460269,0,0.0,1.0,0.001,0.99543,0.242,0.48421,193.51465,0.325,0.360370583,SOJXHAS12AB017F81E,0.0,0.828,-25.671,1,0.813,190.392,0.494,0.22985,110.464,4.0,1.0,0,2005,john debney,0
0.547325147,0.359709363,ARBJI5N1187FB400D0,40.71455,0,-74.00712,Jay & The Americans,0.0,soft rock,0.965944811,23951,0,0.0,0.0,0.059,0.55632,0.841,0.07449,174.68036,0.484,-1.0,SOHIWJN12A6D4F41A3,0.0,0.055,-10.935,1,0.417,165.547,0.279,0.07449,124.521,4.0,0.0,0,2002,jay & the americans,0
0.611788254,0.336726841,AR202MX1187B9B0383,0.0,0,0.0,Tanto Metro & Devonte,0.0,dancehall,0.983663921,283077,0,0.0,1.0,0.195,0.30145,0.0,0.30145,221.23057,2.74,-1.0,SOVZCEG12A8C131770,1.0,0.897,-10.69,0,0.824,202.664,0.308,0.14481,180.132,4.0,0.826,0,1999,tanto metro & devonte,0
0.546727554,0.386180416,ARE26EG1187B990AEF,51.77045,0,0.64255,Sunscreem,0.0,progressive house,0.955184953,310433,0,0.0,1.0,0.139,0.64019,0.683,0.64019,590.15791,3.14,-1.0,SORRYWR12A8C140E3C,9.0,0.045,-9.59,0,0.36,580.987,0.158,0.40649,125.055,4.0,1.0,0,1992,sunscreem,0
0.865021512,0.916053228,ARJ7KF01187B98D717,0.0,0,0.0,Coldplay,0.0,piano rock,0.91162502,11486,0,0.0,3.0,0.066,0.6312,0.912,0.13353,285.04771,0.345,0.454042766,SOSHUVD12A6701F8F9,11.0,0.687,-5.367,0,0.647,275.156,0.889,0.13353,122.94,4.0,1.0,0,2005,coldplay,0
0.642870713,0.463391452,AR0N8D61187FB3D0D6,0.0,0,0.0,Kaizers Orchestra,0.0,indie rock,0.985340877,651359,0,0.0,1.0,0.005,0.6515,1.0,0.21663,139.88526,0.281,-1.0,SOYDXZM12AB0186736,11.0,0.127,-4.894,1,0.33,130.45,0.54,0.21663,137.766,4.0,0.085,0,2003,kaizers orchestra,0
0.658349215,0.396963184,ARY2ZUX1187B9A266C,37.77916,0,-122.42005,Miguel Migs,0.0,progressive house,1.0,27428,0,0.0,1.0,0.703,0.95521,1.0,0.38468,284.60363,0.084,0.565451012,SOCEOAD12A5891FA33,11.0,0.252,-6.308,0,0.432,270.147,1.0,0.0987,104.988,4.0,0.664,0,2002,miguel migs,0
0.527339184,0.310556083,ARUP17W1187B98CAB9,0.0,0,0.0,Charlie Byrd,0.0,bossa nova,0.969691809,257240,0,0.0,1.0,0.105,0.97415,0.105,0.97415,471.43138,0.4,0.0,SOZFFKS12A8C13886B,11.0,0.468,-17.502,1,0.419,464.306,0.239,0.46728,82.039,1.0,0.206,0,1989,charlie byrd,0
0.827776802,0.537799608,ARI7DOB1187FB37AA4,0.0,0,0.0,Bloc Party,0.0,indie rock,0.999962862,624626,0,0.0,2.0,0.013,0.4993,0.852,0.03033,166.26893,0.0,-1.0,SOQFITU12AB01832C8,9.0,0.536,-6.78,0,0.437,166.269,0.852,0.03033,127.154,4.0,0.747,0,2009,bloc party,0
0.856448924,0.854637828,ARPDVPJ1187B9ADBE9,0.0,0,0.0,Usher,0.0,hip hop,1.0,763964,0,0.0,1.0,0.042,0.90087,0.216,0.27717,224.10404,0.0,0.785679587,SOLZOBD12AB0185720,11.0,0.372,-4.328,1,0.414,220.189,0.0,0.27717,95.998,4.0,1.0,0,2010,usher,0
0.508971308,0.342096651,ARWDP431187FB56492,0.0,0,0.0,Spinal Tap,0.0,parody,1.0,515294,0,0.0,1.0,0.011,1.70163,0.682,0.6248,218.20036,0.0,0.265861049,SOGLHVX12AB018610A,10.0,0.021,-7.643,1,0.45,211.661,1.0,0.35504,112.06,4.0,0.0,0,1984,spinal tap,0
0.600091524,0.475834302,ARWJAQ81187FB46F73,45.75342,0,21.22327,Negura Bunget,0.0,black metal,1.0,81232,0,0.0,1.0,0.464,0.90645,0.0,0.42178,123.66322,2.09,-1.0,SOORFHT12A6D4F7C2D,2.0,0.026,-19.586,1,0.423,118.451,0.214,0.26075,127.719,4.0,0.0,0,2006,negura bunget,0
0.52607728,0.374560253,AR4MCB01187B98BF5C,0.0,0,0.0,Atman,0.0,downtempo,1.0,553081,0,0.0,0.0,0.04,1.56142,0.526,0.11844,394.86649,5.108,0.619560289,SOJTMTU12A81C208E7,6.0,0.011,-8.595,1,0.347,390.026,0.316,0.11844,125.374,5.0,0.711,0,1997,atman,0
0.609816403,0.560380805,AR4B3RX1187B9A868A,0.0,0,0.0,Alexandre Desplat,0.0,soundtrack,1.0,757828,0,0.0,1.0,0.009,0.84361,0.848,0.19479,128.62649,0.113,0.483977246,SOKPXQU12AB0187ED6,5.0,0.02,-30.18,1,0.467,128.626,0.873,0.19479,91.954,4.0,0.466,0,2010,alexandre desplat,0
0.88792045,0.647224724,ARN5NHX1187FB4F755,41.88415,0,-87.63241,The Smashing Pumpkins,0.0,alternative rock,0.999975647,10172,0,0.0,2.0,0.021,0.63153,0.783,0.24329,249.62567,0.16,0.668419369,SOMOUQV12A6701CD7B,2.0,0.412,-4.673,1,0.418,234.365,0.499,0.24329,152.999,4.0,1.0,0,2000,the smashing pumpkins,0
0.716101705,0.514523378,AR6I54S1187FB48C6B,0.0,0,0.0,Patty Griffin,0.0,folk-pop,0.999909218,15756,0,0.0,1.0,0.106,0.68682,0.734,0.20522,134.05995,0.403,0.513106418,SOEDYBF12AF72A3AFF,10.0,0.105,-6.376,0,0.53,129.387,0.621,0.20522,124.794,4.0,0.697,0,1998,patty griffin,0
0.677016696,0.490034461,AR336PG1187FB3DC6E,53.4796,0,-2.24881,Oceansize,0.0,post-grunge,1.0,30491,0,0.0,1.0,0.002,1.04286,0.0,0.53294,249.93914,1.007,0.638877876,SOWCRYD12A6D4F6B70,2.0,0.355,-8.08,1,0.411,232.35,0.727,0.14938,118.049,4.0,0.759,0,2005,oceansize,0
0.699262056,0.47594129,AR2SMD91187B9B0582,0.0,0,0.0,Mighty Mighty Bosstones,0.0,ska punk,1.0,511275,0,0.0,1.0,0.866,0.23779,0.866,0.23779,211.33016,0.351,0.487112195,SOPQZOX12AB01849EA,9.0,0.721,-9.944,1,0.65,200.371,0.311,0.09221,205.559,1.0,0.0,0,1992,mighty mighty bosstones,0
0.548672436,0.358500923,ARGDY4Y1187B9A334F,0.0,0,0.0,Pyranja,0.0,pop rap,0.839216463,714552,0,0.0,0.0,0.865,0.10372,0.865,0.10372,167.54893,0.258,-1.0,SOBHTKX12AB01881B6,4.0,0.449,-5.907,0,0.374,154.912,0.724,0.10372,68.86,1.0,0.996,0,2006,pyranja,0
0.690626256,0.42080185,ARHL8SP1187B98F8A3,40.71455,0,-74.00712,Sick Of It All,0.0,hardcore punk,1.0,558396,0,0.0,2.0,0.016,0.70251,0.66,0.39474,109.00853,0.0,-1.0,SOKUHDB12AB018135A,7.0,0.056,-3.904,1,0.535,109.009,0.195,0.24123,196.327,4.0,0.0,0,1999,sick of it all,0
0.697113663,0.518784102,ARTXGGI1187B9B3D58,38.54666,0,-121.74477,Blackalicious,0.0,hip hop,1.0,204367,0,0.0,0.0,0.11,2.21333,1.0,0.14676,302.94159,0.374,0.721502075,SOORODQ12A8C13C342,8.0,0.309,-7.625,1,0.334,302.942,1.0,0.14676,116.682,5.0,1.0,0,2005,blackalicious,0
0.587594371,0.468158756,ARLF0QY1187FB4FDCC,0.0,0,0.0,Heavenly,0.0,power metal,0.91461963,216824,0,0.0,0.0,0.561,1.3995,0.867,0.51118,234.60526,0.705,0.471971172,SOLFKYA12A8C13B082,2.0,0.757,-8.339,1,0.747,231.253,0.379,0.21315,69.965,4.0,0.0,0,1992,heavenly,0
0.508124534,0.360425107,ARSZVAK1187FB4A9F0,0.0,0,0.0,Richie Ray & Bobby Cruz,0.0,salsa,1.0,194915,0,0.0,0.0,0.009,1.35365,0.256,0.20393,418.53342,0.0,-1.0,SOMIDHA12A8C132C67,10.0,0.752,-7.616,0,0.642,394.797,0.401,0.06154,105.75,4.0,0.352,0,1970,richie ray & bobby cruz,0
0.562642008,0.446083936,ARHGGCU125FEF328D7,0.0,0,0.0,Nick Jonas & The Administration,0.0,blues-rock,0.900921285,697378,0,0.0,0.0,0.035,1.89672,1.0,0.58905,214.72608,0.215,0.822402885,SOIXTNA12AC46882E8,4.0,0.641,-4.38,1,0.576,211.325,1.0,0.26019,92.105,4.0,0.858,0,2010,nick jonas & the administration,0
0.683845007,0.45478538,ARKZ68G1187B98B189,53.79449,0,-1.54658,Gang Of Four,0.0,dance-punk,0.839443086,16298,0,0.0,2.0,0.427,0.718,1.0,0.19473,273.99791,0.402,0.492398353,SOXXMWC12A67AD7296,1.0,0.51,-17.763,1,0.522,260.383,0.549,0.19473,117.0,4.0,0.783,0,1983,gang of four,0
0.918451789,0.819588282,ARVG4OK1187B9B6BD3,0.0,0,0.0,The Killers,0.0,rock,1.0,144663,0,0.0,1.0,0.003,0.11935,1.0,0.11935,527.98649,0.311,-1.0,SOQFWBE12A8C1316AF,1.0,0.764,-8.361,1,0.664,522.466,1.0,0.11935,134.02,4.0,0.0,0,2005,the killers,0
0.657566887,0.507625008,ARTBQTE1187B9B8A0F,0.0,0,0.0,Candlebox,0.0,post-grunge,0.940801591,743807,0,0.0,0.0,0.251,0.2743,0.717,0.2743,312.842,0.0,-1.0,SOOQDSE12AC468B61B,1.0,0.479,-5.968,0,0.603,301.97,0.987,0.04524,130.35,4.0,0.757,0,2008,candlebox,0
0.813013089,0.548533655,ARXDQJB1187FB57154,51.50632,0,-0.12714,Faithless,0.0,progressive house,0.999956736,278919,0,0.0,3.0,0.344,0.73857,0.0,0.25876,247.14404,4.087,-1.0,SODAWDZ12A8AE47AD2,2.0,0.669,-7.387,0,0.712,236.193,0.11,0.25876,125.063,4.0,0.595,0,1996,faithless,0
0.623637624,0.418189947,AR8ANXA1187B98BFC3,57.70133,0,11.96689,Hellsongs,0.0,twee pop,0.876530183,707505,0,0.0,0.0,0.115,0.56054,1.0,0.08737,272.14322,0.264,0.592054388,SOMFTDQ12A58A7F989,4.0,0.319,-13.959,0,0.496,257.55,0.644,0.08737,124.981,7.0,0.47,0,2008,hellsongs,0
0.580798778,0.389341752,ARMWZF41187FB387F9,0.0,0,0.0,Charley Pride,0.0,honky tonk,1.0,295070,0,0.0,1.0,0.269,0.50697,1.0,0.50697,188.02893,0.398,-1.0,SORAETJ12A58A7DAA3,4.0,0.958,-12.169,1,0.786,183.298,0.437,0.50697,98.824,4.0,1.0,0,1970,charley pride,0
0.840432422,0.608849019,ARW1MUW1187FB4D5A1,0.0,0,0.0,3 Doors Down,0.0,post-grunge,0.919399761,46557,0,0.0,1.0,0.848,2.15295,0.257,1.46035,278.90893,3.831,0.527818137,SOYKAIZ12A6D4F97B2,4.0,0.33,-3.863,0,0.443,276.172,0.106,0.9573,85.787,4.0,1.0,0,1999,3 doors down,0
0.525677566,0.377685193,ARCSZCY1187B991BA7,0.0,0,0.0,Cybertribe,0.0,chill-out,0.89459067,245380,0,0.0,0.0,0.072,0.92033,0.199,0.56748,387.97016,0.392,0.461429091,SOOMYIJ12A8C133601,1.0,0.176,-12.068,0,0.192,379.211,0.162,0.39292,160.011,4.0,0.76,0,1998,cybertribe,0
0.547079111,0.41549335,AR07CRG1187FB594FA,0.0,0,0.0,Seventh Star,0.0,christian hardcore,0.85907266,771288,0,0.0,0.0,0.154,0.37319,0.0,0.37319,184.842,0.0,0.383934684,SOMNBNO12A8C1430D2,7.0,0.29,-4.684,1,0.575,184.842,0.651,0.37319,114.594,4.0,0.997,0,2007,seventh star,0
0.899279599,0.579441938,AR1RMYB1187FB5A59E,37.27188,0,-119.27023,Incubus,0.0,funk metal,0.999949418,292223,0,0.0,1.0,0.106,1.06063,0.359,0.38529,227.73506,0.0,-1.0,SORABBL12A58A7C15E,6.0,0.616,-5.606,0,0.541,216.015,0.444,0.04635,88.753,4.0,0.373,0,2004,incubus,0
0.69112438,0.501135553,ARPTZO31187B9AB533,0.0,0,0.0,Dishwalla,0.0,post-grunge,1.0,477629,0,0.0,0.0,0.258,0.41571,0.187,0.41571,540.42077,0.0,0.682353618,SOKBEGN12A8C142678,11.0,0.653,-6.676,0,0.622,531.429,0.37,0.41571,183.662,3.0,0.93,0,1995,dishwalla,0
0.471929052,0.290513227,ARAPLFD1187B98DABD,27.9758,0,-81.54106,Robin Fox,0.0,breakbeat,1.0,259688,0,0.0,0.0,0.414,1.31953,0.763,0.4596,515.65669,0.0,0.20655079,SOPMIMB12A8C13C87E,7.0,0.73,-7.785,1,0.737,509.103,1.0,0.24424,140.021,3.0,0.174,0,2001,robin fox,0
0.682101282,0.424108277,ARPATQ21187B9ACAFC,53.4796,0,-2.24881,Happy Mondays,0.0,alternative dance,0.999588059,42205,0,0.0,1.0,0.613,0.46658,0.613,0.46658,156.682,0.0,0.504034341,SOYFDYC12A6D4F921D,11.0,0.037,-13.229,1,0.187,149.966,1.0,0.22564,129.282,1.0,0.0,0,1987,happy mondays,0
0.908984296,0.562506672,ARBNXYA1187FB51C50,18.22328,0,-66.42889,Daddy Yankee,0.0,reggaeton,1.0,372523,0,0.0,1.0,0.127,0.35487,0.854,0.35487,239.882,0.16,0.774816244,SOKTJKI12A8C143254,4.0,0.594,-4.335,0,0.332,234.696,0.391,0.20273,195.985,4.0,0.971,0,2008,daddy yankee,0
0.636423645,0.447935481,ARD842G1187B997376,43.64856,0,-79.38533,Blue Rodeo,0.0,country rock,1.0,786902,0,0.0,2.0,0.656,0.42303,0.656,0.42303,543.97342,0.2,-1.0,SOLWZMY12AB0182AAD,7.0,0.611,-8.249,1,0.74,494.034,0.0,0.42303,99.644,1.0,0.052,0,2009,blue rodeo,0
0.830884642,0.776167742,AR633SY1187B9AC3B9,0.0,0,0.0,Weezer,0.0,pop rock,0.999988619,623488,0,0.0,3.0,0.014,1.43941,0.284,0.4679,228.44036,0.0,0.75626739,SOIOAIN12A58A7A9A5,8.0,0.519,-10.571,1,0.508,218.674,0.767,0.22303,122.852,4.0,1.0,0,2009,weezer,0
0.604825992,0.428162224,ARTE2FL1187FB51337,0.0,0,0.0,Lords Of The Underground,0.0,hip hop,1.0,27667,0,0.0,0.0,0.78,0.58263,0.87,0.58263,264.69832,0.206,0.287418485,SOTLZBK12A6D4F7E63,11.0,0.53,-8.611,0,0.507,257.155,1.0,0.2783,99.058,4.0,1.0,0,1993,lords of the underground,0
0.813013089,0.548533655,ARXDQJB1187FB57154,51.50632,0,-0.12714,Faithless,0.0,progressive house,0.999956736,576089,0,0.0,3.0,0.391,0.48297,0.711,0.48297,221.98812,0.067,-1.0,SOULDME12AB01887C6,5.0,0.354,-9.0,0,0.488,217.565,0.0,0.23564,128.067,4.0,0.005,0,1995,faithless,0
0.791022278,0.620008681,ARVSQHB1187B992FF0,0.0,0,0.0,Drowning Pool,0.0,post-grunge,0.967821447,490904,0,0.0,1.0,0.171,0.2156,0.445,0.2156,248.78975,0.0,0.0,SOKMGFN12AB0180B99,11.0,0.237,-6.379,1,0.381,239.682,0.618,0.03818,166.064,4.0,0.858,0,2007,drowning pool,0
0.610330728,0.407821565,ART6QCS1187FB40CBD,0.0,0,0.0,Los AutA(c)nticos Decadentes,0.0,cumbia,0.921835331,511811,0,0.0,0.0,0.018,1.58071,0.799,0.2482,205.06077,0.0,-1.0,SOFSQER12AB0187CE5,8.0,0.449,-6.203,0,0.493,205.061,0.289,0.2482,91.699,4.0,0.0,0,1997,los auta(c)nticos decadentes,0
0.551682526,0.352338668,ARAIJG51187B9B97A4,0.0,0,0.0,CafA(c) Quijano,0.0,pop rock,0.994859897,138556,0,0.0,0.0,0.002,0.62415,0.945,0.22333,255.39873,0.2,0.48456253,SORVFBF12A8AE488AE,2.0,0.056,-5.635,1,0.479,251.669,0.571,0.03726,152.001,4.0,0.443,0,1999,cafa(c) quijano,0
0.605278303,0.395273632,AR6HAZT1187FB4A3AA,35.48703,0,-93.8277,Roy Buchanan,0.0,blues-rock,0.995358904,94278,0,0.0,0.0,0.371,0.29139,0.619,0.29139,329.66485,0.275,-1.0,SOHMODT12A8C13735C,9.0,0.952,-8.88,1,0.628,316.894,0.252,0.03905,119.089,3.0,0.731,0,1974,roy buchanan,0
0.475027801,0.378413814,ARMPIH61187FB44227,0.0,0,0.0,Sun Yan-Zi,0.0,chinese music,0.999002231,9650,0,0.0,2.0,0.118,1.7732,0.592,0.56171,285.962,4.836,-1.0,SOKPWFH12A6702056E,8.0,0.624,-6.779,1,0.371,279.023,0.071,0.56171,100.059,3.0,0.603,0,2001,sun yan-zi,0
0.574746865,0.367368691,ARXB4J91187B9A9C7D,0.0,0,0.0,Ray Price,0.0,honky tonk,1.0,610247,0,0.0,0.0,0.068,0.2828,0.0,0.2828,125.1522,0.0,-1.0,SORTYWG12A8C1444E7,0.0,0.759,-12.818,1,0.616,118.457,0.474,0.04632,126.714,3.0,0.321,0,1989,ray price,0
0.570704469,0.394921731,ARS10A81187B9B6E16,41.88415,0,-87.63241,Art Ensemble Of Chicago,0.0,free jazz,1.0,517215,0,0.0,0.0,0.025,1.88044,0.741,0.54725,207.09832,0.201,-1.0,SORAHIC12AB0185506,4.0,0.053,-12.326,1,0.343,198.658,0.543,0.22389,96.411,3.0,0.903,0,2004,art ensemble of chicago,0
0.487077751,0.315690277,AR4QYVC1187B99985B,0.0,0,0.0,DJ Harry,0.0,trip hop,1.0,754107,0,0.0,0.0,0.073,0.56679,0.743,0.11306,495.90812,0.0,0.249065795,SOIYUEY12AB0184151,6.0,0.411,-9.706,0,0.0,495.908,0.0,0.11306,133.529,4.0,0.919,0,2001,dj harry,0
0.674633734,0.421120112,AR1LG7D1187B99BAFF,0.0,0,0.0,Weedeater,0.0,stoner metal,1.0,89841,0,0.0,0.0,0.29,0.68024,0.8,0.21135,269.00853,0.148,0.581317745,SOQBOUQ12A8C1372F4,7.0,0.392,-9.036,1,0.592,265.932,0.8,0.21135,142.639,3.0,0.0,0,2001,weedeater,0
0.591602006,0.375496964,ARYNX5Z1187B999686,53.38311,0,-1.46454,Paul Carrack,0.0,blue-eyed soul,1.0,585539,0,0.0,0.0,0.703,11.15229,0.511,10.25171,324.46649,13.955,0.598320149,SOLTMLK12AB018A1CB,4.0,0.674,-14.241,1,0.605,298.609,0.062,10.02571,134.123,4.0,0.854,0,1989,paul carrack,0
0.646401653,0.423300013,ARJ438T1187B9AD503,0.0,0,0.0,Elvenking,0.0,folk metal,0.91249477,228651,0,0.0,0.0,0.029,0.7544,0.405,0.34643,322.55955,0.0,0.567389737,SOCDDCO12A6D4FBCF4,7.0,0.37,-4.516,1,0.439,317.748,0.824,0.14296,150.05,4.0,0.0,0,2004,elvenking,0
0.682268535,0.458377719,ARPYIBX1187B9B113E,57.70133,0,11.96689,At The Gates,0.0,death metal,1.0,20473,0,0.0,2.0,0.924,0.06355,0.924,0.06355,286.04036,0.195,-1.0,SOJEQCC12A6D4F7B01,7.0,0.144,-8.068,1,0.439,283.777,0.51,0.06355,171.613,1.0,0.0,0,1991,at the gates,0
0.817635146,0.564005986,AR40GSU1187FB3AA01,0.0,0,0.0,Neil Diamond,0.0,soft rock,0.948105577,286635,0,0.0,1.0,0.272,2.97635,0.796,2.44963,181.15873,4.667,-1.0,SOZVNIV12A8C133A48,9.0,0.119,-14.343,1,0.403,172.455,0.176,2.44963,100.422,4.0,0.799,0,1980,neil diamond,0
0.58893851,0.377961532,AR1XE381187FB4C685,34.05349,0,-118.24532,Kane,0.0,blues-rock,1.0,298816,0,0.0,0.0,0.27,0.66061,0.0,0.17396,261.3024,0.123,-1.0,SOXMJIX12A8C13C3FE,9.0,0.745,-13.869,0,0.695,240.982,0.488,0.17396,120.611,4.0,0.226,0,2004,kane,0
0.27790004,0.116156134,ARRESZG1187B9A3FBF,0.0,0,0.0,Les Hou-Lops,0.0,freakbeat,1.0,665291,0,0.0,0.0,0.015,0.95911,0.832,0.33727,181.86404,0.0,-1.0,SOQMSPF12AB018C5DF,3.0,0.054,-5.144,1,0.491,175.241,0.811,0.33727,95.735,4.0,0.584,0,1964,les hou-lops,0
0.583290824,0.385998326,AR5OQSV1187B9953AF,34.05349,0,-118.24532,Eastmountainsouth,0.0,alternative country,0.915517,46457,0,0.0,0.0,0.002,1.47149,0.177,0.51043,225.61914,3.785,0.733990879,SOTDFAQ12A6D4FB3E1,6.0,0.08,-8.843,1,0.422,215.348,0.126,0.27047,125.986,4.0,0.281,0,2003,eastmountainsouth,0
0.568780219,0.377747202,AR9B5JX1187FB55D84,0.0,0,0.0,Richard Hell & The Voidoids,0.0,no wave,0.819747547,512792,0,0.0,1.0,0.011,0.47695,0.865,0.47695,494.10567,0.131,0.694308688,SOABFQI12A58A7D162,7.0,0.459,-14.009,1,0.526,482.94,0.484,0.22626,123.182,4.0,0.369,0,1977,richard hell & the voidoids,0
0.455857566,0.375296592,ARGP3HD1187B9A3CB5,0.0,0,0.0,V'ro,0.0,zouk,1.0,344136,0,0.0,0.0,0.036,2.61385,0.309,0.86114,282.53995,0.0,-1.0,SOOCAJK12AB01866EE,5.0,0.4,-6.982,0,0.471,265.648,0.51,0.166,67.987,3.0,0.383,0,2003,v'ro,0
0.5291028,0.411364132,ARNSTES1187FB4FC9B,0.0,0,0.0,Shinehead,0.0,dancehall,0.963601635,781849,0,0.0,0.0,0.203,0.57655,0.624,0.29474,230.71302,0.223,-1.0,SOSKAWG12A8C1359AD,10.0,0.181,-9.893,0,0.387,218.076,0.624,0.29474,209.649,4.0,1.0,0,1999,shinehead,0
0.593262655,0.372069058,AR0DSOO1187B9B855E,0.0,0,0.0,Wailing Souls,0.0,roots reggae,0.975065931,274218,0,0.0,0.0,0.0,0.3862,0.0,0.3862,255.4771,1.036,-1.0,SOOVSAM12A81C218AF,9.0,0.204,-5.788,1,0.309,247.362,0.575,0.15463,86.752,1.0,0.991,0,1980,wailing souls,0
0.56573878,0.369505751,ARSFVDS1187B990F14,0.0,0,0.0,Tranzas,0.0,salsa,1.0,237975,0,0.0,0.0,0.047,1.43694,0.237,0.64601,184.21506,0.485,0.469676965,SOIFKVI12A8C131696,1.0,0.283,-6.991,1,0.439,179.45,0.462,0.17498,75.826,7.0,0.876,0,2000,tranzas,0
0.688003349,0.469340374,ARSL3N21187B98DFC5,0.0,0,0.0,Klaus Badelt,0.0,chill-out,0.863630088,285187,0,0.0,3.0,0.12,2.28252,0.243,0.52266,275.19955,0.0,0.425124658,SOAESFB12A8C13573F,2.0,0.039,-16.683,1,0.049,261.155,0.318,0.2972,121.667,5.0,0.454,0,2002,klaus badelt,0
0.687619666,0.417068913,ARXK4YK1187FB4D0C4,51.50632,0,-0.12714,Dub Pistols feat. TK,0.0,big beat,0.994663113,430805,0,0.0,1.0,0.097,1.19313,0.901,0.59787,264.82893,0.712,0.524822258,SOCKRCU12A8C143B0C,10.0,0.631,-5.603,0,0.569,252.308,0.256,0.15162,100.019,4.0,0.48,0,2009,dub pistols feat. tk,0
0.773491325,0.500459151,ARJ8PZJ1187B99314F,0.0,0,0.0,Aiden,0.0,post-hardcore,0.999577635,119880,0,0.0,1.0,0.039,0.66561,0.557,0.24748,258.82077,0.0,0.713217692,SOCWGLQ12A8C13D14A,5.0,0.42,-5.249,1,0.47,248.007,0.677,0.24748,143.021,4.0,0.637,0,2007,aiden,0
0.624723768,0.403509673,ARCZ20M1187FB49687,32.77942,0,-91.56123,Tony Joe White,0.0,country rock,1.0,59803,0,0.0,1.0,0.274,0.50762,0.688,0.50762,252.1073,0.0,0.334706549,SOPJHMG12A6D4FA978,2.0,0.041,-9.653,1,0.488,248.355,0.612,0.50762,136.621,4.0,0.0,0,1999,tony joe white,0
0.62136191,0.395073819,ARLGUTA1187B9B605F,40.85715,0,-73.85678,Terror Squad / Remy / Prospect / Armageddon,0.0,hip hop,1.0,93019,0,0.0,1.0,0.122,1.02367,0.866,0.03745,251.89832,0.144,0.473346541,SOICCPU12A8C138AC4,11.0,0.041,-5.511,0,0.334,237.639,0.488,0.03745,181.3,7.0,1.0,0,2004,terror squad / remy / prospect / armageddon,0
0.816842854,0.567889146,AR7C6G11187B9B4C1E,0.0,0,0.0,Jennifer Lopez featuring Ja Rule,0.0,dance pop,1.0,283197,0,0.0,1.0,0.151,0.13299,0.0,0.13299,263.20934,1.199,-1.0,SOWHHLO12CF5F8917D,5.0,0.345,-8.147,1,0.143,244.976,1.0,0.13299,83.49,4.0,0.468,0,2001,jennifer lopez featuring ja rule,0
0.485855596,0.362960597,AR9LT7R1187FB4543A,30.16602,0,-96.39998,Darden Smith,0.0,blues-rock,1.0,494862,0,0.0,1.0,0.136,1.19877,0.739,0.48767,270.62812,0.0,-1.0,SOEWDGW12A58920580,6.0,0.627,-17.864,1,0.658,266.217,0.604,0.30461,165.76,4.0,0.0,0,2002,darden smith,0
0.325433883,0.336304378,ARGHMTX1187FB456CA,0.0,0,0.0,Los Indios Tabajaras,0.0,jazz,1.0,536574,0,0.0,0.0,0.057,0.96951,1.0,0.25178,171.28444,0.205,0.0,SOSGVRE12AB01832AC,11.0,0.656,-18.696,1,0.698,166.667,1.0,0.25178,128.162,4.0,0.305,0,1997,los indios tabajaras,0
0.556601965,0.364295839,AROCXGR1187FB511B2,0.0,0,0.0,Ramesses,0.0,doom metal,1.0,817537,0,0.0,0.0,0.19,3.70304,0.042,2.14325,608.7571,7.988,-1.0,SOBFRQQ12AB018D108,2.0,0.59,-8.259,1,0.441,595.476,0.042,2.14325,219.518,7.0,0.656,0,2005,ramesses,0
0.723521278,0.532572709,AR9S8551187FB3EA81,0.0,0,0.0,Trentemoller,0.0,tech house,0.945841638,563663,0,0.0,1.0,0.168,0.7232,0.563,0.26028,368.74404,0.0,0.577888778,SOHOSEI12AB018998F,7.0,0.063,-9.915,1,0.387,364.507,0.439,0.26028,124.985,4.0,0.254,0,2009,trentemoller,0
0.905477001,0.843380274,ARF5M7Q1187FB501E8,0.0,0,0.0,Maroon 5,0.0,pop,0.969733877,81735,0,0.0,1.0,0.008,0.49896,0.847,0.09777,173.66159,2.949,0.979837197,SOOXLKF12A6D4F594A,1.0,0.65,-4.757,0,0.575,171.607,0.689,0.09777,149.917,4.0,0.791,0,2002,maroon 5,0
0.804838889,0.457841156,AR0CANF1187B9AF35F,34.05349,0,-118.24532,Dilated Peoples Featuring Capleton,0.0,turnablism,0.952586371,29744,0,0.0,1.0,0.092,0.6599,0.825,0.22249,311.06567,0.142,0.540009277,SOLXXRJ12A6D4F7260,2.0,0.126,-4.08,1,0.221,300.617,0.767,0.22249,158.327,4.0,1.0,0,2006,dilated peoples featuring capleton,0
0.363237123,0.21501465,AR7BPLI1187FB4A306,37.77916,0,-122.42005,Anthony Blea Y Su Charanga,0.0,salsa,1.0,713033,0,0.0,0.0,0.178,0.23015,0.642,0.23015,459.28444,0.339,-1.0,SODEFJQ12AB0185C52,11.0,0.179,-5.434,0,0.333,454.473,0.403,0.08056,200.826,4.0,0.0,0,2004,anthony blea y su charanga,0
0.574383744,0.372959582,ARLSGOL1187FB51164,0.0,0,0.0,CMW - Compton's Most Wanted,0.0,gangster rap,1.0,805242,0,0.0,1.0,0.021,1.07945,0.876,0.44311,217.62567,0.066,-1.0,SOASQPW12AB01888D6,8.0,0.059,-11.36,0,0.426,198.571,1.0,0.12642,93.951,4.0,0.716,0,1992,cmw - compton's most wanted,0
0.477528763,0.304880576,AREHCPX1187FB3C859,0.0,0,0.0,Walter Ego,0.0,chill-out,0.936642325,590900,0,0.0,1.0,0.156,0.20185,0.156,0.20185,535.45751,0.0,0.528534452,SOMNYPH12AB017F456,10.0,0.792,-10.44,0,0.704,535.458,0.263,0.20185,124.136,1.0,0.928,0,1998,walter ego,0
0.687478318,0.516234384,ARGEZ5E1187FB56F38,0.0,0,0.0,Audio Adrenaline,0.0,ccm,1.0,153026,0,0.0,2.0,0.079,1.33084,0.547,0.83711,219.11465,0.0,0.0,SOJJVKE12A8C139252,9.0,0.397,-9.024,0,0.318,214.129,0.11,0.56043,101.241,5.0,1.0,0,1992,audio adrenaline,0
0.54858513,0.383524247,AR2J2WF1187FB46271,54.48303,0,-3.53444,Francis Dunnery,0.0,singer-songwriter,1.0,19604,0,0.0,0.0,0.591,1.40593,0.905,0.20979,216.37179,0.136,0.233847005,SOOETML12A6D4F7704,9.0,0.711,-8.023,1,0.564,205.717,1.0,0.20979,101.526,3.0,1.0,0,1991,francis dunnery,0
0.605116355,0.347522827,AR0CZWN1187B9A47E2,0.0,0,0.0,Obie Bermudez,0.0,salsa,0.906640665,106274,0,0.0,0.0,0.492,0.3903,0.728,0.04665,271.25506,0.138,-1.0,SOHHASC12A8C139D11,8.0,0.459,-4.561,1,0.548,264.435,0.26,0.04665,177.255,4.0,0.689,0,2003,obie bermudez,0
0.826075467,0.599602643,ARLSF8H1187B9A76B0,0.0,0,0.0,Dimmu Borgir,0.0,black metal,1.0,127775,0,0.0,4.0,0.11,3.091,0.741,0.3017,186.56608,0.0,-1.0,SOKYOBT12A6D4FBBB0,2.0,0.257,-3.086,1,0.304,184.123,0.192,0.3017,83.108,5.0,0.422,0,2001,dimmu borgir,0
0.807779928,0.486825414,ARR6MOS1187B994C51,0.0,0,0.0,Mando Diao,0.0,blues-rock,0.999750079,70133,0,0.0,1.0,0.062,0.19194,0.0,0.19194,306.18077,0.827,0.555574792,SOCVJVC12A67FFB40C,4.0,0.0,-4.118,0,0.077,294.522,0.391,0.19194,87.785,3.0,0.531,0,2006,mando diao,0
0.622940428,0.370962958,ARB4ROA1187B9ACAEC,0.0,0,0.0,Junior Reid,0.0,roots reggae,0.981879216,103148,0,0.0,0.0,0.03,0.72439,0.438,0.33046,326.00771,0.194,0.274899515,SOQTEHM12A8C1388E6,6.0,0.232,-8.28,0,0.336,315.408,0.0,0.13349,158.242,4.0,0.27,0,1998,junior reid,0
0.578998679,0.390828596,ARIK8T31187B9A4D4F,0.0,0,0.0,Louis Prima And Keely Smith,0.0,space age pop,0.862124006,112652,0,0.0,0.0,0.098,1.21895,1.0,0.21087,159.16363,0.153,0.565451012,SOIDUUW12A8C13DF25,10.0,0.131,-12.675,1,0.226,153.397,0.91,0.21087,108.498,3.0,1.0,0,1960,louis prima and keely smith,0
0.503912373,0.331193537,ARDUWD61187FB58F58,32.78115,0,-79.9316,Alphonse Mouzon,0.0,jazz funk,0.919159599,368613,0,0.0,0.0,1.0,0.32675,1.0,0.32675,355.21261,0.124,0.319565987,SOUBKZQ12AB0188926,7.0,0.508,-8.127,1,0.627,341.275,0.524,0.32675,96.931,1.0,0.0,0,1977,alphonse mouzon,0
0.575692299,0.366820788,ARLTWXK1187FB5A3F8,32.74863,0,-97.32925,King Curtis,0.0,instrumental rock,1.0,116050,0,0.0,0.0,0.027,0.37282,0.0,0.37282,199.20934,2.2,-1.0,SOLHKJN12A8C13DEED,7.0,0.504,-11.968,1,0.445,190.578,0.154,0.09805,108.162,4.0,0.822,0,2007,king curtis,0
0.376377265,0.3663557,ARGSJXS1187B994788,40.71455,0,-74.00712,Big Dee Irwin,0.0,northern soul,0.940498318,671457,0,0.0,0.0,0.001,0.95375,0.985,0.38063,156.02893,0.316,0.591291373,SOAHDOA12A6D4FA830,10.0,0.538,-9.931,1,0.535,147.499,1.0,0.09192,108.103,4.0,0.558,0,1990,big dee irwin,0
0.67161064,0.421973968,AR5WPYF1187B9B40DA,38.25486,0,-85.7664,VHS Or Beta,0.0,disco,0.97641938,23599,0,0.0,0.0,0.0,0.98869,0.881,0.51146,501.13261,0.0,0.266955186,SOCNTQV12A6D4F4ADD,11.0,0.008,-6.751,1,0.171,479.155,1.0,0.27404,125.999,4.0,0.602,0,2006,vhs or beta,0
0.574300068,0.375593583,ARTDUXM1187B9899ED,32.33112,0,-90.60536,Charley Patton,0.0,delta blues,0.996954279,91266,0,0.0,1.0,0.006,0.59947,0.844,0.13999,154.87955,0.276,-1.0,SOIZKIF12A8C136F40,5.0,0.087,-24.774,1,0.336,147.499,0.298,0.13999,130.975,4.0,0.0,0,1990,charley patton,0
0.548189066,0.382591638,AR2XBPG1187B98FCBE,0.0,0,0.0,Planxty,0.0,folk rock,0.963430321,620988,0,0.0,2.0,0.009,1.34832,0.743,0.45424,139.72853,0.16,0.536830581,SOHRUYI12A8C134C4D,7.0,0.179,-14.322,1,0.553,134.989,0.562,0.23338,71.337,4.0,0.0,0,1973,planxty,0
0.816998189,0.512229189,ARGFFA01187B9A2D11,33.86404,0,-118.39535,Pennywise,0.0,melodic hardcore,0.967877217,45957,0,0.0,1.0,0.032,0.47203,1.0,0.47203,242.33751,0.142,0.707655106,SOQZOZZ12A6D4F8134,10.0,0.621,-5.808,0,0.513,229.535,0.421,0.21668,119.981,4.0,0.004,0,2005,pennywise,0
0.60657568,0.398394107,ARB90161187B98CDFE,0.0,0,0.0,Cirrus,0.0,big beat,0.966046754,807251,0,0.0,0.0,0.066,3.80643,0.821,3.4807,193.72363,5.973,0.579728749,SOCVTWK12AB0187F54,5.0,0.065,-6.149,1,0.507,188.929,0.068,3.31326,180.012,4.0,0.0,0,2002,cirrus,0
0.86652032,0.766545451,ARXPPEY1187FB51DF4,0.0,0,0.0,Michael Jackson,0.0,motown,0.999971562,414918,0,0.0,4.0,1.0,0.19264,1.0,0.19264,217.96526,0.461,-1.0,SOLXSAG12AB01874BD,8.0,0.248,-8.486,1,0.365,204.98,0.975,0.19264,100.648,1.0,0.047,0,1973,michael jackson,0
0.487871933,0.367464833,ARW2Y3Q1187FB38020,42.3519,0,-71.14566,The Sterns,0.0,massachusetts,0.902437591,472408,0,0.0,0.0,0.002,0.25848,0.761,0.25848,151.82322,0.148,-1.0,SOKLAAC12AB01890F7,5.0,0.414,-4.031,0,0.528,142.089,0.752,0.07083,157.751,4.0,0.894,0,2006,the sterns,0
0.818042044,0.638906377,ARD4C1I1187FB4B0C3,0.0,0,0.0,Pink Floyd,0.0,art rock,0.972339201,456702,0,0.0,5.0,0.246,10.89867,0.804,0.72914,187.42812,0.647,-1.0,SOWPTXM12AF729D122,4.0,0.832,-10.813,1,0.727,170.475,0.756,0.35994,54.398,4.0,0.0,0,1967,pink floyd,0
0.4421112,0.162615582,ARW86ZJ11A348EFE7F,44.83663,0,-0.58104,Edgar De L'est,0.0,musette,1.0,405750,0,0.0,0.0,0.217,1.0755,0.227,0.09615,317.28281,0.0,-1.0,SOBLADF12AB01860F5,2.0,0.0,-8.328,1,0.128,303.166,0.699,0.09615,125.026,3.0,1.0,0,2002,edgar de l'est,0
0.772871995,0.473700501,ARMPRI31187FB4F7D9,39.37413,0,22.95775,Vangelis,0.0,progressive rock,1.0,69294,0,0.0,5.0,0.263,12.24583,0.263,12.24583,408.00608,0.0,0.427446572,SODLTPJ12A67ADB230,7.0,0.55,-20.42,1,0.67,371.839,0.0,12.24583,62.216,1.0,0.487,0,1998,vangelis,0
0.415784608,0.307902094,ARDQO721187FB3C6D9,0.0,0,0.0,Rodney O & Joe Cooley,0.0,miami bass,0.931449931,665297,0,0.0,0.0,0.186,0.71049,1.0,0.20291,252.23791,0.154,-1.0,SOBKWON12A58291C7D,6.0,0.078,-14.6,1,0.419,242.387,0.899,0.20291,119.074,4.0,1.0,0,2002,rodney o & joe cooley,0
0.908984296,0.562506672,ARBNXYA1187FB51C50,18.22328,0,-66.42889,Daddy Yankee,0.0,reggaeton,1.0,221256,0,0.0,1.0,0.162,0.54022,0.249,0.54022,181.34159,0.0,0.301681757,SONRULN12A8C1404A0,1.0,0.055,-7.421,1,0.231,181.342,0.512,0.2297,97.982,4.0,1.0,0,2003,daddy yankee,0
0.68508049,0.460703675,ARGS67J1187FB3FC1A,37.27188,0,-119.27023,Righteous Brothers,0.0,blue-eyed soul,1.0,256904,0,0.0,0.0,0.747,0.54305,0.747,0.54305,130.0371,0.346,-1.0,SOBATVY12A8C134A4C,10.0,0.765,-11.47,1,0.626,118.085,0.792,0.31853,135.599,1.0,0.0,0,1975,righteous brothers,0
0.58893851,0.377961532,AR1XE381187FB4C685,34.05349,0,-118.24532,Kane,0.0,blues-rock,1.0,304105,0,0.0,0.0,0.112,0.49235,0.326,0.49235,395.83302,0.0,-1.0,SOGCGAW12A8C13BF27,5.0,0.593,-5.538,0,0.593,382.154,0.34,0.26792,134.115,4.0,0.565,0,2001,kane,0
0.360187294,0.243064542,AR41B9G1187B990D63,0.0,0,0.0,Sam Fan Thomas,0.0,soukous,0.958985777,255392,0,0.0,0.0,0.575,0.81507,0.0,0.33266,397.58322,1.03,-1.0,SOLTWNN12A8C13FE24,2.0,0.995,-13.856,1,0.819,388.598,0.92,0.09863,125.241,4.0,1.0,0,1989,sam fan thomas,0
0.709472621,0.451998594,AR57Z841187B9B7D7D,0.0,0,0.0,Gregory Isaacs,0.0,lovers rock,0.97497407,529522,0,0.0,1.0,0.039,0.84087,0.755,0.3884,219.402,0.502,0.392008772,SOEYLSW12A8C131366,9.0,0.078,-11.999,1,0.463,210.524,0.0,0.16217,138.039,4.0,0.897,0,1979,gregory isaacs,0
0.576523099,0.323637336,ARPHDQC11EBCD7802B,34.05349,0,-118.24532,Sara Melson,0.0,lullaby,0.852171339,597959,0,0.0,0.0,0.023,0.55481,0.992,0.19306,164.12689,0.299,-1.0,SOHMJUP12AC4687BA0,5.0,0.75,-4.638,1,0.689,157.768,0.726,0.19306,167.905,4.0,0.238,0,2008,sara melson,0
0.57810363,0.414892612,AR1RHCO1187B9AF0BF,37.77916,0,-122.42005,Vince Guaraldi,0.0,latin jazz,1.0,459993,0,0.0,0.0,0.119,1.51313,0.47,0.52073,201.42975,0.41,-1.0,SOLJYHM12AB0186497,9.0,0.434,-18.7,0,0.449,192.435,0.387,0.27113,124.391,3.0,0.318,0,1964,vince guaraldi,0
0.842577665,0.514522578,ARVXV1J1187FB5BF88,0.0,0,0.0,Foals,0.0,dance-punk,0.950537151,214092,0,0.0,2.0,0.039,0.26677,0.336,0.26677,315.27138,0.0,0.728377177,SOMGPML12A8C13AE8C,9.0,0.618,-6.611,0,0.591,293.494,1.0,0.07342,156.917,5.0,1.0,0,2008,foals,0
0.866519754,0.766545451,ARXPPEY1187FB51DF4,0.0,0,0.0,Michael Jackson,0.0,motown,0.999971562,50798,0,0.0,4.0,0.071,0.40625,0.0,0.40625,251.66322,3.373,-1.0,SOBFLPE12A6D4F8687,1.0,0.265,-11.881,1,0.434,243.873,0.18,0.20974,152.448,4.0,0.0,0,1972,michael jackson,0
0.882111591,0.670106173,ARVNGA71187FB3C107,0.0,0,0.0,Faith Hill,0.0,country,1.0,19114,0,0.0,1.0,0.093,0.92605,0.395,0.92605,246.09914,3.698,0.454192988,SOUCHOR12A58A81155,0.0,0.621,-9.695,1,0.609,221.373,0.098,0.67489,119.06,4.0,1.0,0,2005,faith hill,0
0.583178831,0.434253341,AR7PPJV1187FB397CC,0.0,0,0.0,James Taylor Quartet,0.0,jazz funk,0.968044675,656864,0,0.0,1.0,0.791,1.10519,0.658,0.09209,188.94322,0.0,0.427446572,SOINAZQ12A8C142AF5,1.0,0.875,-2.775,1,0.642,188.943,0.0,0.09209,58.135,4.0,0.913,0,2007,james taylor quartet,0
0.683066099,0.445969434,AR1K7TQ11C8A414EC8,0.0,0,0.0,The Knux,0.0,alternative rap,0.886649535,344897,0,0.0,0.0,0.114,0.54363,0.981,0.11577,200.25424,0.299,0.576860141,SOGPESA12AB0180D65,1.0,0.014,-4.825,1,0.285,198.153,1.0,0.11577,140.119,4.0,0.582,0,2008,the knux,0
0.491370279,0.33532213,AROW3XO1187B989E72,0.0,0,0.0,The Motors,0.0,power pop,0.982639034,341363,0,0.0,0.0,0.545,0.08764,0.545,0.08764,207.85587,0.188,-1.0,SOVHCNH12AB0180DD6,9.0,0.586,-11.947,1,0.467,201.323,0.534,0.08764,174.628,1.0,0.0,0,1977,the motors,0
0.444926413,0.344814469,ARQDYV0119B866800F,0.0,0,0.0,Gertrudis,0.0,big beat,0.956568016,448373,500,0.0,0.0,0.114,0.63552,0.087,0.1256,263.47057,0.0,0.435179324,SOYXJBB12AB017D968,4.0,0.824,-7.961,0,0.609,260.464,0.259,0.1256,228.461,7.0,0.845,0,2005,gertrudis,500
0.839962768,0.541888972,ARMAC4T1187FB3FA4C,40.82624,0,-74.47995,The Dillinger Escape Plan,0.0,math-core,0.944381208,775078,0,0.0,1.0,0.007,0.17197,0.93,0.17197,281.23383,0.06,0.672836061,SOYCOEX12AB018B5DF,8.0,0.001,-6.991,0,0.063,263.413,0.0,0.17197,120.085,4.0,0.0,0,2010,the dillinger escape plan,0
0.691956473,0.460389582,ARN2C4X1187B9B363C,26.12367,0,-80.14356,Jack Off Jill,0.0,dark wave,0.868718042,246583,0,0.0,0.0,0.022,3.596,0.778,2.82825,137.9522,3.32,0.502449624,SOGMCVY12A8C13584C,6.0,0.204,-11.877,0,0.348,133.3,0.472,2.63798,156.804,4.0,0.635,0,1994,jack off jill,0
0.619530991,0.354369616,ARVUQIC1187B9A7C66,0.0,0,0.0,Hevia,0.0,folk rock,0.994823354,122919,0,0.0,0.0,0.414,0.69644,1.0,0.04934,280.2673,0.0,0.386477291,SONTEEZ12A8C13EC73,8.0,0.716,-4.936,1,0.692,270.205,1.0,0.04934,93.037,4.0,0.712,0,2007,hevia,0
0.742548135,0.625428356,ARO4WQR1187B9B9825,0.0,0,0.0,Kenny Rogers,0.0,country rock,1.0,777599,0,0.0,2.0,0.864,0.2459,0.864,0.2459,135.36608,0.201,-1.0,SOGHNAC12CF5663C17,5.0,0.531,-12.965,1,0.516,123.635,0.587,0.03762,154.783,1.0,0.0,0,2003,kenny rogers,0
0.651952139,0.449693998,AR040M31187B98CA41,0.0,0,0.0,The Bug Featuring Spaceape,0.0,illbient,0.965349266,266849,0,0.0,1.0,0.13,0.52421,0.578,0.52421,327.99302,0.165,0.586776932,SOAEEXM12A8C13D6E3,2.0,0.5,-7.843,1,0.371,311.124,0.0,0.10596,96.02,5.0,0.81,0,2008,the bug featuring spaceape,0
0.531757816,0.335933116,AR36F9J1187FB406F1,56.27609,0,9.51695,Bombay Rockers,0.0,bhangra,0.913155629,199593,0,0.0,0.0,0.046,0.69183,0.999,0.14153,212.71465,0.096,0.379523324,SOUAMVI12A58A7A7D7,8.0,0.577,-4.336,1,0.574,206.692,1.0,0.14153,109.984,4.0,0.0,0,2004,bombay rockers,0
0.058400937,0.0,AR1XR3N1187FB372C5,0.0,0,0.0,Koordinate Of Wonders,0.0,chill-out,1.0,807470,0,0.0,1.0,0.031,0.62552,0.268,0.23392,218.74893,0.0,-1.0,SOZSFWO12A58A79215,0.0,0.956,-9.325,1,0.81,209.937,0.318,0.03813,158.913,4.0,1.0,0,2006,koordinate of wonders,0
0.522197175,0.391370587,ARDR4AC1187FB371A1,0.0,0,0.0,Montserrat CaballA(c),0.0,symphonic rock,0.932296176,299730,0,0.0,1.0,0.087,5.48719,0.614,0.2503,198.13832,4.952,-1.0,SOFWNNU12A8C13BCB3,10.0,0.311,-15.585,1,0.451,194.247,0.058,0.2503,71.285,3.0,0.903,0,1994,montserrat caballa(c),0
0.834538586,0.477310881,AR6F6I21187FB5A3AA,0.0,0,0.0,Aesop Rock,0.0,underground rap,0.741984468,808040,0,0.0,2.0,0.411,0.80067,0.466,0.13975,243.56526,0.0,-1.0,SOWPPKS12AB018E2F5,7.0,0.376,-5.683,1,0.403,243.565,0.272,0.13975,102.429,4.0,0.591,0,2002,aesop rock,0
0.707839968,0.532445871,ARYML1P1187B9AF39B,0.0,0,0.0,Devo,0.0,rock,1.0,28252,0,0.0,1.0,0.002,1.13611,1.0,0.49796,205.50485,0.154,0.563755208,SOACUIU12A6D4F715B,6.0,0.393,-16.619,0,0.546,202.838,1.0,0.17699,94.48,4.0,1.0,0,1981,devo,0
0.775086058,0.605191153,ARAXU5Z1187B98FECD,0.0,0,0.0,Gorillaz,0.0,hip hop,1.0,585,0,0.0,2.0,0.134,0.5598,0.686,0.21246,249.93914,0.0,0.813305209,SOKHYFG12A63110822,1.0,0.857,-7.033,1,0.583,245.005,0.795,0.03792,171.918,4.0,1.0,0,2001,gorillaz,0
0.528107468,0.348332909,ARE0X5X1187B993A86,42.32807,0,-83.7336,Midwest Product,0.0,instrumental rock,0.971896233,369226,0,0.0,1.0,0.574,0.9084,0.737,0.05061,301.73995,0.0,0.503381236,SOMVAUS12AB017D665,10.0,0.456,-8.874,1,0.481,301.74,0.549,0.05061,141.002,4.0,0.192,0,2003,midwest product,0
0.714268533,0.505453153,ARWR6RK1187FB3AB52,0.0,0,0.0,From Autumn To Ashes,0.0,post-hardcore,1.0,271741,0,0.0,0.0,0.177,0.84013,0.705,0.19852,147.64363,0.15,0.512253654,SOHKXAC12A58A7F6E5,4.0,0.516,-12.063,0,0.569,134.565,0.711,0.19852,97.169,3.0,0.685,0,2002,from autumn to ashes,0
0.821844255,0.592439486,ARMOHN71187FB3959F,33.6671,0,-117.76505,Atreyu,0.0,post-hardcore,1.0,626340,0,0.0,0.0,0.684,0.87468,0.62,0.4453,208.66567,0.0,-1.0,SONHWEW12AF72A7F22,5.0,0.118,-3.639,0,0.256,208.666,0.522,0.22787,138.536,4.0,0.547,0,2009,atreyu,0
0.710374813,0.505883169,ARCNOK81187B98CA3F,0.0,0,0.0,Buju Banton,0.0,roots reggae,0.946034141,112198,0,0.0,1.0,0.457,1.14012,0.927,0.25701,239.0722,0.194,-1.0,SORDEHU12A8C13E640,1.0,0.514,-7.38,0,0.562,235.386,1.0,0.03745,134.941,4.0,1.0,0,1997,buju banton,0
0.575647221,0.369102689,ARWEM1D1187FB4077B,54.07485,0,-2.71939,Sonny Landreth,0.0,blues-rock,0.990476702,389871,0,0.0,0.0,0.811,0.2025,0.811,0.2025,212.63628,0.147,0.334706549,SOOUQAZ12AB017BDB0,6.0,0.0,-12.617,0,0.312,205.357,0.803,0.2025,87.669,1.0,0.226,0,1999,sonny landreth,0
0.713322147,0.473613189,AR6CLFP1187B9ACB94,0.0,0,0.0,Daniel Johnston,0.0,power pop,0.987541562,93095,0,0.0,1.0,0.076,0.50042,0.541,0.05247,270.78485,0.223,0.552705114,SOQBYJC12A8C1358D9,0.0,1.0,-12.664,1,0.96,270.785,0.605,0.05247,131.011,4.0,0.372,0,1982,daniel johnston,0
0.41008204,0.278865041,ARBE5BJ1187B98BCFD,0.0,0,0.0,The Chico Hamilton Quintet With Fred Katz_ Paul Horn_ John Pisano_ Carson Smith,0.0,soul jazz,0.921681957,234073,0,0.0,0.0,0.354,1.75498,0.747,0.86765,218.48771,0.329,-1.0,SOTAEHU12A8AE47888,0.0,0.741,-23.596,0,0.471,203.146,0.473,0.42399,67.452,4.0,0.333,0,1997,the chico hamilton quintet with fred katz_ paul horn_ john pisano_ carson smith,0
0.710445622,0.540630686,AR2UQQ51187B9AC816,0.0,0,0.0,Gipsy Kings,0.0,flamenco,0.908599834,283353,0,0.0,1.0,0.0,0.18795,0.0,0.18795,194.87302,3.21,0.778820809,SOWEZSI12A81C21CE6,5.0,0.351,-8.403,0,0.318,188.285,0.097,0.18795,165.006,1.0,0.034,0,1987,gipsy kings,0
0.519000072,0.35303574,ARE2QID1187B98FA19,35.74595,0,-89.53176,Sleepy John Estes,0.0,country blues,0.967611517,176847,0,0.0,0.0,0.801,0.33281,0.801,0.33281,163.91791,0.16,-1.0,SOHHVZZ12A6D4F9848,11.0,0.258,-15.832,1,0.398,158.877,0.026,0.33281,96.982,1.0,0.0,0,1935,sleepy john estes,0
0.663995716,0.419265469,ARKN9J11187B9B210D,0.0,0,0.0,DJ Clue / P. Diddy,0.0,hip hop,1.0,47388,0,0.0,0.0,0.262,1.91728,0.838,0.40358,64.70485,0.46,0.386477291,SOJCRCO12A6D4F89BA,2.0,0.187,-23.129,0,0.302,64.705,0.171,0.14662,81.229,3.0,0.745,0,1998,dj clue / p. diddy,0
0.692973745,0.422507451,AR3AY3R1187FB52CF0,0.0,0,0.0,Tracy Byrd,0.0,honky tonk,0.944566596,57315,0,0.0,0.0,0.042,0.71332,1.0,0.20467,209.08363,0.383,-1.0,SOOCGEI12A6D4F9624,2.0,0.454,-7.56,1,0.55,191.826,0.977,0.20467,116.625,4.0,0.32,0,1996,tracy byrd,0
0.553637086,0.360200448,AR2CM6U1187B999EB7,52.51607,0,13.37698,Basic Channel,0.0,techno,1.0,134790,0,0.0,0.0,0.049,0.26952,0.69,0.26952,62.92853,0.27,0.499752328,SOBJVKE12A8AE44914,10.0,0.712,-23.563,0,0.681,54.161,0.39,0.09544,160.546,5.0,1.0,0,1995,basic channel,0
0.578223524,0.402203102,ARDP3WW1187FB3D28C,45.4215,0,-75.69189,Sue Foley,0.0,roots rock,1.0,597335,0,0.0,0.0,0.031,1.71785,0.995,0.57752,224.65261,0.406,0.334706549,SOBRDLW12AC468A908,7.0,0.56,-6.278,1,0.679,214.43,0.117,0.57752,105.21,4.0,1.0,0,1998,sue foley,0
0.599935172,0.356795543,ARAG1DX1187B98BB10,41.88415,0,-87.63241,Ben Sidran,0.0,smooth jazz,0.937512366,638138,0,0.0,0.0,0.05,4.07498,0.0,0.54052,307.80036,2.932,0.22154866,SOCJHAZ12AB0181CE2,5.0,1.0,-17.336,1,0.878,291.933,0.723,0.10634,68.479,5.0,0.875,0,2009,ben sidran,0
0.731822219,0.424940331,ARNPPTH1187B9AD429,51.4855,0,-0.37196,Jimmy Page,0.0,british blues,0.94248626,47590,0,0.0,1.0,0.641,0.76285,0.801,0.33424,322.97751,0.525,0.563755208,SODCZXW12A6D4F97F5,0.0,0.331,-13.865,1,0.557,315.588,0.694,0.11994,139.015,4.0,0.429,0,1988,jimmy page,0
0.802925396,0.528614974,ART62WC1187FB47E80,0.0,0,0.0,Jim Jones featuring Oshy,0.0,gangster rap,1.0,407866,0,0.0,1.0,0.46,1.04619,0.597,0.06544,224.31302,0.0,0.445699275,SOXMSNK12AF72A8850,6.0,0.194,-4.62,1,0.438,219.794,0.827,0.06544,121.978,4.0,0.925,0,2009,jim jones featuring oshy,0
0.520599801,0.338074486,ARA8X3M1187B9A13CA,0.0,0,0.0,Aphasia,0.0,gabba,0.940442707,517480,0,0.0,0.0,0.27,1.86614,0.686,0.46058,244.32281,0.241,-1.0,SOWZQFZ12AB018AC54,6.0,0.104,-7.468,1,0.459,244.323,0.503,0.28858,192.063,5.0,0.596,0,2001,aphasia,0
0.596184927,0.427479242,AREBWEH1187B99EA9A,0.0,0,0.0,Beherit,0.0,illbient,0.921677475,411450,0,0.0,1.0,0.257,0.54402,0.0,0.13929,266.89261,0.787,0.564258739,SOYYJNB12AB0184408,2.0,0.804,-5.268,1,0.581,266.893,0.0,0.13929,149.069,4.0,0.602,0,2009,beherit,0
0.698291624,0.453850265,ARSQDUN1187B98D7D7,0.0,0,0.0,EPMD,0.0,hip hop,1.0,311061,0,0.0,1.0,0.005,1.46132,1.0,0.04641,161.35791,0.293,0.492398353,SODKZLY12A8C13F228,1.0,0.0,-8.667,1,0.245,148.19,0.865,0.04641,86.819,4.0,0.855,0,1997,epmd,0
0.665322162,0.394217199,ARRJNTE1187FB44E12,0.0,0,0.0,Casiotone For The Painfully Alone,0.0,trip hop,0.877629027,416628,0,0.0,1.0,0.017,0.6564,0.877,0.32288,197.25016,0.084,0.705629189,SOMWLTZ12AB0182E86,1.0,0.548,-9.31,1,0.291,197.25,0.797,0.15612,180.094,4.0,0.576,0,2009,casiotone for the painfully alone,0
0.807876868,0.505181616,ARIW1BH1187FB4C94A,-37.81753,0,144.96715,Architecture In Helsinki,0.0,twee pop,0.900542572,776959,0,0.0,1.0,0.004,1.10644,0.946,0.28038,249.28608,0.0,0.760299383,SOWSIVF12AB018D3D1,9.0,0.263,-10.414,1,0.355,234.371,0.176,0.28038,139.999,4.0,0.166,0,2005,architecture in helsinki,0
0.832011771,0.643072293,ARC8CQZ1187B98DECA,0.0,0,0.0,Jack Johnson and Friends / Matt Costa,0.0,rock,1.0,295785,0,0.0,2.0,0.053,1.09853,0.862,0.29315,136.30649,0.328,-1.0,SOONWRV12A8C138371,3.0,0.072,-11.234,1,0.526,136.306,0.263,0.09291,150.519,4.0,0.61,0,2003,jack johnson and friends / matt costa,0
0.645316974,0.401090254,ARW9SN11187FB52D0D,0.0,0,0.0,City High,0.0,hip hop,1.0,15590,0,0.0,0.0,0.085,1.1297,0.0,0.38449,231.33995,0.0,0.427446572,SOQWLMX12A67020B04,8.0,0.421,-7.99,0,0.252,218.964,0.099,0.19679,159.975,4.0,0.719,0,2001,city high,0
0.947327507,0.60725728,AR03BDP1187FB5B324,34.05349,0,-118.24532,Britney Spears,0.0,dance pop,1.0,307443,0,0.0,6.0,0.0,0.0,0.0,0.0,1.04444,0.0,-1.0,SOYEVCP12AC9E17E09,3.0,0.0,-23.555,1,0.0,1.044,0.769,0.03285,0.0,1.0,0.0,0,2005,britney spears,0
0.448013836,0.348295197,ARIMW0M1187B99EC59,0.0,0,0.0,TEN MADISON,0.0,downtempo,1.0,121347,0,0.0,0.0,0.227,2.90292,0.162,2.26708,405.41995,6.153,0.0,SOFPFTF12A8C14172C,11.0,0.545,-7.495,1,0.508,356.084,0.033,2.06412,92.699,5.0,0.78,0,2003,ten madison,0
0.578824936,0.401059707,ARNFLMN1187FB50BB3,56.95468,0,-98.30897,Chroma Key,0.0,trip hop,0.95123361,693934,0,0.0,0.0,0.056,1.06024,0.705,0.04579,160.31302,0.0,0.495453137,SOHEWXI12AB018960E,4.0,0.706,-11.242,0,0.68,155.905,0.621,0.04579,120.091,4.0,1.0,0,2004,chroma key,0
0.911044197,0.570192015,AR4YKRO1187B9B7829,30.06677,0,-81.86674,The Red Jumpsuit Apparatus,0.0,screamo,0.941448825,300910,0,0.0,0.0,0.041,0.21711,0.827,0.21711,208.79628,0.334,0.604088178,SOQMROZ12AF729B758,0.0,0.529,-2.983,0,0.662,204.655,0.442,0.06612,199.004,4.0,0.697,0,2006,the red jumpsuit apparatus,0
0.612576142,0.415748476,ARJD6I01187FB50347,0.0,0,0.0,Anna Abreu,0.0,shock rock,0.92604638,280401,0,0.0,1.0,0.218,2.95956,0.533,2.54198,205.45261,2.577,0.478726289,SOSUVLO12A8AE487E6,4.0,0.593,-6.692,0,0.581,193.44,0.398,2.33319,143.864,4.0,0.447,0,2007,anna abreu,0
0.614394092,0.427903698,AR6U7461187FB59499,0.0,0,0.0,Rachael Starr,0.0,progressive house,1.0,41517,0,0.0,0.0,0.199,0.54024,1.0,0.07181,608.23465,0.0,0.541381381,SODUSRP12A6D4FA762,11.0,0.793,-10.289,0,0.632,598.97,1.0,0.07181,127.996,4.0,0.0,0,2005,rachael starr,0
0.540750151,0.379651219,AR7CCCC1187FB578FF,0.0,0,0.0,Don Gibson,0.0,country rock,0.984649793,609846,0,0.0,1.0,0.017,0.97711,0.878,0.49381,169.63873,0.154,0.0,SOBHYLB12A8C1424C4,4.0,0.624,-14.257,1,0.608,162.923,0.515,0.24243,123.531,4.0,0.0,0,1991,don gibson,0
0.657883116,0.464886257,ARHZCG01187B99E4DE,39.95227,0,-75.16237,Stanley Clarke,0.0,jazz funk,1.0,283341,0,0.0,1.0,0.946,1.65057,0.98,0.65699,312.76363,0.55,0.372530039,SOCYTTZ12A8C1316EC,7.0,0.386,-13.455,1,0.38,301.952,0.871,0.65699,123.352,4.0,0.352,0,1998,stanley clarke,0
0.52607728,0.374560253,AR4MCB01187B98BF5C,0.0,0,0.0,Atman,0.0,downtempo,1.0,553001,0,0.0,0.0,0.021,3.1882,0.0,3.1882,433.94567,7.866,-1.0,SOHWNYG12A81C208D4,6.0,0.114,-7.77,1,0.46,423.027,0.041,2.6799,89.385,4.0,0.234,0,1998,atman,0
0.406166635,0.27238546,ARWAPYC1187FB3FCAF,0.0,0,0.0,S.U.P,0.0,doom metal,1.0,331533,0,0.0,1.0,0.862,0.22395,0.862,0.22395,274.54649,0.194,-1.0,SOUMTXR12AB017BAB4,0.0,0.917,-9.748,1,0.549,274.546,0.967,0.22395,154.01,1.0,0.0,0,1993,s.u.p,0
0.713322147,0.473613189,AR6CLFP1187B9ACB94,0.0,0,0.0,Daniel Johnston,0.0,power pop,0.987541562,93089,0,0.0,1.0,0.292,5.96479,0.955,0.0887,237.68771,0.061,0.511424326,SOFJQSW12A58A7DD3B,8.0,0.869,-24.905,1,0.547,234.754,0.413,0.0887,105.641,5.0,0.829,0,1984,daniel johnston,0
0.713274972,0.377593082,ARNF6401187FB57032,40.79086,0,-73.96644,Sophie B. Hawkins,0.0,ballad,0.891101304,38722,0,0.0,0.0,0.033,0.27677,0.969,0.27677,302.86322,0.0,-1.0,SOCHHXJ12A6D4F8E9B,7.0,0.338,-7.838,1,0.53,279.383,0.99,0.02633,129.316,4.0,0.35,0,1999,sophie b. hawkins,0
0.666522677,0.414079473,ARNFTGS1187B9A465F,34.05349,0,-118.24532,Circle Jerks,0.0,hardcore punk,0.942828918,609161,0,0.0,1.0,0.062,1.00023,0.0,0.65349,122.64444,8.231,0.665544602,SOLMXIE12A8C1429A8,1.0,0.322,-10.18,0,0.383,113.528,0.036,0.65349,173.669,4.0,0.304,0,1982,circle jerks,0
0.613598057,0.377720338,ARM3QKQ1187FB421E0,40.71455,0,-74.00712,Deville_ Willy,0.0,blues-rock,0.975439455,136291,0,0.0,0.0,0.009,0.93207,0.0,0.42467,291.91791,6.873,0.212045406,SOZIQEG12A8AE46F8E,9.0,0.776,-13.75,1,0.54,285.925,0.035,0.17097,103.258,4.0,0.795,0,1996,deville_ willy,0
0.374553436,0.327543813,ARDFZE61187FB45994,35.83073,0,-85.97874,Jake Hess,0.0,southern gospel,1.0,13664,0,0.0,0.0,0.004,1.23519,1.0,0.55058,168.77669,0.29,-1.0,SOVKHXD12A67020C86,6.0,1.0,-13.478,1,0.902,161.21,0.579,0.31393,92.76,4.0,0.686,0,2004,jake hess,0
0.624200328,0.369076871,AR9ST641187B99B4DE,38.62774,0,-90.19951,Cal Tjader,0.0,latin jazz,1.0,190923,0,0.0,1.0,1.0,0.17359,1.0,0.17359,200.12363,0.376,-1.0,SODWIDL12A6D4FA5F2,10.0,0.576,-18.896,1,0.5,185.481,0.293,0.17359,118.596,1.0,0.0,0,2003,cal tjader,0
0.832011769,0.677482479,ARC8CQZ1187B98DECA,0.0,0,0.0,Jack Johnson,0.0,rock,1.0,14580,0,0.0,2.0,0.055,0.98985,0.468,0.08621,228.70159,0.078,0.824206502,SOOQPIK12A6701F1C5,8.0,0.244,-10.736,0,0.418,211.609,0.267,0.08621,128.684,4.0,1.0,0,2000,jack johnson,0
0.571681627,0.54000775,AR3FE581187FB3F90A,0.0,0,0.0,Fabolous,0.0,gangster rap,0.972556871,6839,0,0.0,1.0,0.034,1.07901,0.25,0.46677,246.33424,0.0,0.541105827,SOIMRXV12A58A7F1B5,6.0,0.306,-5.268,1,0.349,238.748,0.555,0.15992,96.708,4.0,0.949,0,2003,fabolous,0
0.698619547,0.546745176,ARK3PWH1187B9A441D,0.0,0,0.0,Showbread,0.0,post-hardcore,1.0,537392,0,0.0,0.0,0.145,1.10079,0.426,0.39288,252.21179,0.0,-1.0,SORYBLZ12AF72A4286,9.0,1.0,-3.708,1,0.763,249.667,0.335,0.2122,164.963,4.0,0.688,0,2009,showbread,0
0.850789989,0.838095532,AR91C8S1187B990901,40.23447,0,-74.29504,Bruce Springsteen,0.0,heartland rock,0.911576134,290204,0,0.0,2.0,0.069,0.12787,0.0,0.12787,191.99955,0.898,0.751580891,SOYIXMY12AF72A0734,0.0,0.641,-11.516,1,0.826,189.068,0.704,0.12787,183.709,4.0,0.0,0,1984,bruce springsteen,0
0.698619547,0.546745176,ARK3PWH1187B9A441D,0.0,0,0.0,Showbread,0.0,post-hardcore,1.0,234928,0,0.0,0.0,0.175,0.96457,0.493,0.41159,197.79873,0.0,-1.0,SOXXZFP12A8AE47061,10.0,0.61,-5.586,1,0.548,193.202,0.259,0.1317,110.235,4.0,1.0,0,2008,showbread,0
0.54192836,0.373856345,ARAENPX1187B990DDA,0.0,0,0.0,Timbalada,0.0,samba,1.0,55800,0,0.0,0.0,0.073,1.64685,0.493,0.98938,242.1024,2.049,0.401095297,SOUBGQW12A6D4F8CE5,10.0,0.656,-7.203,0,0.692,235.241,0.189,0.82439,180.06,4.0,0.166,0,2006,timbalada,0
0.199668085,0.0,ARTOTKA11E2835EA81,0.0,0,0.0,Arne Weise,0.0,swedish,1.0,39801,0,0.0,0.0,0.174,0.84102,0.78,0.42361,198.24281,0.375,-1.0,SOZQFDN12A6D4F8D09,0.0,0.0,-15.879,1,0.055,187.193,0.314,0.21491,144.082,4.0,0.702,0,2002,arne weise,0
0.593420296,0.407283888,AREZWC61187FB52DCF,29.76045,0,-95.36978,Johnny Nash,0.0,reggae,1.0,420937,0,0.0,1.0,0.643,0.46167,0.643,0.46167,167.26159,0.0,-1.0,SOHJNUH12AB01891DE,4.0,0.73,-12.43,1,0.655,158.505,0.047,0.27168,163.257,1.0,0.0,0,1972,johnny nash,0
0.642280769,0.411195688,AR35YUO1187B9AD83E,55.8578,0,-4.24251,Wet Wet Wet,0.0,blue-eyed soul,1.0,26752,0,0.0,1.0,0.081,1.64325,1.0,0.24225,246.38649,0.531,-1.0,SOWJQRR12A6D4F725C,10.0,1.0,-6.574,1,0.812,225.715,0.765,0.24225,84.084,4.0,0.564,0,1994,wet wet wet,0
0.636436672,0.429097812,ARB5TJM1187B9A71FD,0.0,0,0.0,Finntroll,0.0,heavy metal,1.0,335541,0,0.0,1.0,0.035,0.65634,0.487,0.31816,278.93506,0.0,0.619267702,SOVXVKR12AB017F9C6,2.0,0.431,-5.73,1,0.235,273.862,0.136,0.15156,180.06,4.0,0.238,0,2007,finntroll,0
0.7087354,0.542289933,AR4GAFY1187B9B639D,0.0,0,0.0,BB King,0.0,blues-rock,0.903831242,746685,0,0.0,1.0,0.893,3.21597,0.768,0.93361,186.40934,1.309,0.394394856,SOCCQJE12AB018722F,11.0,0.246,-12.967,1,0.622,181.737,0.018,0.10493,52.932,4.0,0.654,0,1995,bb king,0
0.540299964,0.400832068,ARFAX4X1187B9A89CB,0.0,0,0.0,Beautiful Creatures,0.0,alternative metal,0.995267251,8761,0,0.0,0.0,0.197,0.50716,0.082,0.11075,263.96689,0.0,-1.0,SOYULPJ12A67021002,6.0,0.464,-4.763,1,0.54,259.466,0.0,0.11075,151.508,4.0,0.567,0,2001,beautiful creatures,0
0.722570574,0.499826314,AR4C6V01187FB3BAF4,39.55792,0,-7.84481,Moonspell,0.0,sympho black metal,0.999765395,735440,0,0.0,1.0,0.116,0.89005,0.472,0.3727,318.9024,0.0,-1.0,SOTYJVR12AC468B3BD,2.0,0.299,-5.255,0,0.422,307.345,0.247,0.20196,117.593,4.0,0.544,0,1995,moonspell,0
0.801989216,0.580345271,AR74Q3R1187B9B24C3,0.0,0,0.0,Nightwish,0.0,sympho black metal,0.999713741,351426,0,0.0,5.0,0.25,1.42588,0.0,0.68917,382.58893,0.136,-1.0,SOLDLXG12AB0185707,5.0,0.924,-4.657,1,0.656,373.267,0.649,0.17703,78.959,3.0,0.865,0,1997,nightwish,0
0.475827935,0.314008167,ARU230L1187FB4642F,37.80506,0,-122.27302,Walter Hawkins,0.0,soul jazz,0.992605788,688795,0,0.0,0.0,0.248,0.78009,0.0,0.04694,468.00934,0.0,0.265861049,SOWRKPT12AC468E5D5,1.0,0.451,-13.75,1,0.547,458.101,0.298,0.04694,129.761,4.0,0.0,0,1978,walter hawkins,0
0.831197177,0.776167742,AR633SY1187B9AC3B9,0.0,0,0.0,Weezer,0.0,pop rock,0.999988619,143091,0,0.0,3.0,0.081,1.45778,0.768,0.49508,137.37751,0.162,0.81722756,SOHJIWJ12AB0184EF9,10.0,0.018,-5.477,0,0.345,134.194,0.796,0.25154,127.407,4.0,0.877,0,2002,weezer,0
0.716854352,0.414236248,AR76DOS1187FB5AE78,0.0,0,0.0,The Jeff Healey Band,0.0,blues-rock,0.962148617,443433,0,0.0,1.0,0.022,1.05587,0.987,0.43277,283.03628,0.382,0.730674068,SOUFPAB12A8C1382E0,2.0,0.975,-7.535,1,0.826,267.384,1.0,0.12559,94.543,4.0,0.0,0,1992,the jeff healey band,0
0.534443602,0.333584628,AR52QY11187B99FC59,18.03965,0,-77.51329,Anthony Cruz,0.0,lovers rock,0.905786706,714174,0,0.0,0.0,0.515,1.67705,0.242,0.48382,264.14975,0.084,0.0,SOQWNGK12AB01897E2,0.0,0.0,-11.398,1,0.167,257.173,0.854,0.10071,95.37,4.0,0.326,0,2005,anthony cruz,0
0.707839968,0.532445871,ARYML1P1187B9AF39B,0.0,0,0.0,Devo,0.0,rock,1.0,28253,0,0.0,1.0,0.025,1.19478,0.854,0.52576,159.89506,0.102,0.614576982,SOKUUOE12A6D4F80EB,4.0,0.352,-11.704,0,0.421,153.652,1.0,0.19043,88.841,4.0,0.452,0,1978,devo,0
0.789836439,0.564969253,ARN5L1O1187FB4D955,0.0,0,0.0,Eyes Set to Kill,0.0,happy hardcore,0.996108453,810542,0,0.0,0.0,0.118,1.20997,0.236,0.59484,158.95465,0.0,0.650315076,SOTSHSR12AB01899B6,8.0,0.294,-4.392,1,0.434,150.767,0.603,0.13449,97.497,4.0,0.433,0,2010,eyes set to kill,0
0.637995287,0.471441876,AR7U5BZ1187B997FFC,0.0,0,0.0,Keep Of Kalessin,0.0,black metal,1.0,578527,0,0.0,1.0,0.295,1.5279,0.0,0.41937,292.41424,0.0,0.564513412,SOHMIMK12AB018A437,3.0,0.739,-5.377,1,0.532,286.418,0.363,0.14306,110.044,4.0,0.673,0,2006,keep of kalessin,0
0.599019959,0.374862616,AREW1KO1187B98E42E,0.0,0,0.0,The Irish Tenors,0.0,irish folk,1.0,785419,0,0.0,0.0,0.338,6.45434,0.016,6.45434,283.55873,20.335,0.252316557,SOFKPLB12AC95F0493,10.0,0.863,-21.999,1,0.685,263.111,0.016,6.45434,142.612,3.0,0.925,0,2001,the irish tenors,0
0.507784205,0.459629608,ARIKE5O1187B997E73,0.0,0,0.0,Mississippi Mass Choir,0.0,gospel,1.0,247408,0,0.0,0.0,0.168,1.11888,0.236,0.56963,221.90975,0.258,0.505751038,SODYJJO12A58A7C861,1.0,0.622,-13.448,1,0.519,210.733,0.768,0.29387,116.49,3.0,1.0,0,2003,mississippi mass choir,0
0.811890081,0.638588012,ARQXC7V1187FB4DA9E,0.0,0,0.0,DAVE MATTHEWS BAND,0.0,jam band,0.922995779,489574,0,0.0,1.0,0.822,1.01983,0.822,1.01983,289.09669,2.659,-1.0,SOANWEY12A58A7B504,11.0,0.217,-4.62,0,0.463,281.49,0.149,0.77375,125.159,1.0,0.353,0,1993,dave matthews band,0
0.899709853,0.583732613,ARWD25M1187FB4C563,0.0,0,0.0,Amy Winehouse,0.0,vocal jazz,0.905919844,229040,0,0.0,1.0,0.487,0.65816,0.838,0.65816,229.85098,0.16,0.78289886,SOSELMV12A6D4FCF5A,5.0,0.64,-7.256,0,0.588,223.591,0.0,0.33928,96.224,4.0,0.858,0,2007,amy winehouse,0
0.641197515,0.448653471,AR4TLW81187B99683D,0.0,0,0.0,Martin Sexton,0.0,blue-eyed soul,0.934193031,519688,0,0.0,1.0,0.075,1.629,0.381,0.31611,256.62649,0.0,-1.0,SORXZTW12AB0183775,1.0,0.332,-9.071,1,0.162,246.77,0.396,0.17009,137.765,5.0,0.842,0,2000,martin sexton,0
0.887386081,0.791143002,ARQUMH41187B9AF699,34.05349,0,-118.24532,Linkin Park,0.0,rap metal,0.905192264,85606,0,0.0,3.0,0.016,0.91545,1.0,0.31596,189.28281,0.0,0.586924698,SOWEUOO12A6D4F6D0C,4.0,0.446,-4.034,0,0.425,185.556,1.0,0.31596,100.073,4.0,0.438,0,2007,linkin park,0
0.526690732,0.378478309,AR0BLA51187FB4E6CD,0.0,0,0.0,The In Crowd,0.0,freakbeat,1.0,637374,0,0.0,0.0,0.159,1.06871,0.977,0.56812,266.81424,0.0,-1.0,SOPVANN12AB0186E36,1.0,0.929,-8.333,0,0.861,266.814,0.453,0.3974,121.713,4.0,0.418,0,1979,the in crowd,0
0.696030301,0.529453453,AR0D6EL1187B9AF46B,0.0,0,0.0,Eazy-E,0.0,gangster rap,1.0,14549,0,0.0,1.0,0.041,1.37493,0.586,0.33834,208.32608,0.0,-1.0,SONPYGH12A6701F6CF,8.0,0.33,-8.078,0,0.495,198.978,1.0,0.33834,115.692,4.0,1.0,0,1988,eazy-e,0
0.606267927,0.397414663,ARZ3U0K1187B999BF4,0.0,0,0.0,Cabas,0.0,vallenato,0.998863935,214908,0,0.0,0.0,1.0,0.16748,1.0,0.16748,207.82975,0.136,0.623037476,SOXJASM12A8C13BB05,0.0,0.399,-6.399,1,0.419,202.664,0.813,0.16748,216.023,1.0,0.0,0,2008,cabas,0
0.630928608,0.461558452,AR5MK521187B98E0B8,51.50632,0,-0.12714,Heaven 17,0.0,new romantic,0.832842044,40468,0,0.0,2.0,0.09,0.86795,0.988,0.24819,273.84118,0.189,0.0,SOLDPPH12A6D4F7F89,10.0,0.627,-8.015,1,0.411,250.683,1.0,0.09461,96.859,4.0,0.993,0,1983,heaven 17,0
0.496224085,0.347249717,ARE08BN1187B98FCA3,0.0,0,0.0,Der Plan,0.0,experimental rock,0.946302519,711509,0,0.0,1.0,1.0,0.12053,1.0,0.12053,34.32444,0.075,0.0,SOIIEVJ12AB018564E,1.0,0.61,-13.546,0,0.487,34.324,0.682,0.12053,121.834,1.0,0.306,0,1983,der plan,0
0.634490513,0.410950258,AR3DLBB1187B98F3DF,0.0,0,0.0,The Statler Brothers,0.0,country gospel,1.0,286475,0,0.0,1.0,0.541,1.29878,0.0,0.67308,201.27302,2.403,0.49749834,SOHWHCE12A8C133385,10.0,0.0,-16.822,1,0.0,195.843,0.418,0.35093,104.068,4.0,0.0,0,1967,the statler brothers,0
0.689494765,0.35590563,ARI6CSW1187B9AF09A,0.0,0,0.0,Eko Fresh feat. Ado,0.0,pop rap,0.93325637,385499,0,0.0,1.0,0.557,0.30387,0.557,0.30387,215.92771,0.125,0.270775999,SOVGUDZ12AB017E644,10.0,0.682,-5.771,0,0.682,211.632,0.564,0.14614,126.693,1.0,1.0,0,2007,eko fresh feat. ado,0
0.590473194,0.418989675,ARKBTPV1187FB38A79,32.51461,0,-93.74727,Faron Young,0.0,honky tonk,1.0,628277,0,0.0,0.0,0.175,0.08926,0.175,0.08926,159.79057,0.363,-1.0,SOBMAHU12AB017FA30,9.0,0.542,-23.907,1,0.369,156.044,0.175,0.08926,141.772,1.0,0.814,0,1986,faron young,0
0.46492901,0.358844043,AREN7YO1187B9A475C,0.0,0,0.0,Sandra Mihanovich,0.0,los angeles,0.841099323,216601,0,0.0,0.0,0.092,0.77818,0.448,0.28125,263.18322,0.0,-1.0,SOSSDRI12A8C13B97E,11.0,0.169,-13.328,0,0.278,256.401,0.343,0.28125,122.072,4.0,0.372,0,1994,sandra mihanovich,0
0.744007915,0.520049688,ARL635X1187B990092,0.0,0,0.0,Charlotte Gainsbourg,0.0,pop,1.0,705593,0,0.0,1.0,0.091,0.44949,0.615,0.44949,241.65832,0.0,0.859634684,SOSYGHA12AB0186AEC,1.0,0.655,-9.838,0,0.62,228.264,1.0,0.24775,150.256,4.0,0.0,0,2009,charlotte gainsbourg,0
0.449278965,0.317125719,ARJRIM91187FB3EF9A,0.0,0,0.0,Paul Avgerinos,0.0,chill-out,0.866401679,258463,0,0.0,0.0,0.159,1.06265,0.448,0.39253,324.51873,0.0,-1.0,SOADJAQ12A8C13F520,9.0,0.006,-18.208,1,0.39,311.943,0.181,0.17517,91.405,3.0,0.102,0,2004,paul avgerinos,0
0.827409365,0.576902281,AR11YQ81187FB3C654,0.0,0,0.0,Dixie Chicks,0.0,bluegrass,1.0,281472,0,0.0,1.0,0.025,0.06773,1.0,0.06773,296.30649,0.287,0.723904335,SOLVZZO12A8C130E19,2.0,0.588,-6.98,1,0.617,287.631,0.855,0.06773,103.863,4.0,0.896,0,1998,dixie chicks,0
0.544979448,0.366713432,AR4EVIX1187B993DE9,0.0,0,0.0,Alceu ValenASSa,0.0,brazilian pop music,1.0,513706,0,0.0,0.0,0.007,1.09816,0.384,0.60989,162.84689,0.0,-1.0,SOMQKIK12AB01824F5,0.0,0.537,-9.785,1,0.533,162.847,0.16,0.60989,121.988,4.0,0.954,0,1997,alceu valenassa,0
0.858270678,0.515325301,ARMB95F1187B9B5B93,40.8079,0,-73.9454,Cam'Ron,0.0,hip hop,0.999845667,93013,0,0.0,1.0,0.219,0.72835,0.474,0.0846,24.73751,0.0,-1.0,SOBEXVO12AB0180C53,7.0,0.062,-28.603,1,0.404,24.738,0.474,0.0846,215.0,3.0,1.0,0,2004,cam'ron,0
0.839297678,0.718891456,ARDVZTE1187FB5A0A1,0.0,0,0.0,Bon Jovi,0.0,rock,1.0,16711,0,0.0,1.0,0.438,1.92442,0.372,0.625,253.83138,0.212,0.627073796,SOCZUUF12A58A7BE8C,7.0,0.549,-6.083,1,0.628,245.232,0.839,0.30841,93.044,4.0,0.619,0,2005,bon jovi,0
0.594866646,0.382846902,ARE36MM1187B991E50,31.1689,0,-100.07715,Blind Lemon Jefferson,0.0,country blues,0.950349624,597464,0,0.0,1.0,0.065,0.85481,0.0,0.09874,185.41669,0.0,-1.0,SOITIZR12A8C13BA50,10.0,0.355,-19.308,0,0.263,181.226,0.295,0.09874,162.496,4.0,0.321,0,1927,blind lemon jefferson,0
0.588237862,0.387186147,ARPAL0H1187B990A8E,37.97615,0,23.73641,Nana Mouskouri,0.0,chanson,1.0,369221,0,0.0,3.0,0.199,0.7034,0.581,0.7034,175.12444,0.398,0.0,SOAGEUK12A8C137581,2.0,0.658,-11.778,1,0.685,166.29,0.556,0.4819,137.476,4.0,0.0,0,1997,nana mouskouri,0
0.533724477,0.370747684,ARHEQ501187FB4F898,0.0,0,0.0,Fruko Y Sus Tesos,0.0,salsa,1.0,236556,0,0.0,0.0,0.038,3.50864,0.684,0.67102,242.75546,0.223,-1.0,SOQUAKN12A8AE486C2,8.0,0.519,-8.588,1,0.553,237.621,0.522,0.10336,84.751,7.0,0.561,0,2000,fruko y sus tesos,0
0.575844757,0.426851853,AR6IJJ41187B98C872,26.30116,0,-98.1607,Bobby Pulido,0.0,tejano,1.0,158342,0,0.0,0.0,0.51,0.62768,0.51,0.62768,216.31955,0.264,0.262308997,SOTLKVX12A8C13BE9F,9.0,0.771,-8.88,1,0.66,206.669,1.0,0.31277,100.252,1.0,0.0,0,1999,bobby pulido,0
0.670615396,0.503151606,ARXPE571187FB4AFD0,0.0,0,0.0,Rickie Lee Jones,0.0,folk rock,0.989622403,113780,0,0.0,1.0,0.002,0.29406,0.0,0.29406,246.62159,0.0,0.602761783,SONWSOW12A8C13BC80,1.0,0.0,-14.071,0,0.204,226.337,0.0,0.29406,143.497,4.0,0.591,0,1979,rickie lee jones,0
0.470466866,0.378398547,AR6MIU31187B994603,0.0,0,0.0,Stefon Harris,0.0,hard bop,1.0,45508,0,0.0,0.0,0.576,0.46167,0.576,0.46167,538.27873,0.357,0.278459179,SOGUUTM12A58A7AAD9,1.0,0.669,-12.169,0,0.511,526.356,0.738,0.17029,70.875,1.0,0.0,0,2006,stefon harris,0
0.049036792,0.0,ARVESGN1187FB3E10C,0.0,0,0.0,Rauni Pekkala,0.0,finish,1.0,217222,0,0.0,0.0,0.052,5.4879,0.948,4.20697,162.14159,4.342,-1.0,SOBDGEJ12A8C13F71A,1.0,0.706,-9.812,1,0.359,159.161,0.423,4.04736,93.657,4.0,0.463,0,1994,rauni pekkala,0
0.648692286,0.393369406,ARLBNAC1187FB47151,0.0,0,0.0,Alex Gopher,0.0,deep house,0.968747323,422276,0,0.0,0.0,0.591,0.27735,0.834,0.27735,164.0224,0.197,0.38293509,SOKLDSG12AB0188032,4.0,0.0,-12.836,1,0.0,159.527,0.927,0.27735,80.012,4.0,0.931,0,2007,alex gopher,0
0.731590593,0.498563611,AR198711187B9AD09F,0.0,0,0.0,Simply Red,0.0,pop rock,0.999085472,335915,0,0.0,1.0,0.806,0.71331,0.871,0.71331,303.96036,0.0,0.721142987,SOGRXZY12A8C139043,2.0,0.647,-6.289,0,0.637,296.426,0.732,0.23077,93.975,4.0,0.609,0,1991,simply red,0
0.658731278,0.410541103,AR88F5X1187FB3EA17,36.16778,0,-86.77836,Loretta Lynn,0.0,honky tonk,1.0,145221,0,0.0,2.0,0.461,0.11385,0.886,0.11385,161.48853,0.363,0.270775999,SORKPES12A8C137BFA,8.0,0.965,-13.797,1,0.824,154.285,0.717,0.11385,79.181,3.0,1.0,0,1965,loretta lynn,0
0.607260129,0.403000799,ARUEYGC1187FB3D94B,41.88415,0,-87.63241,The Chi Lites,0.0,disco,1.0,363581,0,0.0,1.0,0.035,1.14074,0.745,0.31526,170.70975,0.0,-1.0,SOUDEWA12AB018532F,8.0,0.324,-9.957,1,0.417,163.138,0.411,0.31526,149.394,4.0,0.0,0,1974,the chi lites,0
0.564496972,0.363386415,AR1U3BY1187B9B136F,0.0,0,0.0,God Lives Underwater,0.0,industrial metal,1.0,500966,0,0.0,1.0,0.015,0.77588,0.027,0.42451,215.40526,0.0,0.561428518,SOPWHEV12AB017DC10,2.0,0.411,-5.66,1,0.406,207.975,0.949,0.25411,169.966,4.0,0.952,0,1995,god lives underwater,0
0.437599072,0.336419738,ARK0TRD1187FB3BDE5,51.45102,0,0.05102,Bob Hope,0.0,jump blues,0.913584854,378613,0,0.0,0.0,0.568,0.4274,0.568,0.4274,147.722,0.0,-1.0,SOGUTKT12A8C1442E4,8.0,0.237,-13.21,1,0.492,147.722,0.771,0.14322,133.325,1.0,0.817,0,2003,bob hope,0
0.601069052,0.359185993,ARSPQ0H1187B999944,54.97938,0,-1.54508,Eric Burdon,0.0,blues-rock,0.964911753,70808,0,0.0,1.0,0.227,0.95652,1.0,0.19873,262.97424,0.165,0.463489662,SOCORMS12A67AE124F,5.0,0.312,-8.737,1,0.152,256.935,1.0,0.19873,80.031,4.0,0.0,0,1988,eric burdon,0
0.649687615,0.455664786,ARUAOGE1187B9B3D50,0.0,0,0.0,Fake Problems,0.0,folk punk,0.895295297,381182,0,0.0,0.0,0.104,1.55554,0.878,0.41024,195.47383,0.061,0.661445223,SOYKZHI12A58A7BEE9,0.0,0.745,-7.246,1,0.667,187.588,1.0,0.11816,103.776,3.0,1.0,0,2009,fake problems,0
0.548672436,0.358500923,ARGDY4Y1187B9A334F,0.0,0,0.0,Pyranja,0.0,pop rap,0.839216463,714373,0,0.0,0.0,0.133,0.44543,0.771,0.44543,60.55138,0.102,0.215080319,SOHCGST12AB0185F64,11.0,0.046,-9.255,0,0.285,60.551,0.661,0.13362,96.264,3.0,0.934,0,2003,pyranja,0
0.672904134,0.524063333,AR3SPD91187B9B63E3,0.0,0,0.0,HA(c)roes del Silencio,0.0,hard rock,1.0,159226,0,0.0,1.0,0.013,2.04693,0.547,1.67062,198.89587,5.346,0.493887576,SORNYFV12AF729F4A0,4.0,0.654,-8.85,0,0.535,198.896,0.065,1.48294,159.483,4.0,0.0,0,1991,ha(c)roes del silencio,0
0.790695939,0.508177085,AR219DK1187FB4CEFC,0.0,0,0.0,ATB,0.0,progressive house,0.999874164,58666,0,0.0,1.0,0.211,0.1482,0.437,0.1482,349.04771,0.0,0.739737283,SOWPSXC12A6D4FB04D,0.0,0.28,-6.615,1,0.328,344.393,0.141,0.1482,136.967,4.0,0.0,0,2004,atb,0
0.582238344,0.449052575,AROCBZZ11E2835D652,0.0,0,0.0,Small Faces,0.0,rock 'n roll,0.944165938,823329,0,0.0,0.0,0.534,0.54715,0.534,0.54715,248.24118,0.0,0.0,SOWIAKP12AC3DFA050,9.0,0.036,-12.211,1,0.369,248.241,0.662,0.03804,77.09,1.0,0.619,0,1968,small faces,0
0.872933783,0.627467259,AR048JZ1187B9AEB85,30.33138,0,-81.6558,Yellowcard,0.0,rock,1.0,26414,0,0.0,0.0,0.069,1.39335,0.932,0.05499,208.79628,0.346,0.732428073,SOJDXQI12AF72A580E,7.0,0.456,-7.063,1,0.515,202.524,0.629,0.05499,89.896,4.0,0.352,0,2003,yellowcard,0
0.03863811,0.0,ARFAGIR1187B997EA1,0.0,0,0.0,Jeanie Lambe & The Danny Moss Quartet,0.0,hip hop,1.0,367892,0,0.0,0.0,0.192,2.98362,0.769,0.45368,204.61669,0.383,-1.0,SOFLQOA12AB0182976,10.0,0.559,-15.096,1,0.625,198.676,0.534,0.20837,67.6,4.0,0.75,0,1996,jeanie lambe & the danny moss quartet,0
0.548882424,0.386243701,ARNUIBF1187FB4A28F,0.0,0,0.0,Ray Lynch,0.0,space music,0.757859338,462166,0,0.0,0.0,0.0,0.4616,0.0,0.4616,250.22649,0.265,0.660381133,SOOBFRV12AB0184739,2.0,0.52,-21.45,1,0.664,232.112,0.079,0.25856,139.944,1.0,0.0,0,1984,ray lynch,0
0.646401653,0.423300013,ARJ438T1187B9AD503,0.0,0,0.0,Elvenking,0.0,folk metal,0.91249477,271147,0,0.0,0.0,0.347,0.6786,0.866,0.07754,357.45914,0.328,0.581011943,SOLFTTR12A6D4FDC9F,8.0,0.616,-5.492,1,0.593,355.051,0.517,0.07754,200.036,4.0,0.167,0,2006,elvenking,0
0.860033248,0.781412342,ARLGIX31187B9AE9A0,0.0,0,0.0,Jay-Z,0.0,gangster rap,0.957491126,565125,0,0.0,1.0,0.046,1.35476,0.773,0.20496,259.05587,0.165,-1.0,SOVCBOE12AB0183962,5.0,0.037,-4.73,1,0.308,246.399,1.0,0.20496,104.123,4.0,1.0,0,2003,jay-z,0
0.637995287,0.471441876,AR7U5BZ1187B997FFC,0.0,0,0.0,Keep Of Kalessin,0.0,black metal,1.0,586353,0,0.0,1.0,0.942,0.14874,0.942,0.14874,270.21016,0.102,0.570115086,SOBZUCH12A8C13DCA0,8.0,0.043,-5.958,0,0.256,264.98,0.236,0.14874,229.864,1.0,0.0,0,2008,keep of kalessin,0
0.52114352,0.394440294,ARUL0VB1187B9A01AA,64.95014,0,26.06739,Cadacross,0.0,folk metal,1.0,89152,0,0.0,1.0,0.024,0.9074,0.877,0.32055,217.93914,0.107,0.600274216,SOOABJR12A58A779B0,4.0,0.794,-4.384,0,0.576,212.683,0.0,0.02713,92.608,4.0,0.0,0,2002,cadacross,0
0.717670525,0.479308459,ARS1OWB1187B99EEAD,0.0,0,0.0,The New York Dolls,0.0,glam rock,0.998786077,767858,0,0.0,1.0,0.7,1.59322,0.176,0.82555,234.84036,3.123,-1.0,SOVZKIS12AF72A0A93,0.0,0.413,-5.771,1,0.515,224.258,0.372,0.30347,84.058,4.0,0.009,0,1973,the new york dolls,0
0.554851898,0.386861225,ARYQQY31187B9ABBE1,0.0,0,0.0,BerrogA1/4etto,0.0,gaita,0.901281454,791245,0,0.0,1.0,0.904,1.66905,0.323,0.35963,242.62485,0.0,0.0,SOGMYFZ12AC468ACED,2.0,0.781,-8.765,1,0.764,237.575,0.548,0.35963,99.546,4.0,0.231,0,2000,berroga1/4etto,0
0.844039532,0.524378988,ARUSOMY1187FB4D3B4,0.0,0,0.0,Anti-Flag,0.0,oi,0.999917452,215773,0,0.0,4.0,0.335,0.32803,0.335,0.32803,299.80689,0.113,0.626908585,SOBMWTE12A8C13C2AF,10.0,0.326,-6.247,0,0.478,295.683,0.3,0.16416,178.804,1.0,0.268,0,2008,anti-flag,0
0.685221935,0.426035662,AR18SS11187FB4852B,0.0,0,0.0,Dope Stars Inc.,0.0,nu metal,0.96652348,288245,0,0.0,1.0,0.073,0.16822,0.988,0.16822,233.22077,0.136,0.533370878,SOXPAGL12A8C13792D,11.0,0.362,-4.741,0,0.434,212.759,0.621,0.16822,154.998,4.0,0.869,0,2006,dope stars inc.,0
0.670642844,0.42677782,ARXHFWE1187FB410A9,34.20034,0,-119.18044,Oh No,0.0,hip hop,1.0,674068,0,0.0,0.0,0.06,0.87818,0.698,0.10578,110.57587,0.0,0.505487343,SOEAASN12A58A7932D,3.0,0.582,-7.1,1,0.471,105.471,0.0,0.10578,128.116,3.0,1.0,0,2009,oh no,0
0.839297678,0.718891456,ARDVZTE1187FB5A0A1,0.0,0,0.0,Bon Jovi,0.0,rock,1.0,814897,0,0.0,1.0,0.125,1.08988,0.72,0.41727,432.97914,2.09,-1.0,SOFZXTF12AB018D64B,8.0,0.495,-7.984,1,0.612,420.705,0.28,0.41727,91.775,3.0,0.727,0,1995,bon jovi,0
0.773736294,0.524467224,ARZXLZD11E2835CEA7,0.0,0,0.0,Jason Michael Carroll,0.0,country rock,0.970200937,310772,0,0.0,0.0,0.006,1.92114,0.704,0.53485,229.8771,0.136,0.490904201,SONMZBU12A58A7D2D3,2.0,0.465,-3.662,1,0.479,219.347,0.516,0.18611,87.712,4.0,0.618,0,2007,jason michael carroll,0
0.606769573,0.47079025,ARZ8KO81187B9B1B7C,0.0,0,0.0,Burt Bacharach,0.0,brill building pop,0.989446026,15426,0,0.0,1.0,0.312,0.6697,0.775,0.1519,175.882,0.253,-1.0,SOTMGME12AB017F79B,7.0,0.574,-13.04,1,0.503,167.822,0.0,0.1519,115.756,3.0,0.592,0,1967,burt bacharach,0
0.679519208,0.491828704,ARBM57Q1187B9AF97C,34.05349,0,-118.24532,James Horner,0.0,rock,1.0,291752,0,0.0,2.0,0.003,1.38569,0.611,0.741,231.57506,0.636,0.401502463,SOKGPRX12A8C138268,2.0,0.699,-30.387,0,0.747,213.188,0.272,0.57942,186.138,4.0,1.0,0,2003,james horner,0
0.236105041,0.19936897,ARUI2ZJ1187FB3ACA5,0.0,0,0.0,Mario Telles,0.0,samba,0.996377396,280752,0,0.0,0.0,0.041,1.27465,0.149,0.59525,212.13995,0.183,-1.0,SOKPBBP12A8AE49419,2.0,0.854,-9.989,1,0.567,207.482,0.863,0.24147,97.34,4.0,0.0,0,1962,mario telles,0
0.934935267,0.787005469,ARKSZW81187B9B695D,40.71455,0,-74.00712,Mariah Carey,0.0,dance pop,1.0,521308,0,0.0,1.0,0.063,0.30438,0.72,0.30438,236.5122,0.0,-1.0,SOXQZOE12A8C137367,0.0,0.499,-9.308,0,0.483,232.391,0.793,0.03907,111.755,4.0,0.276,0,1990,mariah carey,0
0.589995162,0.307711679,ARUAKAN1187FB48204,39.2794,0,-74.57555,Walter Trout,0.0,blues-rock,1.0,653775,0,0.0,0.0,0.021,1.04615,0.0,0.07585,100.23138,0.206,-1.0,SOGMPPO12AB0185916,4.0,0.379,-15.83,0,0.473,96.99,0.132,0.07585,128.666,3.0,0.698,0,1992,walter trout,0
0.43148852,0.324368871,AR4BJFD1187FB43082,0.0,0,0.0,Django AsA1/4l,0.0,german,1.0,303611,0,0.0,0.0,0.065,0.37246,0.065,0.37246,182.04689,0.0,-1.0,SOWWAKW12A8C13B507,5.0,0.0,-14.194,0,0.041,182.047,0.0,0.11409,115.024,1.0,0.0,0,2004,django asa1/4l,0
0.776598968,0.490079584,AR0IVSA1187FB4F069,40.71455,0,-74.00712,Helmet,0.0,rapcore,0.947907239,345062,0,0.0,1.0,0.247,1.3276,0.8,0.44044,257.54077,0.162,-1.0,SOJMQQX12AB0185046,6.0,0.445,-5.775,0,0.513,249.382,0.773,0.21026,144.974,4.0,0.258,0,1992,helmet,0
0.630928608,0.461558452,AR5MK521187B98E0B8,51.50632,0,-0.12714,Heaven 17,0.0,new romantic,0.832842044,203711,0,0.0,2.0,0.048,1.10473,0.735,0.2157,354.19383,0.177,0.215080319,SOSZAQZ12A8C139FD8,11.0,0.304,-12.183,0,0.347,340.927,0.682,0.2157,135.57,4.0,0.497,0,2009,heaven 17,0
0.539311728,0.343752897,ARWXIVG1187B9B17C5,0.0,0,0.0,Mr Lab!,0.0,chill-out,1.0,262798,0,0.0,0.0,0.138,0.09611,0.746,0.09611,285.17832,0.0,-1.0,SOOJZFE12A8C136655,7.0,0.168,-8.885,1,0.472,272.446,0.493,0.09611,120.099,4.0,1.0,0,2008,mr lab!,0
0.500510256,0.414783863,ARWIN9D1187B98E544,0.0,0,0.0,Jason & The Scorchers,0.0,country rock,0.996702165,233801,0,0.0,0.0,0.008,0.84427,0.609,0.18763,172.25098,0.135,-1.0,SOMXUFQ12AF72A0646,7.0,0.708,-5.015,1,0.625,172.251,1.0,0.18763,184.884,4.0,0.0,0,1983,jason & the scorchers,0
0.548185196,0.361105938,AR8TLVX1187B9B2D7D,0.0,0,0.0,Mithotyn,0.0,viking metal,0.999042667,619765,0,0.0,0.0,0.375,0.70829,0.637,0.70829,313.36444,0.282,0.482137585,SOWAJLH12AB017C2EC,2.0,0.569,-3.944,0,0.506,310.34,1.0,0.34544,88.336,4.0,0.312,0,1998,mithotyn,0
0.902062927,0.554633231,ARPFHN61187FB575F6,41.88415,0,-87.63241,Lupe Fiasco feat. GemStones and Graham Burris,0.0,hip hop,1.0,600391,0,0.0,1.0,0.253,1.27255,0.702,0.57222,211.69587,2.009,-1.0,SOIYEXL12AC9074DD1,5.0,0.406,-5.971,1,0.446,205.781,0.177,0.57222,88.096,5.0,0.335,0,2007,lupe fiasco feat. gemstones and graham burris,0
0.469018735,0.333432327,ARKX0IK1187FB44DE9,0.0,0,0.0,DCX,0.0,hard trance,0.879668713,143776,0,0.0,0.0,1.0,0.50385,1.0,0.50385,193.72363,0.34,0.334706549,SOFKJVX12A8C134B03,8.0,0.4,-5.548,1,0.359,182.892,0.509,0.50385,135.045,1.0,0.0,0,2008,dcx,0
0.424223135,0.344959866,ARGK3QC1187B9B351A,0.0,0,0.0,Creedence Clearwater Revisited,0.0,country rock,1.0,437125,0,0.0,0.0,0.139,0.86986,0.875,0.37537,203.7024,0.0,0.400039657,SOHJEIX12AB017F997,7.0,0.038,-6.548,1,0.435,203.702,0.413,0.37537,123.522,4.0,1.0,0,1998,creedence clearwater revisited,0
0.588571842,0.360644227,AR00MBZ1187B9B5DB1,29.95244,0,-90.05202,Memphis Minnie,0.0,country blues,0.955634406,432729,0,0.0,0.0,0.751,1.76227,0.952,0.63514,166.66077,0.316,-1.0,SOMEEAR12AAF3B3F86,11.0,0.02,-17.053,1,0.393,161.321,0.88,0.35352,112.625,4.0,0.06,0,1995,memphis minnie,0
0.410145992,0.310309149,AROQ9OT1187B99E88D,0.0,0,0.0,Kekele,0.0,soukous,1.0,680588,0,0.0,1.0,0.058,0.17974,0.892,0.17974,306.96444,0.374,-1.0,SOJEWQG12AB018BD74,2.0,0.454,-5.713,1,0.639,299.474,0.966,0.17974,86.658,5.0,0.747,0,2005,kekele,0
0.325700771,0.373832894,ARHNMEZ11F50C4706C,35.83073,0,-85.97874,Karen Peck And New River,0.0,country gospel,1.0,74893,0,0.0,0.0,0.005,1.76372,0.842,0.34754,280.5024,0.161,-1.0,SOOCIQX12A6D4F92D3,11.0,0.653,-13.844,1,0.739,269.172,0.0,0.34754,76.716,4.0,0.866,0,2000,karen peck and new river,0
0.491238422,0.34866477,ARHCRIW122988F9BA6,0.0,0,0.0,Leslie Mendelson,0.0,folk-pop,1.0,569662,0,0.0,0.0,0.868,0.03189,0.868,0.03189,206.52363,0.282,0.621568232,SOCOTGR12AB01869CF,0.0,0.777,-10.599,1,0.687,198.682,1.0,0.03189,106.499,1.0,0.33,0,2009,leslie mendelson,0
0.770040695,0.543681107,AR4WHYC1187B9896E7,0.0,0,0.0,A Tribe Called Quest,0.0,jazz rap,0.921020858,280531,0,0.0,1.0,0.014,0.13434,0.819,0.13434,166.86975,0.102,0.818941494,SOFCKEK12A8AE46966,8.0,0.28,-9.309,0,0.354,164.281,1.0,0.13434,94.971,4.0,0.584,0,1998,a tribe called quest,0
0.505074303,0.333723343,ARAOPEF1187B995099,32.61518,0,-93.286,Percy Mayfield,0.0,jump blues,0.956411402,356623,0,0.0,0.0,0.189,0.71309,0.588,0.71309,173.50485,0.0,-1.0,SOEXULP12AB0186514,0.0,0.529,-16.472,1,0.58,168.681,0.374,0.43679,93.707,3.0,0.976,0,1950,percy mayfield,0
0.838924311,0.607792752,AR1ABAO1187FB531E1,42.33168,0,-83.04792,Alice Cooper,0.0,shock rock,0.924687772,521763,0,0.0,2.0,0.489,0.05892,0.489,0.05892,197.90322,0.0,0.639564766,SOTJZBJ12A8C143A71,6.0,0.737,-5.431,1,0.614,197.903,0.426,0.05892,119.744,1.0,0.754,0,1971,alice cooper,0
0.643016666,0.461517205,ARVJVFF1187B9B40D6,40.7174,0,-74.04323,Al Di Meola,0.0,latin jazz,0.929507055,425558,0,0.0,0.0,0.39,0.41668,0.39,0.41668,114.07628,0.0,0.489038209,SOKWNWI12A8C13383F,9.0,0.739,-13.347,1,0.72,104.96,0.986,0.41668,75.11,1.0,0.0,0,1980,al di meola,0
0.540037749,0.360053307,AR1N6N61187FB4E25E,23.0833,0,-82.4167,Mongo Santamaria,0.0,latin jazz,1.0,391906,0,0.0,0.0,0.128,0.9815,0.017,0.51532,428.06812,0.0,-1.0,SOPQKMQ12AB017AF79,5.0,0.704,-5.827,1,0.588,428.068,0.305,0.28681,131.971,4.0,0.31,0,1963,mongo santamaria,0
0.589694605,0.383863704,AR21YNH1187FB49649,51.50632,0,-0.12714,Ms. Dynamite / Kymani Marley,0.0,grime,0.921561762,13924,0,0.0,1.0,0.05,0.69931,1.0,0.0328,202.21342,0.178,0.585979766,SOAOXTG12A67021AA7,7.0,0.756,-11.224,1,0.525,195.286,1.0,0.0328,89.996,4.0,0.743,0,2002,ms. dynamite / kymani marley,0
0.701118744,0.415441656,ARWQ3M31187FB4CF01,33.74831,0,-84.39111,ARRESTED DEVELOPMENT,0.0,hip hop,1.0,24261,0,0.0,1.0,0.355,0.32982,0.144,0.32982,273.84118,32.972,0.239629098,SOKELFE12A6D4F7911,11.0,0.068,-16.963,1,0.468,259.617,0.058,0.32982,87.581,4.0,0.727,0,1993,arrested development,0
0.450053568,0.395352793,AR9YI7H1187B9960E3,0.0,0,0.0,Dobet GnahorA(c),0.0,blues-rock,0.93696032,338607,0,0.0,0.0,0.001,0.74004,1.0,0.16696,274.54649,0.086,0.525497119,SOYWXIK12AB017C22B,2.0,0.628,-9.213,1,0.728,269.735,0.591,0.16696,103.997,4.0,0.973,0,1997,dobet gnahora(c),0
0.582129295,0.439880513,ARGNZOL1187FB5CE7C,37.27188,0,-119.27023,Fernando Ortega,0.0,ccm,1.0,6957,0,0.0,0.0,0.401,0.56603,0.0,0.56603,131.10812,2.711,0.375984302,SOBMYJF12A8C141AD2,2.0,0.855,-15.001,1,0.768,116.576,0.0,0.23572,91.523,4.0,0.537,0,1997,fernando ortega,0
0.709010525,0.553566172,ARV8T9T1187B99F3F4,0.0,0,0.0,Amorphis,0.0,progressive metal,0.944224483,238205,0,0.0,1.0,0.78,0.64274,0.0,0.10433,225.41016,0.0,0.786169126,SOBARGP12A58A7B1D9,8.0,0.332,-9.531,0,0.469,219.858,0.822,0.10433,130.677,4.0,0.0,0,1994,amorphis,0
0.81195304,0.578993549,ARWA6NT1187FB3F15C,51.11655,0,-0.18703,The Cure,0.0,new wave,0.952578423,14231,0,0.0,4.0,0.478,0.06455,0.478,0.06455,209.60608,0.0,-1.0,SOBLUQR12A67021450,2.0,0.506,-14.613,1,0.533,209.606,0.205,0.06455,165.303,1.0,0.0,0,1981,the cure,0
0.448318719,0.356612934,ARYTJPJ1187FB4ABCC,45.51228,0,-73.55439,Cliff Edwards/Disney Studio Chorus,0.0,vocal jazz,0.967995329,151155,0,0.0,0.0,0.25,0.80336,0.108,0.16656,193.67138,2.844,-1.0,SOEKGLO12A8C1363DE,4.0,0.631,-8.615,1,0.562,188.488,0.108,0.16656,98.752,3.0,0.949,0,1991,cliff edwards/disney studio chorus,0
0.503523667,0.355515927,ARQXM2T1187B98FF32,34.27798,0,-87.82828,Sonny James,0.0,country blues,0.986894914,53279,0,0.0,0.0,0.02,0.0945,0.585,0.0945,146.02404,0.462,0.623037476,SOZLSBK12A6D4F87B8,0.0,0.63,-15.911,1,0.597,135.372,0.409,0.0945,144.538,4.0,0.903,0,1967,sonny james,0
0.620027189,0.440370731,AR7NNKG1187FB4AA1C,0.0,0,0.0,Charly GarcAa,0.0,pop rock,0.980514633,29458,0,0.0,0.0,0.003,1.34384,0.738,0.04194,223.05914,0.0,0.483977246,SOPEGIG12A6D4F8CAB,2.0,0.423,-7.383,1,0.637,223.059,0.545,0.04194,93.011,4.0,0.104,0,2003,charly garcaa,0
0.618296844,0.37537482,ARA82JG1187FB36131,40.76596,0,-95.3756,Charlie Haden,0.0,free jazz,0.925815466,55270,0,0.0,1.0,0.071,0.47211,0.657,0.47211,292.17914,2.316,0.265861049,SOXHKRT12A6D4F89C8,7.0,0.367,-24.22,1,0.288,283.597,0.122,0.47211,141.229,4.0,0.06,0,2002,charlie haden,0
0.380341154,0.0,AR1XZ0N1187B9941D5,35.6731,0,-89.57334,Noah Lewis,0.0,ghetto tech,0.869420003,568713,0,0.0,0.0,0.064,1.50745,0.88,0.50867,169.74322,0.43,-1.0,SOYBNOK12AB018B3C3,7.0,0.056,-26.469,1,0.049,163.027,0.386,0.50867,119.187,4.0,0.039,0,2002,noah lewis,0
0.749217793,0.544321915,ARNHMFD1187FB3B3F6,40.72023,0,-73.24922,LL Cool J,0.0,hip hop,0.999864225,1543,0,0.0,1.0,0.018,1.67152,0.794,0.46854,270.10567,0.124,-1.0,SOBQRZJ12A6310E1F8,10.0,0.006,-7.553,1,0.33,257.701,1.0,0.16746,99.914,4.0,1.0,0,2004,ll cool j,0
0.786427083,0.512226738,AR035N21187FB3938E,34.23294,0,-102.4102,BT,0.0,electronica,0.999989369,64190,0,0.0,2.0,0.247,0.09858,0.709,0.09858,94.9024,2.345,0.327736683,SOOTFBM12A6D4FCD69,2.0,0.0,-19.345,1,0.0,94.902,0.193,0.09858,148.653,5.0,0.216,0,2005,bt,0
0.64444361,0.443547553,AR3KGPQ1187FB53C84,34.05349,0,-118.24532,L7,0.0,grunge,1.0,662161,0,0.0,1.0,1.0,0.55609,1.0,0.55609,198.76526,0.218,0.548678056,SOIUTCL12AB0188849,7.0,0.635,-8.234,1,0.524,196.4,1.0,0.26486,104.101,1.0,0.067,0,1994,l7,0
0.670615396,0.503151606,ARXPE571187FB4AFD0,0.0,0,0.0,Rickie Lee Jones,0.0,folk rock,0.989622403,143092,0,0.0,1.0,0.0,0.78033,0.0,0.78033,291.97016,0.45,0.487492443,SOLDRGH12A8C131F5D,8.0,0.265,-25.342,1,0.394,283.562,0.585,0.13377,64.011,1.0,0.394,0,1991,rickie lee jones,0
0.840651579,0.582205564,ARR1R5V1187FB4D234,0.0,0,0.0,The All American Rejects,0.0,emo,0.943967974,143872,0,0.0,1.0,0.008,0.50077,0.978,0.08977,185.99138,0.241,0.572593045,SODRQHM12A8C1343AD,9.0,0.69,-9.168,1,0.61,180.599,0.925,0.08977,146.053,4.0,0.035,0,2007,the all american rejects,0
0.836039353,0.58703963,ARWX5TK1187FB4CDBE,52.88356,0,-1.97406,The Who,0.0,british invasion,0.926756167,407484,0,0.0,3.0,1.0,0.20076,1.0,0.20076,167.44444,0.138,-1.0,SOCPHKW12AB0182D36,2.0,0.39,-7.703,0,0.519,163.289,0.716,0.20076,120.928,1.0,0.0,0,2009,the who,0
0.655483478,0.445216987,ARXGASQ1187FB3C727,0.0,0,0.0,Camp Lo,0.0,pop rap,0.964222633,296957,0,0.0,1.0,0.342,0.95724,0.76,0.30942,227.65669,0.229,-1.0,SOKAVIC12AF72A4556,9.0,0.481,-13.239,1,0.394,207.964,0.312,0.14606,93.728,4.0,1.0,0,1997,camp lo,0
0.520757635,0.404566538,ARG4KW31187FB51B7C,0.0,0,0.0,Atomic Rooster,0.0,hard rock,1.0,787727,0,0.0,1.0,0.01,0.26399,0.89,0.26399,158.77179,0.119,-1.0,SOONBLX12AC468AA6B,5.0,0.755,-9.217,1,0.636,154.982,0.0,0.26399,111.261,4.0,0.759,0,1972,atomic rooster,0
0.77149215,0.517342286,AR7N7MI1187FB46935,7.37884,0,3.89527,Sade,0.0,quiet storm,0.999829257,278832,0,0.0,1.0,0.294,1.85676,0.0,1.08999,271.98649,0.0,-1.0,SOHUEFC12A8AE4827A,10.0,0.303,-8.183,0,0.402,271.986,0.178,0.62978,80.292,3.0,0.402,0,1988,sade,0
0.840963901,0.595069407,ARNDL191187FB51583,0.0,0,0.0,Jimi Hendrix,0.0,blues-rock,0.924265781,669655,0,0.0,3.0,0.146,0.48885,0.6,0.48885,469.60281,0.218,-1.0,SODYMIJ12AB018C2D5,0.0,0.151,-13.615,0,0.209,453.486,0.53,0.25868,86.992,3.0,0.699,0,1975,jimi hendrix,0
0.597281478,0.39846996,AR5GMAV1187FB3A8F5,34.05349,0,-118.24532,Chris Clark,0.0,motown,0.974779853,8476,0,0.0,1.0,0.074,0.13975,0.966,0.13975,192.65261,0.212,0.239629098,SOAIGNB12A67020200,10.0,0.253,-13.781,0,0.397,188.726,0.265,0.13975,160.011,4.0,0.656,0,1967,chris clark,0
0.55746022,0.386151631,AREJXK41187B9A4ACC,46.71067,0,1.71819,RaphaA<<l,0.0,chanson,0.910697616,63249,0,0.0,0.0,1.0,0.77529,1.0,0.77529,234.39628,0.0,0.0,SOAEXGD12A6D4FB738,7.0,0.138,-6.373,1,0.394,230.557,0.995,0.4763,99.75,1.0,0.0,0,2007,raphaa<<l,0
0.760270106,0.496071347,ARGXIE31187FB55B48,0.0,0,0.0,Tech N9ne,0.0,gangster rap,0.91857052,585522,0,0.0,0.0,0.004,0.51869,0.583,0.19648,90.14812,0.0,-1.0,SOLOEUN12AC95F02CE,5.0,0.325,-23.923,0,0.438,90.148,0.583,0.19648,191.383,4.0,0.637,0,2008,tech n9ne,0
0.785120149,0.562881125,ARUF32D1187B9B157E,0.0,0,0.0,Soilwork,0.0,death metal,1.0,180743,0,0.0,2.0,0.037,0.89779,0.663,0.36944,258.16771,0.589,-1.0,SOUGZRZ12A81C21052,11.0,0.528,-3.282,0,0.619,253.376,0.526,0.10361,113.957,3.0,0.819,0,2007,soilwork,0
0.596764437,0.492187901,ARYRDLN12592CDBB85,0.0,0,0.0,V V Brown,0.0,neo soul,0.959446009,391819,0,0.0,1.0,0.089,1.87231,0.0,0.0731,203.31057,0.63,0.747654675,SOUWYFC12AB0181DAD,2.0,0.382,-6.452,0,0.381,199.053,0.844,0.0731,100.009,5.0,0.528,0,2009,v v brown,0
0.592797346,0.453629718,AR20BO61187B9B880E,36.83264,0,-76.29771,Patton Oswalt,0.0,parody,0.957967227,112261,0,0.0,0.0,0.0,0.065,0.0,0.065,338.05016,0.0,0.618047726,SOGQWZF12A8C13DDDD,1.0,0.356,-12.769,1,0.346,333.369,0.771,0.065,71.031,1.0,0.476,0,2007,patton oswalt,0
0.713322147,0.473613189,AR6CLFP1187B9ACB94,0.0,0,0.0,Daniel Johnston,0.0,power pop,0.987541562,653639,0,0.0,1.0,0.007,0.70126,0.737,0.23294,153.33832,0.0,0.646151234,SOLXJIL12AB01889FA,0.0,1.0,-8.208,1,0.845,145.467,0.681,0.07736,128.022,4.0,0.431,0,2009,daniel johnston,0
0.851073009,0.590449277,AROBHK51187B9AD82B,0.0,0,0.0,Funeral For A Friend,0.0,post-hardcore,0.999214993,16694,0,0.0,1.0,0.04,0.94067,0.628,0.94067,217.49506,4.18,0.0,SOLQRVZ12A67ADAD17,3.0,0.0,-3.624,0,0.22,214.198,0.162,0.94067,190.116,4.0,0.0,0,2005,funeral for a friend,0
0.56952416,0.381467815,AR72Q9R1187B98A664,0.0,0,0.0,Hatiras,0.0,tech house,0.935335903,323827,0,0.0,1.0,0.0,1.43423,0.0,0.50916,295.3922,0.0,0.583116495,SOPRWZO12AAF3B45DB,1.0,0.549,-5.113,1,0.421,295.392,0.658,0.27071,130.017,4.0,0.108,0,2001,hatiras,0
0.840432467,0.64298222,ARW1MUW1187FB4D5A1,0.0,0,0.0,3 Doors Down,0.0,post-grunge,0.919399761,274648,0,0.0,1.0,0.467,1.28654,0.0,0.48531,188.65587,0.0,0.574693297,SOSHGBG12A8151BD89,0.0,0.531,-4.706,0,0.406,185.469,0.702,0.285,150.077,4.0,1.0,0,2008,3 doors down,0
0.919517092,0.54794043,AR7Q0O91187FB4DBE7,0.0,0,0.0,Plies featuring Tank,0.0,gangster rap,0.999941694,115988,0,0.0,1.0,0.386,1.46725,0.294,0.68836,218.04363,3.129,0.466304831,SOFKEDR12A8C13D381,9.0,0.657,-5.672,0,0.596,211.998,0.0,0.23078,73.178,4.0,0.2,0,2007,plies featuring tank,0
0.527279843,0.320660017,AR163QH1187FB42E0D,0.0,0,0.0,Terry Dexter,0.0,pop rap,0.984702502,587868,0,0.0,0.0,0.437,0.35371,0.884,0.35371,281.86077,0.154,0.0,SODHUER12AB018859B,1.0,0.846,-8.489,1,0.732,270.06,0.246,0.05849,100.98,4.0,1.0,0,2008,terry dexter,0
0.683771102,0.513300123,AR3USQW1187FB4A90D,0.0,0,0.0,Bebo Norman,0.0,ccm,1.0,316619,0,0.0,1.0,0.004,0.70092,0.925,0.07625,213.4722,0.241,-1.0,SOAVNNL12A8C145B33,5.0,0.574,-6.291,1,0.536,201.654,0.0,0.07625,96.091,4.0,0.252,0,2008,bebo norman,0
0.809323793,0.488019842,ARPQ4Z01187FB3A736,29.42449,0,-98.49462,Butthole Surfers,0.0,noise rock,1.0,24135,0,0.0,1.0,0.09,2.4527,0.565,0.47431,126.64118,0.467,0.669413098,SOAPIHC12A6D4F5FD5,1.0,0.429,-9.423,1,0.443,113.615,0.272,0.1443,122.47,5.0,0.147,0,1993,butthole surfers,0
0.579135433,0.435239237,ARZ8MVL1187FB41D17,35.85683,780,129.2459,Shout Out Out Out Out,0.0,alternative dance,1.0,571646,0,0.0,0.0,0.039,0.50459,1.0,0.50459,233.9522,0.0,0.0,SOFIUCS12AB01896AD,5.0,0.313,-7.571,1,0.355,228.357,1.0,0.25493,120.006,4.0,1.0,0,2009,shout out out out out,0
0.433194639,0.295549703,AROP23Q1187B992697,0.0,0,0.0,George Faith,0.0,reggae,1.0,14980,0,0.0,0.0,0.034,0.042,1.0,0.042,277.08036,0.247,-1.0,SOTQOSY12A67021C2D,11.0,0.833,-14.237,0,0.552,269.613,0.438,0.042,119.866,4.0,0.0,0,1996,george faith,0
0.673238691,0.479204558,AR87K371187FB5AA8E,0.0,0,0.0,Uriah Heep,0.0,heavy metal,0.988033491,346279,0,0.0,5.0,0.15,4.05182,0.582,3.19704,243.98322,5.445,0.299877488,SOCYVUM12AB01822C0,2.0,0.581,-7.977,1,0.49,227.753,0.057,2.99158,141.118,4.0,0.456,0,2006,uriah heep,0
0.411243889,0.336816923,AR90QN41187B9ABCD2,0.0,0,0.0,TRAM 11,0.0,hip hop,1.0,719131,0,0.0,0.0,0.022,0.54574,0.728,0.54574,303.04608,0.0,-1.0,SOMMCPU12AB018AA2C,9.0,0.091,-7.212,1,0.271,285.646,0.368,0.21226,90.02,4.0,0.743,0,2000,tram 11,0
0.672680593,0.476389109,ARGBR4I1187B99D073,47.60356,0,-122.32944,Mudhoney,0.0,grunge,1.0,632110,0,0.0,1.0,0.831,1.90907,0.385,0.44132,166.32118,0.0,0.637311276,SOFYIDZ12AB0180A2B,6.0,0.303,-5.13,0,0.337,158.662,0.583,0.06857,81.419,4.0,0.025,0,1991,mudhoney,0
0.748104672,0.545975531,ART4EPR1187FB38772,52.0953,0,1.31388,Eno,0.0,electronic,1.0,618328,0,0.0,3.0,0.029,0.93489,0.974,0.42328,316.99546,0.305,0.304169503,SOXZMDS12A8C1354C7,8.0,0.618,-9.645,1,0.544,313.197,0.565,0.17003,121.966,4.0,0.0,0,1973,eno,0
0.485855596,0.362960597,AR9LT7R1187FB4543A,30.16602,0,-96.39998,Darden Smith,0.0,blues-rock,1.0,228440,0,0.0,1.0,0.13,1.15902,0.491,0.6298,234.73587,3.466,0.249065795,SOAXEJI12A6D4FCE3E,0.0,0.166,-14.18,1,0.463,219.893,0.049,0.6298,120.049,4.0,0.455,0,2004,darden smith,0
0.578808327,0.386266837,ARQ0TN01187FB4A19E,0.0,0,0.0,Future Leaders of the World,0.0,post-grunge,0.999977979,292290,0,0.0,0.0,0.034,0.10366,1.0,0.10366,249.67791,0.311,-1.0,SOXTICT12A8C136043,8.0,0.625,-4.177,1,0.472,238.986,0.863,0.10366,120.638,4.0,0.848,0,2004,future leaders of the world,0
0.644519692,0.405618982,ARQDWBG1187B9891D7,0.0,0,0.0,Zeromancer,0.0,industrial rock,0.855788212,757194,0,0.0,1.0,0.082,0.73076,0.221,0.28876,207.17669,0.0,0.764116981,SOZEFPO12AB0184AEC,4.0,0.677,-6.236,0,0.733,197.573,0.525,0.06668,117.027,4.0,0.859,0,2010,zeromancer,0
0.751629597,0.550212562,AR9AWNF1187B9AB0B4,0.0,0,0.0,Kenny G,0.0,instrumental pop,0.97940879,299899,0,0.0,1.0,0.006,1.07028,1.0,0.07004,255.7122,0.264,0.583552099,SOSYKKS12A8C1388DF,0.0,0.439,-17.569,1,0.534,242.898,0.469,0.07004,117.661,4.0,1.0,0,1983,kenny g,0
0.438213094,0.325018376,AR553M51187B98BCE7,50.44801,0,-104.59518,Renee Rosnes,0.0,hard bop,1.0,24807,0,0.0,0.0,0.892,0.31578,0.892,0.31578,320.522,0.27,0.0,SOGPTOQ12A6D4F7FCC,7.0,0.786,-20.343,1,0.431,283.086,0.716,0.31578,108.234,1.0,0.0,0,2000,renee rosnes,0
0.821697317,0.601729756,ARXSABJ1187FB3C336,0.0,0,0.0,Deftones,0.0,rap metal,0.948416824,65696,0,0.0,2.0,0.077,1.20238,0.029,0.62727,237.73995,0.0,0.690473539,SOCKUUJ12A6D4FA41C,1.0,0.4,-3.59,1,0.405,237.74,0.408,0.19302,102.724,4.0,0.815,0,1997,deftones,0
0.75504135,0.458592025,ARE0OLY1187B9AD19F,40.79263,0,-73.80817,Jesse Malin,0.0,urban folk,0.849336217,313577,0,0.0,1.0,0.619,0.19818,0.619,0.19818,147.85261,0.154,-1.0,SORHBPD12A8C1434B6,2.0,0.466,-10.554,1,0.541,137.392,0.563,0.19818,133.404,1.0,0.0,0,2004,jesse malin,0
0.839297678,0.718891456,ARDVZTE1187FB5A0A1,0.0,0,0.0,Bon Jovi,0.0,rock,1.0,16734,0,0.0,1.0,0.346,1.29542,0.542,0.45043,314.20036,0.322,-1.0,SOJBLJQ12A67ADAF0F,3.0,0.533,-5.567,1,0.591,307.891,0.24,0.45043,142.141,4.0,0.0,0,2004,bon jovi,0
0.691850737,0.467885511,ARFNJ4O1187B9A204B,52.47859,0,-1.9086,Broadcast,0.0,dream pop,0.961938144,533388,0,0.0,1.0,0.162,0.96638,0.265,0.46412,163.91791,0.189,0.551921515,SODVPYI12AB017B0D2,11.0,0.86,-6.028,0,0.695,153.884,0.774,0.21299,119.2,4.0,0.803,0,2000,broadcast,0
0.679654239,0.380756416,ARXG6L11187FB5695E,52.47859,0,-1.9086,SWAMI featuring Ishmael Morabe,0.0,downtempo,1.0,650697,0,0.0,1.0,0.088,0.7612,0.639,0.08373,275.90485,0.16,-1.0,SONUHEM12AB01899D0,5.0,0.748,-3.285,0,0.856,271.981,0.239,0.08373,93.225,3.0,1.0,0,2007,swami featuring ishmael morabe,0
0.872536599,0.611117503,AR12F2S1187FB56EEF,0.0,0,0.0,Aerosmith,0.0,blues-rock,0.898816207,14320,0,0.0,1.0,0.122,1.71439,0.648,0.86205,314.27873,1.386,-1.0,SOXNERI12A6701E92E,5.0,0.4,-4.82,1,0.371,300.362,0.596,0.29478,70.876,4.0,0.0,0,1988,aerosmith,0
0.547035734,0.365686606,ARTM0RS1187B9A0BE6,0.0,0,0.0,Super Cat,0.0,dancehall,1.0,282237,0,0.0,1.0,0.042,0.31269,0.337,0.31269,229.66812,0.098,0.547952942,SOWXKUV12A58A80BB4,6.0,0.781,-9.349,1,0.571,219.852,0.969,0.13062,167.377,4.0,0.803,0,1992,super cat,0
0.540037749,0.360053307,AR1N6N61187FB4E25E,23.0833,0,-82.4167,Mongo Santamaria Orchestra,0.0,latin jazz,1.0,388277,0,0.0,0.0,0.001,0.83913,1.0,0.27581,203.25832,0.267,-1.0,SOJPAJO12AB017BFD2,7.0,0.21,-12.464,1,0.284,200.417,0.253,0.13338,106.822,4.0,0.0,0,1995,mongo santamaria orchestra,0
0.510288293,0.337858764,ARU81FP1187B98C71E,35.6139,0,-88.8194,Big Maybelle,0.0,jump blues,0.98679369,241672,0,0.0,0.0,0.058,0.12054,0.487,0.12054,130.87302,0.45,-1.0,SOZCOAI12A8C1332A9,5.0,0.392,-5.723,1,0.431,125.8,0.238,0.12054,173.071,4.0,0.153,0,1995,big maybelle,0
0.744734767,0.565045659,AR8BUVM1187FB4D94D,0.0,0,0.0,Belle & Sebastian,0.0,indie pop,0.993781355,268054,0,0.0,1.0,0.288,0.66316,0.288,0.66316,401.8673,0.165,-1.0,SOFCFSC12B0B80ACDB,0.0,0.508,-7.916,0,0.521,383.303,0.728,0.20358,86.505,1.0,1.0,0,2003,belle & sebastian,0
0.422413313,0.329220236,ARLDVL71187B9AD7AC,0.0,0,0.0,War Babies,0.0,glam metal,0.936302238,501959,0,0.0,0.0,0.074,0.80079,0.0,0.43498,285.83138,0.0,0.445454526,SOQJLWY12AB0180839,3.0,0.319,-5.977,0,0.422,269.172,0.619,0.2507,165.965,4.0,0.196,0,1991,war babies,0
0.4074304,0.31853603,ARI2JSK1187FB496EF,51.50632,0,-0.12714,Nick Ingman,0.0,jazz funk,0.967739727,585454,0,0.0,1.0,0.255,1.23846,0.964,0.55828,179.43465,0.149,0.319565987,SORSGFJ12AB0189573,11.0,0.151,-9.146,1,0.176,171.381,0.903,0.23661,97.571,4.0,0.985,0,1973,nick ingman,0
0.730669502,0.623835201,ARR6LWJ1187FB44C8B,0.0,0,0.0,R.E.M.,0.0,jangle pop,0.908563716,388467,0,0.0,4.0,0.916,0.05967,0.916,0.05967,163.81342,0.0,-1.0,SOBUHSM12AB0181ED6,9.0,0.271,-5.775,1,0.261,163.813,0.928,0.05967,138.703,1.0,0.0,0,1983,r.e.m.,0
0.552416732,0.481369053,ARJUNZD1187B9A5DAE,34.07292,0,-118.39981,Herb Alpert And The Tijuana Brass,0.0,smooth jazz,1.0,611960,0,0.0,1.0,0.726,0.46098,0.726,0.46098,163.94404,0.142,0.466422912,SOABVWD12A58A7C3FF,5.0,0.62,-14.962,1,0.228,153.681,0.0,0.14471,97.52,1.0,0.341,0,1964,herb alpert and the tijuana brass,0
0.915823253,0.665576619,ARBEOHF1187B9B044D,0.0,0,0.0,Madonna,0.0,dance pop,1.0,588986,0,0.0,3.0,0.034,0.92932,1.0,0.41009,285.09995,0.366,0.783623854,SOCHBAR12AB0187BA9,1.0,0.0,-4.104,1,0.0,263.663,1.0,0.15112,116.512,4.0,1.0,0,1985,madonna,0
0.592238743,0.401734351,ARJ66JQ1187B99D2FF,0.0,0,0.0,Wordsworth feat. Adanita Ross,0.0,hip hop,1.0,504374,0,0.0,0.0,0.323,1.40009,0.583,0.63199,237.13914,0.0,0.323112121,SOIUXYS12AB0187595,1.0,0.0,-4.612,1,0.249,232.856,0.197,0.28928,85.263,4.0,1.0,0,2004,wordsworth feat. adanita ross,0
0.491059447,0.35438469,ARFK4281187FB5C811,0.0,0,0.0,Vox Dei,0.0,new wave,1.0,98680,0,0.0,0.0,0.137,0.51232,0.697,0.51232,456.69832,0.41,0.443291312,SONFUJU12A8C136ED9,7.0,0.406,-18.342,1,0.565,439.014,0.169,0.21454,66.856,4.0,0.0,0,1971,vox dei,0
0.733637825,0.526549035,ARDZQ5U1187B9ADEAE,37.8695,0,-122.2705,John Fogerty,0.0,roots rock,0.918034159,202553,0,0.0,1.0,0.01,0.40995,0.829,0.40995,269.29587,0.665,0.408110884,SOQJYTI12A8C136FA9,10.0,0.541,-5.074,1,0.63,265.561,0.663,0.10181,130.461,4.0,0.511,0,1986,john fogerty,0
0.520553746,0.355974359,AR58SJE1187B9A8E4C,31.55379,0,-90.10785,J.B. Lenoir,0.0,chicago blues,0.993447824,753247,0,0.0,0.0,0.919,0.36382,0.919,0.36382,176.37832,0.391,-1.0,SOLCKMT12AB018874F,6.0,0.245,-11.923,0,0.237,168.803,0.0,0.09627,99.829,1.0,0.0,0,2001,j.b. lenoir,0
0.575986601,0.406367593,ARBX0VO1187B98A412,0.0,0,0.0,Zebra,0.0,heavy metal,0.99768191,186254,0,0.0,0.0,0.028,0.22112,1.0,0.22112,205.11302,0.156,0.334706549,SOTRAIA12A8AE47465,11.0,0.491,-8.189,1,0.62,190.694,0.643,0.22112,90.07,4.0,1.0,0,1999,zebra,0
0.758299704,0.493629438,ARUHYH21187B98BA89,44.23153,0,-76.47933,The Tragically Hip,0.0,roots rock,0.946109067,543697,0,0.0,0.0,0.02,1.89336,0.455,0.46641,225.43628,0.45,0.766174644,SOMRYSL12AB01852A8,7.0,0.094,-7.372,1,0.418,212.805,1.0,0.22906,84.373,5.0,0.822,0,1996,the tragically hip,0
0.866519754,0.808502137,ARXPPEY1187FB51DF4,0.0,0,0.0,Michael Jackson,0.0,motown,0.999971562,312635,0,0.0,4.0,0.893,1.28576,0.323,0.70674,188.99546,0.0,0.506905064,SOBKDCU12A6D4F80F6,3.0,0.721,-10.44,1,0.773,180.227,0.369,0.39261,111.459,4.0,0.884,0,1984,michael jackson,0
0.799689798,0.54441459,ARHU9211187B9B7E0E,0.0,0,0.0,Fort Minor,0.0,rap metal,0.909089207,20796,0,0.0,1.0,0.057,0.44356,0.661,0.44356,43.38893,2.438,0.702023635,SOPZQHN12A6D4F84CA,5.0,0.615,-14.866,1,0.428,43.389,0.1,0.44356,122.843,5.0,0.833,0,2005,fort minor,0
0.724813068,0.477178834,ARH9GD41187FB37E0F,0.0,0,0.0,Stephen Marley,0.0,roots reggae,0.905439168,485654,0,0.0,1.0,0.012,0.97107,0.962,0.46923,270.05342,0.161,0.544514002,SOLETWK12AF72A1079,9.0,0.667,-9.364,0,0.568,258.276,1.0,0.22142,118.144,4.0,0.821,0,2005,stephen marley,0
0.675003401,0.497304911,ARHUQUF1187FB382E6,-29.21545,0,26.83776,T-Bone,0.0,ccm,1.0,580676,0,0.0,0.0,0.13,1.59092,1.0,0.32407,234.16118,0.212,0.413739836,SOBDLAF12AF72A69D7,1.0,0.553,-6.135,1,0.436,228.328,0.961,0.32407,96.007,4.0,1.0,0,2001,t-bone,0
0.701441759,0.504307726,AR0O3AV1187FB4D030,40.71455,0,-74.00712,Agnostic Front,0.0,hardcore punk,0.999836752,205428,0,0.0,1.0,0.871,0.17903,0.871,0.17903,105.84771,0.0,0.610184713,SOEIVEC12A8C139DDA,9.0,0.517,-5.152,1,0.364,101.715,0.771,0.17903,112.292,1.0,0.0,0,2001,agnostic front,0
0.64783484,0.472451772,ARXI7WU1187FB4D75E,17.57975,0,-3.99883,Tinariwen,0.0,blues-rock,0.960857676,56540,0,0.0,1.0,0.204,1.00359,0.581,0.23302,238.68036,0.185,0.619662672,SOCSAVL12A6D4FAC37,9.0,0.151,-7.386,1,0.418,221.896,0.248,0.04131,160.887,4.0,0.0,0,2007,tinariwen,0
0.838924311,0.607792752,AR1ABAO1187FB531E1,42.33168,0,-83.04792,Alice Cooper,0.0,shock rock,0.924687772,135640,0,0.0,2.0,0.075,0.535,0.835,0.535,209.47546,0.479,0.485122364,SOHPXSL12A8AE47FCB,4.0,0.776,-10.998,1,0.636,197.457,0.326,0.535,92.685,4.0,0.572,0,1982,alice cooper,0
0.649602604,0.413070411,ARMY5XE1187FB38AF3,0.0,0,0.0,Novembre,0.0,doom metal,0.979155637,70621,0,0.0,0.0,0.117,0.43788,0.419,0.43788,313.3122,0.0,0.579416472,SOZPTVU12A6D4F8B4D,1.0,0.512,-5.437,0,0.458,299.009,0.501,0.07946,113.746,4.0,0.0,0,2006,novembre,0
0.651772659,0.524477184,ARYBGMF1187FB4D82C,0.0,0,0.0,Berlin,0.0,dance rock,0.999980232,525626,0,0.0,1.0,0.234,1.45526,0.952,0.88027,255.32036,2.316,0.270775999,SOAEGMV12A8C1455F2,11.0,0.741,-4.521,1,0.628,238.782,0.229,0.58706,104.04,4.0,1.0,0,2002,berlin,0
0.535702528,0.384986117,ARCID1N1187FB51DA0,0.0,0,0.0,Carlos NuA+-ez,0.0,flamenco,0.807502753,307974,0,0.0,0.0,0.214,0.93923,0.713,0.07966,275.43465,0.0,0.304169503,SOVENLZ12A8C13F7DE,0.0,0.584,-11.019,1,0.73,275.435,0.192,0.07966,143.969,4.0,0.0,0,2004,carlos nua+-ez,0
0.634226963,0.443708895,AR7TTCH1187FB3F95C,34.60515,0,-98.38983,Leon Russell,0.0,blues-rock,0.919202212,62754,0,0.0,0.0,0.145,0.85738,0.681,0.06066,218.51383,0.401,0.702259767,SONIWYZ12A58A7CB59,9.0,0.798,-14.274,1,0.605,206.408,0.941,0.06066,158.754,4.0,0.215,0,1976,leon russell,0
0.676885931,0.535408379,ARKZJ301187FB521B2,0.0,0,0.0,Lily Allen Featuring Ours,0.0,ska,1.0,621263,0,0.0,2.0,0.003,1.2243,0.0,0.3021,189.20444,1.025,-1.0,SOFJNFW12AB0181B90,10.0,0.059,-4.713,0,0.053,180.001,0.255,0.14853,130.939,4.0,0.415,0,2009,lily allen featuring ours,0
0.520757635,0.404566538,ARG4KW31187FB51B7C,0.0,0,0.0,Atomic Rooster,0.0,hard rock,1.0,799246,0,0.0,1.0,0.004,1.25321,0.773,0.42418,269.71383,0.165,0.750701198,SONPYCF12AB01837AF,0.0,0.461,-12.535,0,0.526,260.278,1.0,0.21895,143.137,4.0,0.457,0,1971,atomic rooster,0
0.548738642,0.339611732,AR5OHUU1187FB55B10,0.0,0,0.0,Peret,0.0,rumba,1.0,404571,0,0.0,0.0,0.259,0.93807,0.931,0.23469,179.69587,0.195,-1.0,SODVGEX12AB01803B2,7.0,0.496,-3.97,1,0.482,169.314,1.0,0.23469,86.005,4.0,0.59,0,1973,peret,0
0.768223625,0.712534953,ARKQQZA12086C116FC,38.8991,0,-77.029,B.o.B,0.0,dirty south rap,0.949672345,803358,0,0.0,1.0,0.022,1.1388,0.0,0.59288,269.63546,5.283,1.0,SOULTKQ12AB018A183,10.0,0.403,-5.388,1,0.411,258.461,0.68,0.31134,104.038,4.0,0.742,0,2010,b.o.b,0
0.842636334,0.583530838,ARWK5QH1187B9A9B7F,0.0,0,0.0,Justin Timberlake,0.0,rock,1.0,310448,0,0.0,1.0,0.204,1.30382,1.0,0.10247,238.602,0.073,-1.0,SOTSCLM12AF72A097D,9.0,0.0,-5.044,0,0.0,232.38,1.0,0.10247,100.012,4.0,1.0,0,2006,justin timberlake,0
0.81444811,0.60797181,ARFVYJI1187B9B8E13,47.60356,0,-122.32944,Pearl Jam,0.0,grunge,0.954857727,391562,0,0.0,4.0,0.128,0.87777,1.0,0.25007,268.69506,0.223,0.758095181,SOQJPYF12AF72AA8E2,10.0,0.197,-8.053,1,0.215,251.304,0.877,0.25007,94.916,4.0,0.543,0,2002,pearl jam,0
0.065327328,0.0,AR5MSL51187FB52E11,0.0,0,0.0,AI-TIEM,0.0,jungle music,0.900830708,66636,0,0.0,0.0,0.087,0.9252,0.233,0.48511,100.70159,0.0,-1.0,SOCWHPT12A67ADA68D,7.0,0.422,-9.686,1,0.51,90.006,0.0,0.26507,135.799,4.0,0.661,0,2003,ai-tiem,0
0.500510256,0.414783863,ARWIN9D1187B98E544,0.0,0,0.0,Jason & The Scorchers,0.0,country rock,0.996702165,357544,0,0.0,0.0,1.0,0.03872,1.0,0.03872,227.49995,0.171,-1.0,SOTRJTA12AB0180A36,2.0,0.944,-11.812,1,0.623,212.753,0.487,0.03872,176.269,1.0,0.0,0,1998,jason & the scorchers,0
0.732661132,0.458439468,ARV4KO21187FB38008,37.80506,0,-122.27302,Del The Funky Homosapien,0.0,hip hop,1.0,262524,0,0.0,0.0,0.367,0.0439,0.652,0.0439,316.60363,0.235,0.636287224,SOBACYS12A8C13D6A4,6.0,0.788,-8.039,1,0.519,305.4,0.663,0.0439,83.646,4.0,0.647,0,1998,del the funky homosapien,0
0.439907658,0.311559176,ARQVLQJ1187B98F11F,0.0,0,0.0,Mau Mau,0.0,progressive house,0.984512778,56247,0,0.0,0.0,0.226,1.3383,0.579,0.73399,233.40363,0.0,0.265861049,SOVQPMO12A6D4F8B8E,7.0,0.353,-7.106,1,0.549,228.844,0.386,0.73399,195.874,3.0,0.62,0,1994,mau mau,0
0.579424109,0.386441097,AR7AOEJ1187FB3D279,33.35303,0,-90.59005,Little Milton,0.0,electric blues,0.940027818,414896,0,0.0,0.0,0.067,1.32541,0.105,0.47666,278.30812,0.0,-1.0,SOVLXGX12AB0186244,7.0,0.583,-11.062,0,0.663,271.853,0.52,0.26447,141.609,4.0,0.407,0,1975,little milton,0
0.752318643,0.540157744,ARROQSO1187B9AEB80,0.0,0,0.0,Talking Heads,0.0,dance rock,0.950970894,56715,0,0.0,1.0,0.02,1.41283,1.0,0.39239,348.78649,0.09,0.629476733,SOHCMZK12A6D4F8933,10.0,0.032,-12.041,1,0.396,335.25,1.0,0.13831,116.125,4.0,0.772,0,2005,talking heads,0
0.789707049,0.419398461,AR8HQBB1187B99F7BB,41.70671,0,-73.92937,Shai Hulud,0.0,math-core,0.940274163,560372,0,0.0,0.0,0.086,0.20508,0.519,0.20508,188.29016,0.0,0.693655624,SOQIYTK12AB0189CCF,2.0,0.208,-4.019,0,0.373,184.744,0.744,0.03711,136.331,4.0,0.0,0,2008,shai hulud,0
0.609294155,0.373060493,AROGAPH1187B98CF9C,0.0,0,0.0,BA(c)nabar,0.0,chanson,1.0,439529,0,0.0,2.0,0.045,3.17003,0.876,2.34831,243.59138,3.077,0.299877488,SOLKNII12AB01823D9,0.0,0.625,-12.5,1,0.584,236.304,0.378,2.34831,143.143,4.0,0.362,0,2007,ba(c)nabar,0
0.820072418,0.710879071,ARUTEVU1187B9ACAF9,34.05349,0,-118.24532,Lifehouse,0.0,post-grunge,0.99955727,28023,0,0.0,0.0,0.59,2.31124,0.49,1.47026,360.95955,5.103,0.664556227,SOZCARG12A6D4F74D1,8.0,0.474,-7.072,0,0.519,345.53,0.157,1.26002,141.78,4.0,0.982,0,2000,lifehouse,0
0.501368343,0.355449048,ARWADDH1187B98FDBB,34.05349,0,-118.24532,Home Town Hero,0.0,post-grunge,1.0,542446,0,0.0,0.0,0.195,0.96741,0.576,0.22562,206.88934,0.0,0.253834736,SOIXCUV12AB017F48C,8.0,0.807,-3.798,1,0.702,200.812,0.516,0.04249,161.991,4.0,0.0,0,2002,home town hero,0
0.46379039,0.412298371,ARVQV7Q1187FB59C5D,0.0,0,0.0,Little Angels,0.0,heavy metal,0.99678184,382324,0,0.0,0.0,0.008,2.09478,0.796,0.69624,229.01506,0.0,0.0,SODSFMM12AAF3B4962,0.0,0.54,-6.489,1,0.495,209.81,0.413,0.34856,85.163,4.0,0.0,0,1999,little angels,0
0.82785377,0.517328584,ARPKK761187FB4D53C,40.10216,0,-85.67869,The Ataris,0.0,pop punk,0.930853525,291797,0,0.0,1.0,0.101,0.65783,0.0,0.65783,199.26159,0.0,-1.0,SOEWVBB12A8C135AE7,2.0,0.509,-3.254,1,0.592,199.262,0.035,0.65783,199.028,4.0,0.0,0,2004,the ataris,0
0.743129776,0.493566843,ARXWAQQ1187B9AE954,0.0,0,0.0,Redman,0.0,hip hop,1.0,68737,0,0.0,1.0,0.062,0.24142,0.079,0.24142,209.84118,0.0,0.599875581,SOCKIPJ12A67FFB378,1.0,0.756,-12.466,0,0.564,203.726,0.0,0.24142,98.401,4.0,0.669,0,2007,redman,0
0.597794859,0.418895804,ARGQANQ11F50C4769E,37.87869,0,-121.94345,Y&T,0.0,heavy metal,1.0,59773,0,0.0,0.0,0.024,1.31522,0.677,0.31323,201.74322,0.478,0.666532379,SOIRCWN12A6D4FC58D,3.0,0.483,-12.083,0,0.455,197.004,0.611,0.05585,123.788,4.0,0.521,0,1987,y&t,0
0.489566709,0.414399562,AR9OMFE1187FB3BB54,0.0,0,0.0,Pete Rock & C.L. Smooth,0.0,jazz rap,0.896442329,65619,0,0.0,0.0,0.202,2.28036,0.916,1.11714,286.69342,2.415,0.932274163,SOUXEOI12A6D4FB18E,1.0,0.69,-10.235,0,0.44,259.373,0.301,0.83447,101.779,4.0,0.978,0,1992,pete rock & c.l. smooth,0
0.588140722,0.366741233,AR0QL3J1187FB3748E,0.0,0,0.0,Clara Nunes,0.0,samba,1.0,148254,0,0.0,0.0,0.074,0.87454,0.724,0.20836,213.49832,0.387,-1.0,SOFQUFD12A8C13406F,6.0,0.448,-12.82,1,0.431,198.055,0.321,0.07788,91.806,7.0,0.593,0,1982,clara nunes,0
0.596467745,0.377397659,ARFN3YG1187B9AD9F1,56.87546,0,24.6075,Skyforger,0.0,viking metal,0.97857545,804150,0,0.0,1.0,0.117,1.53084,0.652,0.8468,252.81261,0.0,0.535106025,SOROOOR12AB018572F,7.0,0.722,-4.194,1,0.494,250.404,0.366,0.38496,100.138,4.0,0.37,0,2010,skyforger,0
0.552635096,0.324277249,ARFFR931187B98F51F,0.0,0,0.0,Mother Superior,0.0,blues-rock,0.998845557,392422,0,0.0,0.0,0.484,0.5504,0.335,0.1488,169.63873,0.0,0.265861049,SOBUDEU12AB018431E,1.0,0.068,-7.344,0,0.219,162.122,0.836,0.1488,145.48,4.0,0.39,0,2008,mother superior,0
0.546648694,0.382934593,ARH8VT91187FB49CA2,45.7594,0,4.82897,The Exciters,0.0,all-female,0.898959228,170018,0,0.0,0.0,0.021,0.60787,1.0,0.17842,194.53342,0.359,0.676281395,SOPOWJI12A8C14159F,5.0,0.328,-8.031,1,0.091,188.093,0.919,0.17842,137.237,4.0,0.0,0,1994,the exciters,0
0.900967634,0.769674279,ARBAW9R1187B98FB6B,51.50632,0,-0.12714,Natasha Bedingfield,0.0,teen pop,1.0,575356,0,0.0,2.0,0.049,0.48595,0.849,0.48595,377.25995,6.281,-1.0,SORTSWB12A58A7DCA3,8.0,0.047,-7.331,1,0.353,336.086,0.0,0.48595,97.325,4.0,0.55,0,2004,natasha bedingfield,0
0.589942099,0.360375719,ARSO8M21187B99C7EE,0.0,0,0.0,Atomship,0.0,post-grunge,0.99517161,661422,0,0.0,1.0,0.059,0.49185,0.075,0.49185,296.04526,0.0,0.666303015,SOMUZUT12A58A7A330,0.0,0.417,-5.233,1,0.453,287.626,0.855,0.26482,136.129,4.0,0.208,0,2004,atomship,0
0.62812134,0.418946871,AR1WC0X1187B991056,37.77916,0,-122.42005,Jefferson Starship,0.0,hard rock,1.0,342587,0,0.0,1.0,0.432,0.18522,1.0,0.18522,240.3522,0.305,0.327736683,SOFKKHD12AB0183B47,9.0,0.819,-6.681,1,0.659,226.377,0.492,0.18522,189.735,4.0,0.573,0,1981,jefferson starship,0
0.570208282,0.353566815,AR7ZWJK1187FB55EC2,0.0,0,0.0,Disembowelment,0.0,doom metal,0.987645341,264846,0,0.0,1.0,0.153,0.65185,0.0,0.05627,460.56444,0.0,0.576300659,SOICCOL12A81C22510,3.0,0.622,-10.351,1,0.555,449.591,0.222,0.05627,79.952,7.0,0.452,0,1993,disembowelment,0
0.622999463,0.458935571,ARJS05S1187FB58F3A,0.0,0,0.0,Spongebob Squarepants,0.0,texas blues,0.945722925,430097,0,0.0,0.0,0.108,0.89824,0.788,0.39955,76.82567,0.2,0.615614234,SOLGKUS12A8C1436EE,9.0,0.673,-8.892,0,0.542,70.798,0.0,0.1502,122.887,4.0,0.973,0,2005,spongebob squarepants,0
0.606146076,0.438942655,AR71WYS1187FB5170D,0.0,0,0.0,Kelly Sweet,0.0,chill-out,0.962849477,633510,0,0.0,0.0,0.027,0.50229,1.0,0.05086,504.92036,0.217,0.253999077,SOUDHVE12AB01828C2,1.0,0.0,-7.321,0,0.304,504.92,0.189,0.05086,135.015,4.0,0.619,0,2007,kelly sweet,0
0.679292184,0.431882756,ARZL6CE1187FB3F264,27.9758,0,-81.54106,Mindy McCready,0.0,female vocalist,1.0,295046,0,0.0,0.0,0.026,0.90198,1.0,0.17442,192.62649,0.316,0.729612115,SOGEMNI12A8C13A780,0.0,0.153,-6.782,1,0.506,179.322,0.884,0.17442,165.763,4.0,0.141,0,1996,mindy mccready,0
0.666787431,0.43759098,ARLCQZN1187B9AF634,0.0,0,0.0,Patti Smith Group,0.0,garage rock,0.888142653,302123,0,0.0,1.0,0.518,5.56202,0.73,3.96874,284.21179,6.502,-1.0,SOKMQOO12A8C136C82,9.0,0.001,-20.058,1,0.208,268.579,0.069,3.96874,76.814,3.0,0.682,0,1979,patti smith group,0
0.515044056,0.316692162,ARGNGRI11E2835D567,0.0,0,0.0,Tam Tam Go!,0.0,pop rock,0.873697928,286010,0,0.0,1.0,0.065,0.4575,0.626,0.4575,223.97342,0.0,-1.0,SOKSRRN12A8C135415,4.0,0.5,-8.22,0,0.479,214.175,0.748,0.4575,118.041,5.0,0.843,0,1990,tam tam go!,0
0.539111561,0.349139602,ARE13NK1187FB4CF92,51.50632,0,-0.12714,Alternative TV,0.0,experimental rock,1.0,611773,0,0.0,1.0,0.015,0.43822,1.0,0.43822,180.63628,0.198,-1.0,SOLFOLX12A8C1443AB,11.0,0.379,-16.701,0,0.499,174.539,0.833,0.21731,136.69,4.0,0.177,0,1981,alternative tv,0
0.683455701,0.42712297,ARRM70G1187B9A7F64,0.0,0,0.0,Junior Kimbrough,0.0,delta blues,0.975924716,367177,0,0.0,1.0,0.089,0.71449,0.764,0.36001,355.68281,0.316,-1.0,SORTAIB12AF729F4FC,0.0,0.027,-10.871,1,0.312,355.683,0.764,0.36001,168.814,4.0,0.752,0,1999,junior kimbrough,0
0.725974866,0.463979514,AR1CD5Z1187B98F2C2,38.91391,0,-94.37517,Pat Metheny,0.0,free jazz,0.999572414,569755,0,0.0,1.0,0.103,0.64835,0.49,0.06952,711.70567,0.125,0.386790177,SOCFRRJ12A8C135707,7.0,0.61,-13.186,1,0.515,698.009,0.321,0.06952,108.407,3.0,0.705,0,2008,pat metheny,0
0.233787991,0.265753663,ARJSPFM1241B9CD859,0.0,0,0.0,Big Jay Oakerson,0.0,stand-up comedy,0.839547205,533246,0,0.0,0.0,0.656,0.4266,0.656,0.4266,172.5122,0.0,-1.0,SOJFBKG12AB017E36F,8.0,0.434,-8.33,1,0.552,167.787,0.364,0.22266,122.757,1.0,0.0,0,2009,big jay oakerson,0
0.790696466,0.508177085,AR219DK1187FB4CEFC,0.0,0,0.0,ATB,0.0,progressive house,0.999874164,109210,0,0.0,1.0,0.034,0.9871,0.356,0.06393,479.76444,0.0,0.576002203,SOHBOGO12A8C13B8F8,11.0,0.615,-5.84,0,0.595,471.899,1.0,0.06393,129.993,4.0,0.0,0,2005,atb,0
0.632856419,0.428980521,ARQ0BZY1187B99F093,0.0,0,0.0,Everyday Sunday,0.0,post-grunge,0.946119922,579650,0,0.0,0.0,0.105,0.15416,1.0,0.15416,160.46975,0.183,0.355285536,SOQCRRU12AF72A4AD2,1.0,0.277,-4.948,1,0.475,149.687,0.42,0.15416,194.107,4.0,0.037,0,2004,everyday sunday,0
0.594832624,0.378649979,AR9YV621187B99373E,0.0,0,0.0,Marco Beltrami,0.0,soundtrack,1.0,114949,0,0.0,1.0,0.023,0.81763,0.344,0.81763,91.37587,4.383,0.405115722,SOVDSBD12A8C13DF47,11.0,0.632,-20.823,1,0.473,91.376,0.074,0.56567,119.729,4.0,0.0,0,2007,marco beltrami,0
0.651772659,0.524477184,ARYBGMF1187FB4D82C,0.0,0,0.0,Berlin,0.0,dance rock,0.999980232,200895,0,0.0,1.0,0.027,0.12758,0.919,0.12758,231.18322,0.328,0.215080319,SOLQWHJ12A8C135A13,11.0,0.082,-9.424,1,0.393,225.669,1.0,0.12758,131.989,4.0,0.0,0,2004,berlin,0
0.689494765,0.35590563,ARI6CSW1187B9AF09A,0.0,0,0.0,Eko Fresh feat. G-Style,0.0,pop rap,0.93325637,300080,0,0.0,1.0,0.201,1.53505,0.741,0.24007,266.57914,0.507,0.270775999,SOQKUXE12A8C139BE8,6.0,0.211,-7.993,1,0.341,257.701,0.681,0.07762,93.203,4.0,0.965,0,2003,eko fresh feat. g-style,0
0.593226735,0.363563852,ARWG0541187FB364EC,0.0,0,0.0,Las Ketchup,0.0,rumba,1.0,287960,0,0.0,1.0,0.018,1.33254,0.0,0.67809,195.73506,2.995,0.541960901,SOFIURK12A8C134C4F,1.0,0.741,-4.939,0,0.755,191.64,0.248,0.35168,90.545,4.0,0.548,0,2002,las ketchup,0
0.870033797,0.54632612,ARUJZFJ1187B9B135F,0.0,0,0.0,Shania Twain,0.0,country rock,1.0,309494,0,0.0,2.0,0.036,0.13713,1.0,0.13713,223.00689,0.326,0.457447167,SOIUOAU12A8C13EBC3,9.0,0.659,-3.807,1,0.726,215.197,0.517,0.13713,113.846,4.0,0.791,0,1999,shania twain,0
0.427823238,0.0,ARJB8BM1187FB5CBEC,0.0,0,0.0,Intex Systems,0.0,dubstep,0.954169649,501807,0,0.0,0.0,0.537,0.02746,0.537,0.02746,131.13424,0.0,-1.0,SORSEIY12AB01827CD,11.0,0.175,-14.302,1,0.591,124.976,0.331,0.02746,45.514,1.0,0.0,0,2006,intex systems,0
0.589483406,0.376745429,AR0ZBRM1187FB54F5E,0.0,0,0.0,Dala,0.0,folk-pop,0.836975759,602256,0,0.0,1.0,0.252,1.35522,0.849,0.37372,240.27383,0.334,0.610457375,SODBKLI12AB01846B6,9.0,0.366,-7.397,1,0.522,233.68,0.884,0.12947,121.967,4.0,0.919,0,2009,dala,0
0.487445648,0.383140731,ARYV1OT1187B9B4C8E,0.0,0,0.0,Commander Cody & His Lost Planet Airmen,0.0,country rock,0.957775785,806525,0,0.0,1.0,0.247,1.16181,0.0,0.16187,162.45506,2.85,-1.0,SORZJUY12AB018BFB9,9.0,0.333,-14.152,0,0.321,154.749,0.099,0.16187,182.918,7.0,0.364,0,1973,commander cody & his lost planet airmen,0
0.643544997,0.670106173,ARVNGA71187FB3C107,0.0,0,0.0,Faith Hill,0.0,country,1.0,571520,0,0.0,1.0,0.001,1.83732,0.943,1.15455,231.44444,0.544,0.524822258,SOUVCGM12AB0185A29,7.0,0.549,-5.537,1,0.433,219.417,0.497,0.63238,87.003,4.0,0.702,0,2002,faith hill,0
0.823548253,0.507115549,ARB6OGR1187FB4D43D,43.58015,0,7.12123,M83,0.0,shoegaze,1.0,151698,0,0.0,1.0,0.941,1.35593,0.645,0.31614,116.45342,0.0,0.789583417,SOYQXAU12A8C135A75,9.0,0.402,-12.692,0,0.616,106.69,0.202,0.31614,110.182,4.0,0.501,0,2005,m83,0
0.623154284,0.429353515,ARBFDJW1187B9AD27A,30.2676,0,-97.74298,The Fabulous Thunderbirds,0.0,blues-rock,1.0,609810,0,0.0,0.0,0.027,1.34817,0.973,0.3642,196.44036,0.327,-1.0,SORXWBT12AF729EE75,1.0,0.967,-8.037,1,0.834,192.157,0.986,0.11489,115.476,3.0,1.0,0,1981,the fabulous thunderbirds,0
0.559317502,0.437001919,ARDK87R1187B98D51C,0.0,0,0.0,Flamin' Groovies,0.0,power pop,1.0,248385,0,0.0,1.0,0.172,0.26906,0.592,0.26906,199.49669,0.357,0.248418733,SOLIDWN12A8C1411A5,7.0,0.382,-9.113,1,0.463,179.751,0.526,0.07963,159.337,4.0,0.85,0,1991,flamin' groovies,0
0.559901438,0.401239122,ARUTS6Y1187FB5BDAB,0.0,0,0.0,Twila Paris,0.0,ccm,1.0,482473,0,0.0,0.0,0.18,0.54791,0.0,0.10646,235.65016,0.886,-1.0,SOEZSEO12AAF3B3B5F,3.0,0.338,-12.908,1,0.535,219.736,0.217,0.10646,135.421,4.0,0.658,0,1980,twila paris,0
0.858270678,0.515325301,ARMB95F1187B9B5B93,40.8079,0,-73.9454,Cam'Ron / Juelz Santana / Jimmy Jones,0.0,hip hop,0.999845667,64782,0,0.0,1.0,0.341,0.58723,0.501,0.1563,301.50485,0.0,0.499445835,SOKHRQI12A8C13F53E,6.0,0.659,-5.104,0,0.506,286.598,0.249,0.1563,163.57,4.0,0.772,0,2002,cam'ron / juelz santana / jimmy jones,0
0.679292184,0.431882756,ARZL6CE1187FB3F264,27.9758,0,-81.54106,Mindy McCready,0.0,female vocalist,1.0,527354,0,0.0,0.0,0.003,0.27069,0.9,0.27069,240.69179,0.235,0.655953232,SOBBKJX12A8C145CEB,2.0,0.26,-6.142,1,0.48,228.513,0.891,0.27069,124.218,4.0,0.951,0,1997,mindy mccready,0
0.588924229,0.290997288,AR8H5LL1187B9AC8F0,0.0,0,0.0,Bikini Machine,0.0,future jazz,0.836295432,799234,0,0.0,0.0,0.448,0.30454,0.521,0.30454,280.76363,0.2,0.0,SOGJTUB12AB017FA85,9.0,0.183,-5.073,0,0.435,280.764,0.34,0.116,109.402,5.0,0.533,0,2009,bikini machine,0
0.673238691,0.479204558,AR87K371187FB5AA8E,0.0,0,0.0,Uriah Heep,0.0,heavy metal,0.988033491,796774,0,0.0,5.0,0.074,0.60802,0.675,0.17992,252.9171,0.131,0.561469137,SONXFRI12AB018726F,5.0,0.774,-16.118,1,0.72,240.994,0.604,0.17992,143.14,4.0,0.182,0,1971,uriah heep,0
0.679793556,0.489458259,AR8CT8U1187FB4D803,52.47859,0,-1.9086,Dexys Midnight Runners,0.0,folk rock,0.946242348,56996,0,0.0,1.0,0.785,0.24476,0.785,0.24476,245.36771,2.09,0.394394856,SOTLLRE12A6D4F8EFF,1.0,0.573,-6.913,0,0.592,238.08,0.437,0.053,155.521,1.0,0.0,0,1991,dexys midnight runners,0
0.614870934,0.628246419,ARF3GX71187FB3EB66,0.0,0,0.0,Martina McBride,0.0,country,0.939349522,556971,0,0.0,2.0,0.021,0.72441,0.974,0.35613,230.66077,0.322,0.38293509,SODNCTF12AB0187B92,6.0,0.788,-6.145,1,0.787,217.275,0.76,0.172,159.886,4.0,0.822,0,1999,martina mcbride,0
0.25014817,0.124010097,AR2F37U1187B990860,0.0,0,0.0,Gina V. D'Orio,0.0,digital hardcore,0.956007051,812008,0,0.0,0.0,1.0,0.20466,1.0,0.20466,139.91138,0.142,0.229144104,SOIUETF12AB0189B73,5.0,0.148,-10.115,0,0.401,134.67,1.0,0.20466,168.628,1.0,0.0,0,2004,gina v. d'orio,0
0.613029291,0.378644569,ARZAJ9C1187B9A21F4,55.8578,0,-4.24251,Unkle Bob,0.0,psychedelic rock,0.880036677,103612,0,0.0,1.0,0.006,1.28005,0.641,0.32856,252.18567,0.0,0.482804276,SOROTVP12A8C13A565,6.0,0.704,-6.623,0,0.687,235.595,0.784,0.09085,124.094,4.0,0.465,0,2006,unkle bob,0
0.772670726,0.471170681,AR7W7Z01187B998286,37.82245,0,-85.69091,Dark new Day,0.0,post-grunge,0.964819395,138168,0,0.0,1.0,0.354,1.04691,0.856,0.16732,278.02077,0.0,0.334706549,SOCLLUZ12A8AE47ACE,10.0,0.527,-5.914,0,0.465,273.055,0.462,0.16732,133.985,4.0,0.896,0,2005,dark new day,0
0.690257596,0.419028046,ARJGRNY11F4C847277,0.0,0,0.0,Twin Atlantic,0.0,progressive rock,0.982253832,662522,0,0.0,0.0,0.302,1.08111,0.169,0.24255,240.19546,0.0,0.439202489,SOCJBTL12AB0188831,9.0,0.621,-5.632,1,0.64,230.847,0.75,0.03157,141.925,4.0,0.822,0,2008,twin atlantic,0
0.79309437,0.568491815,ARD2NDU1187B99B615,0.0,0,0.0,Dropkick Murphys,0.0,celtic punk,0.947278167,204336,0,0.0,2.0,0.175,1.16764,0.219,0.31642,175.96036,0.0,0.651569826,SOHMWZN12A8C13C088,7.0,0.485,-1.983,1,0.588,172.542,0.498,0.10403,140.618,4.0,0.0,0,2005,dropkick murphys,0
0.547325147,0.359709363,ARBJI5N1187FB400D0,40.71455,0,-74.00712,Jay & The Americans,0.0,soft rock,0.965944811,23951,0,0.0,0.0,0.067,1.30214,0.8,0.28684,137.19465,0.479,0.628296796,SOGQRTH12A6D4F41A0,5.0,0.786,-11.737,1,0.769,131.866,0.537,0.04083,119.441,4.0,0.564,0,1988,jay & the americans,0
0.5163232,0.348371647,AREVNQH1187B98FDDB,51.89834,0,-8.47277,Peter Gallagher,0.0,vocal jazz,0.963551462,307594,0,0.0,0.0,0.198,0.62233,0.319,0.04763,182.282,0.0,0.287643396,SOFMOHX12A8C140B74,5.0,0.504,-11.281,1,0.356,175.334,0.716,0.04763,104.131,4.0,0.939,0,2005,peter gallagher,0
0.546648694,0.382934593,ARH8VT91187FB49CA2,45.7594,0,4.82897,The Exciters,0.0,all-female,0.898959228,609792,0,0.0,0.0,0.009,0.84851,1.0,0.17013,142.21016,0.235,-1.0,SOFDYYA12A58A78E73,6.0,0.258,-8.813,1,0.435,134.014,0.4,0.17013,89.342,4.0,0.976,0,1962,the exciters,0
0.532850502,0.302930471,ARO0EUG1187B9AC250,0.0,0,0.0,Portable,0.0,post-grunge,1.0,208829,0,0.0,1.0,0.271,0.88665,0.776,0.39512,369.60608,0.0,-1.0,SOBEJLH12A8C13B743,11.0,0.34,-16.696,1,0.551,359.758,0.185,0.1475,123.295,4.0,0.76,0,2002,portable,0
0.657826294,0.446170543,ARC7C241187B990F7F,33.74831,0,-84.39111,Becoming The Archetype,0.0,christian metal,0.978119704,64495,0,0.0,1.0,0.03,0.63338,1.0,0.03142,308.74077,0.16,0.652436655,SOEGWFT12A6D4F89FD,8.0,0.326,-3.217,1,0.458,308.741,0.543,0.03142,198.464,4.0,0.074,0,2005,becoming the archetype,0
0.600704001,0.385851304,AREF29Y1187B9AAFA3,0.0,0,0.0,Adam Richman,0.0,power pop,0.882422099,196569,0,0.0,0.0,0.268,0.1859,0.268,0.1859,344.94649,0.0,0.39407153,SONFHNY12A8C134D9A,3.0,0.68,-22.646,1,0.588,344.946,0.108,0.1859,127.677,1.0,0.17,0,2005,adam richman,0
0.683771102,0.513300123,AR3USQW1187FB4A90D,0.0,0,0.0,Bebo Norman,0.0,ccm,1.0,522636,0,0.0,1.0,0.018,4.45323,0.228,3.13169,219.45424,8.127,0.531722098,SOSUCQN12A8C141DFF,5.0,0.832,-10.488,1,0.771,207.499,0.091,2.63487,90.191,4.0,0.933,0,2006,bebo norman,0
0.698977346,0.394107804,ARQEPTZ1187FB4CD36,0.0,0,0.0,Toby Love featuring Rakim & Ken-Y,0.0,bachata,1.0,386910,0,0.0,0.0,0.143,1.37111,0.574,0.48353,260.28363,0.0,0.782452966,SOGCCDG12AB0180441,8.0,0.518,-6.046,1,0.488,251.617,0.393,0.25834,134.012,4.0,0.591,0,2007,toby love featuring rakim & ken-y,0
0.475430774,0.305579278,ARABS971187B9A8509,0.0,0,0.0,France D' Amour,0.0,dance rock,0.906911911,692284,0,0.0,0.0,0.898,0.49715,0.898,0.49715,232.202,0.398,-1.0,SOXEBSL12AC960D95C,6.0,0.462,-7.736,1,0.654,224.206,1.0,0.49715,57.091,1.0,0.0,0,1992,france d' amour,0
0.509952451,0.363132404,ARI28VJ1187FB4EAD7,0.0,0,0.0,Slackbaba,0.0,chill-out,0.867784427,756277,0,0.0,0.0,0.069,1.05625,0.706,0.5614,330.39628,0.0,-1.0,SONCJLY12AB0187193,7.0,0.639,-6.726,1,0.656,311.269,0.355,0.31273,120.016,4.0,0.804,0,2010,slackbaba,0
0.643544997,0.670106173,ARVNGA71187FB3C107,0.0,0,0.0,Faith Hill,0.0,country,1.0,143438,0,0.0,1.0,0.027,1.18682,1.0,0.17024,219.84608,0.136,0.573019828,SOWSDYA12A8C134D67,7.0,0.693,-5.271,1,0.654,208.776,1.0,0.17024,118.077,3.0,0.583,0,2007,faith hill,0
0.731065756,0.509878708,AREPD8D1187FB3F5BC,0.0,0,0.0,Sister Hazel,0.0,post-grunge,1.0,21648,0,0.0,0.0,0.429,0.31056,1.0,0.03325,235.72853,0.0,0.627363448,SOBAORS12A6D4F6820,10.0,0.799,-5.09,1,0.569,223.016,0.673,0.03325,217.13,4.0,0.326,0,2003,sister hazel,0
0.667509087,0.410079695,ARN1SGT1187B9AC5A4,18.11526,0,-77.27348,Inner Circle,0.0,reggae,1.0,599504,0,0.0,0.0,0.044,1.01635,1.0,0.34977,227.81342,0.514,0.0,SOPMWKF12AC961828D,0.0,0.783,-5.642,1,0.569,219.736,0.76,0.18271,90.018,4.0,0.144,0,2008,inner circle,0
0.494880755,0.159349705,ARM1ELZ1187FB49FC1,0.0,0,0.0,Lexie Mountain Boys,0.0,free improvisation,0.990279695,321191,0,0.0,0.0,0.666,1.17429,0.666,1.17429,239.56853,2.682,-1.0,SONDHSJ12A8C13F60C,6.0,0.378,-19.07,1,0.289,215.417,0.202,0.60854,51.931,1.0,0.0,0,2006,lexie mountain boys,0
0.720823972,0.437464554,AR9JNFU1187B9B9868,0.0,0,0.0,Gal Costa,0.0,brazilian pop music,1.0,151102,0,0.0,1.0,0.728,0.78056,0.121,0.41001,230.47791,0.0,-1.0,SOQHXOA12A8C136BF9,2.0,0.507,-14.743,1,0.472,218.976,0.375,0.22473,123.871,4.0,0.433,0,1999,gal costa,0
0.29411663,0.116991974,AR2XSQR11C8A415656,0.0,0,0.0,Taya wooden,0.0,reggae,1.0,586392,0,0.0,0.0,0.0,0.63025,0.0,0.255,267.59791,5.538,0.0,SOGZQIX12AB018F072,4.0,0.443,-24.447,1,0.404,252.314,0.016,0.06877,160.251,4.0,0.068,0,2007,taya wooden,0
0.603602148,0.409484253,ARK9W051187FB4B783,0.0,0,0.0,Zombina & The Skeletones,0.0,psychobilly,0.90143966,585297,0,0.0,0.0,0.06,0.03581,1.0,0.03581,152.65914,0.328,0.547324832,SOLCKVN12AB01873D0,2.0,0.648,-6.818,1,0.405,144.126,0.517,0.03581,91.018,4.0,0.801,0,2002,zombina & the skeletones,0
0.382082405,0.290206823,AR4UJ7O1187B994010,34.30246,0,-79.87162,Buddy Johnson,0.0,jump blues,1.0,93181,0,0.0,0.0,0.079,5.06415,0.921,0.24569,140.01587,0.34,0.501726082,SOYTSKQ12A8C1373B4,0.0,0.012,-9.906,0,0.031,132.452,0.0,0.24569,72.74,7.0,1.0,0,2005,buddy johnson,0
0.772272161,0.500119335,AREV2491187B9B017E,0.0,0,0.0,Mobb Deep,0.0,gangster rap,0.947694853,287832,0,0.0,1.0,0.227,1.78841,0.966,0.4822,274.1024,0.38,-1.0,SOMFYIV12A58A7F0B5,9.0,0.493,-3.414,0,0.431,269.897,0.789,0.14944,91.913,4.0,1.0,0,1996,mobb deep,0
0.627185249,0.39301573,ARSQW3I1187B9ACD14,0.0,0,0.0,Leona Naess,0.0,chanson,0.935731588,22385,0,0.0,0.0,0.009,1.81303,0.894,0.52366,199.07873,0.142,0.587322522,SOQIDYH12A6D4F79EA,11.0,0.121,-5.769,1,0.531,190.299,1.0,0.20111,93.259,4.0,0.863,0,2000,leona naess,0
0.607260129,0.403000799,ARUEYGC1187FB3D94B,41.88415,0,-87.63241,The Chi-Lites,0.0,disco,1.0,735578,0,0.0,1.0,0.381,1.41301,0.577,0.52202,274.83383,0.452,0.473912518,SOZSESR12AC468B782,9.0,0.401,-10.955,1,0.429,268.336,0.311,0.52202,139.925,4.0,0.0,0,1972,the chi-lites,0
0.428642713,0.307570735,ARW8K3V1187B9A4A14,0.0,0,0.0,Swans Of Avon,0.0,dark wave,0.999745521,744144,0,0.0,0.0,0.022,0.86579,0.711,0.13495,196.54485,3.715,-1.0,SONQTPR12AC4688276,4.0,0.152,-7.597,0,0.494,190.438,0.148,0.13495,166.011,4.0,0.0,0,1995,swans of avon,0
0.49125621,0.326208255,ARJ4B7V1187FB4CB90,0.0,0,0.0,DJ Godfather,0.0,electro,1.0,176242,0,0.0,0.0,0.826,0.38896,0.826,0.38896,45.08689,0.0,0.0,SOARLQW12A6D4FAC77,10.0,0.187,-9.691,0,0.565,45.087,1.0,0.21258,170.548,1.0,0.0,0,2003,dj godfather,0
0.53328688,0.42545458,ARLD4VD1187FB39009,0.0,0,0.0,Fast Eddie,0.0,hip house,1.0,514078,0,0.0,0.0,0.011,0.47255,1.0,0.47255,278.54322,0.0,-1.0,SOOPQHG12AB01872B9,6.0,0.844,-7.202,1,0.467,275.354,1.0,0.23408,126.039,4.0,0.718,0,1990,fast eddie,0
0.682101282,0.424108277,ARPATQ21187B9ACAFC,53.4796,0,-2.24881,Happy Mondays,0.0,alternative dance,0.999588059,42204,0,0.0,1.0,0.191,1.28291,0.825,0.24385,200.80281,0.152,0.592054388,SOKQGOQ12A8C13931A,11.0,0.504,-11.927,0,0.492,197.027,0.375,0.24385,113.781,4.0,1.0,0,1990,happy mondays,0
0.439634435,0.329543323,ARV4I6F1187FB4D595,0.0,0,0.0,5th Ward Boyz,0.0,hip hop,1.0,347107,0,0.0,0.0,0.092,1.09008,0.508,0.46748,120.81587,0.0,-1.0,SOHALYK12A8C13E218,9.0,0.169,-10.117,1,0.322,120.816,0.674,0.26086,95.466,3.0,0.712,0,1994,5th ward boyz,0
0.502744115,0.355432289,ARW4P0V1187B9B182E,0.0,0,0.0,Inhume,0.0,grindcore,1.0,424018,0,0.0,0.0,0.0,0.11618,0.0,0.11618,185.20771,0.0,-1.0,SOSCUFQ12AB0184B0B,6.0,0.341,-4.469,0,0.416,185.208,0.618,0.11618,141.423,1.0,0.0,0,2003,inhume,0
0.614870934,0.628246419,ARF3GX71187FB3EB66,0.0,0,0.0,Martina McBride,0.0,country,0.939349522,299181,0,0.0,2.0,0.489,0.69956,0.827,0.69956,349.33506,0.659,0.664130346,SOZSKYN12A8C13A883,1.0,0.392,-10.271,1,0.547,331.5,0.368,0.45979,127.434,4.0,0.0,0,2003,martina mcbride,0
0.669371502,0.566912407,ARGKD4W1187B990E04,33.71197,0,-84.10599,Brenda Lee,0.0,ballad,0.937094726,176456,0,0.0,1.0,0.002,1.46605,1.0,0.1326,188.26404,0.0,0.244099686,SOSWCXN12A6D4FAE3C,7.0,0.658,-10.002,1,0.26,180.471,0.364,0.1326,89.13,4.0,0.241,0,1960,brenda lee,0
0.654623463,0.406757087,AR07QYZ1187FB5BF78,0.0,0,0.0,Letters To Cleo,0.0,post-grunge,1.0,600448,0,0.0,0.0,0.14,0.11003,1.0,0.11003,220.76036,0.2,-1.0,SOZALUE12AF729C714,4.0,0.223,-6.037,1,0.272,213.6,0.546,0.11003,130.619,4.0,0.0,0,1997,letters to cleo,0
0.563048689,0.34822673,ARDNW1B1187FB4ABBB,0.0,0,0.0,Africando,0.0,salsa,1.0,261285,0,0.0,0.0,0.201,1.78145,0.868,0.46362,460.48608,0.427,0.358976526,SOKGCTC12A8C13D300,5.0,0.841,-6.846,1,0.792,451.826,0.658,0.13416,90.861,4.0,0.473,0,2003,africando,0
0.696816892,0.482100019,ARD8JVH1187FB4DA04,0.0,0,0.0,Bad Company,0.0,blues-rock,1.0,503061,0,0.0,1.0,0.002,1.40586,1.0,0.33213,365.24363,0.27,0.55820027,SOVIUUB12AB017F36F,2.0,0.539,-9.745,0,0.498,344.648,0.758,0.33213,116.486,4.0,0.861,0,1975,bad company,0
0.814829656,0.735765693,ARFCUN31187B9AD578,51.50632,0,-0.12714,The Rolling Stones,0.0,blues,0.999983058,350409,0,0.0,4.0,0.795,0.44761,0.795,0.44761,189.67465,0.189,0.664228033,SONLOKJ12AB0187617,4.0,0.523,-12.67,1,0.445,180.971,0.831,0.21512,132.903,1.0,0.0,0,1966,the rolling stones,0
0.632242851,0.453435791,ARC6UC81187B989062,40.71455,0,-74.00712,Hem,0.0,folk-pop,1.0,284966,0,0.0,1.0,0.299,0.50082,0.621,0.50082,222.74567,0.293,0.566707642,SOIIKIF12A8C131B3F,4.0,0.5,-14.519,1,0.572,216.776,0.0,0.21711,108.054,3.0,1.0,0,2000,hem,0
0.544483877,0.403250466,AR2MD2P1187FB5B328,0.0,0,0.0,Marshall Crenshaw,0.0,power pop,1.0,13393,0,0.0,0.0,0.091,0.49354,0.0,0.05908,95.86893,3.32,0.270775999,SODDUCR12A58A7756F,8.0,0.853,-11.026,1,0.678,93.205,0.223,0.05908,162.653,4.0,1.0,0,2000,marshall crenshaw,0
0.439809783,0.271597251,ARYZFGE1187FB39A8C,0.0,0,0.0,False Prophets,0.0,hardcore punk,1.0,651020,0,0.0,1.0,0.072,0.50759,0.583,0.50759,242.88608,0.345,0.382893364,SOODJVB12A58A7B187,0.0,0.6,-7.694,1,0.803,236.826,0.025,0.25671,119.048,4.0,0.195,0,1984,false prophets,0
0.626803106,0.405234691,ARJ9DSA1187B990E00,0.0,0,0.0,John Mayall & The Bluesbreakers,0.0,blues-rock,0.97665497,41943,0,0.0,2.0,0.04,0.15716,0.935,0.15716,156.9171,0.465,-1.0,SODOQYK12A6D4F77FF,0.0,0.263,-7.17,0,0.228,151.429,0.182,0.15716,120.736,4.0,0.212,0,1997,john mayall & the bluesbreakers,0
0.443930682,0.320427615,ARVAE1F1187B994957,39.95227,0,-75.16237,Gerald Veasley,0.0,smooth jazz,1.0,602012,0,0.0,0.0,0.287,4.58296,0.0,0.06915,251.21914,0.311,-1.0,SOCEAHC12AB0186B7A,5.0,0.733,-11.733,0,0.717,234.876,0.506,0.06915,76.693,4.0,1.0,0,1999,gerald veasley,0
0.378013152,0.339408486,AREYIHC1187B99CE0B,0.0,0,0.0,Brasilian Tropical Orchestra,0.0,bossa nova,1.0,33272,0,0.0,0.0,0.06,1.28963,0.022,0.52897,160.31302,0.258,0.304169503,SOAZGWL12A6D4F7AC2,5.0,0.513,-15.783,1,0.576,151.412,0.022,0.52897,159.848,4.0,0.166,0,1999,brasilian tropical orchestra,0
0.592238743,0.401734351,ARJ66JQ1187B99D2FF,0.0,0,0.0,Wordsworth,0.0,hip hop,1.0,504374,0,0.0,0.0,0.11,1.41965,0.082,0.36754,254.98077,0.0,0.444401715,SOZOVJG12AB018632B,6.0,0.2,-6.258,1,0.56,249.539,0.627,0.36754,120.2,3.0,1.0,0,2004,wordsworth,0
0.739834489,0.496783015,ARS6KFB1187FB59B12,0.0,0,0.0,K.I.Z.,0.0,hip hop,1.0,262877,0,0.0,0.0,0.648,0.82891,0.376,0.31532,331.31057,0.0,-1.0,SOKZVFO12A8C136AE7,5.0,0.392,-5.637,1,0.295,320.209,0.287,0.31532,120.234,4.0,0.906,0,2007,k.i.z.,0
0.591846288,0.37246298,ARO0R521187B98A2D1,0.0,0,0.0,2 Minutos,0.0,skate punk,0.882294682,500837,0,0.0,0.0,0.079,0.42745,0.715,0.42745,178.72934,0.363,-1.0,SOKPOMF12AB01855A6,0.0,0.359,-10.693,1,0.467,172.071,0.444,0.03105,102.055,4.0,0.33,0,2003,2 minutos,0
0.844085061,0.71366982,ARM7EDF1187B9B3FA1,0.0,0,0.0,Guns N' Roses,0.0,heavy metal,0.938552196,338588,0,0.0,3.0,0.036,1.35369,0.534,0.6533,352.96608,0.113,0.710365671,SODTTUB12AB0184F48,9.0,0.096,-7.483,1,0.303,340.968,0.58,0.1346,85.239,4.0,0.67,0,2008,guns n' roses,0
0.674854147,0.463757784,ARUHT3M1187FB44FB4,41.51776,0,-72.75753,Delirious,0.0,ccm,1.0,174180,0,0.0,1.0,0.009,1.75646,0.0,0.44884,225.14893,1.065,0.304169503,SOJDMEC12A67AE0C83,2.0,0.554,-9.833,1,0.491,213.664,0.148,0.12648,91.162,4.0,0.289,0,2000,delirious,0
0.659944919,0.434696913,ARDK6QW1187B9B8D85,53.93063,0,-1.20788,UK Subs,0.0,oi,1.0,610719,0,0.0,1.0,0.917,0.44839,0.917,0.44839,136.77669,0.527,0.215080319,SOIRJSM12A8C14299D,4.0,0.84,-6.856,1,0.657,132.725,0.359,0.22803,137.277,1.0,0.0,0,1986,uk subs,0
0.611555834,0.349776895,ARI6NMB1187FB3FE1E,35.83073,0,-85.97874,Jaime Jamgochian,0.0,modern rock,0.90336753,693114,0,0.0,0.0,0.051,0.69756,0.541,0.30288,231.60118,0.287,0.265861049,SOXPATI12AC907193E,7.0,0.661,-6.668,1,0.762,221.321,0.47,0.10999,151.939,4.0,0.769,0,2008,jaime jamgochian,0
0.583443024,0.385787615,ARZZRK91187B9A5CA5,18.01571,0,-76.79731,Delroy Wilson,0.0,rock steady,0.938055251,386484,0,0.0,0.0,0.081,0.05866,1.0,0.05866,191.73832,0.243,0.495421502,SOKXVWW12AB017BA92,7.0,0.97,-8.814,1,0.831,185.498,1.0,0.05866,142.066,4.0,0.0,0,1969,delroy wilson,0
0.507016081,0.421388265,AR06USW1187FB4EACA,37.77916,0,-122.42005,The Lord Weird Slough Feg,0.0,folk metal,0.987235519,474768,0,0.0,0.0,0.187,1.28682,0.958,0.32275,82.52036,0.703,-1.0,SOTOCBL12A8C142E58,8.0,0.145,-4.736,1,0.42,82.52,0.668,0.08361,125.418,3.0,1.0,0,2003,the lord weird slough feg,0
0.592472073,0.420627401,AR2HXXS1187B9AF3E2,0.0,0,0.0,Jesus Jones,0.0,dance rock,1.0,128679,0,0.0,1.0,0.02,1.45708,0.872,0.36776,227.73506,2.746,0.394394856,SOXWACL12A6D4F414B,4.0,0.673,-5.844,0,0.531,215.435,0.197,0.09645,110.47,4.0,0.83,0,1989,jesus jones,0
0.778142723,0.547746275,ARJG2ID1187B9A767E,51.31476,0,-0.56623,The Jam,0.0,british pop,0.900873366,29535,0,0.0,2.0,0.01,0.78155,0.928,0.34974,135.83628,0.285,0.413739836,SOUDAKO12A6D4F6A89,0.0,0.799,-8.015,1,0.361,135.836,1.0,0.13276,139.826,4.0,0.921,0,1980,the jam,0
0.383073612,0.0,AR22KZ51187B9A0A31,0.0,0,0.0,Five Fingers of Funk,0.0,funk metal,0.966388698,229185,0,0.0,0.0,0.14,0.90636,0.769,0.271,259.3171,0.218,-1.0,SOMVNKZ12A6D4FC54F,9.0,0.365,-12.595,1,0.392,242.979,0.639,0.271,96.627,4.0,1.0,0,1995,five fingers of funk,0
0.437843071,0.328144985,ARJ0NBU1187B9AA8FA,0.0,0,0.0,Vulgar Pigeons,0.0,math-core,0.976061067,427581,0,0.0,0.0,0.06,0.53774,0.603,0.05763,125.98812,0.0,0.0,SOZTOAE12A8C142E86,5.0,0.35,-3.619,0,0.261,117.127,0.43,0.05763,132.136,4.0,0.0,0,2004,vulgar pigeons,0
0.906619152,0.563403566,ARGMGHN1187B9B4213,0.0,0,0.0,Gym Class Heroes,0.0,hip hop,0.999903126,104584,0,0.0,1.0,0.681,0.45995,0.681,0.45995,186.46159,0.0,0.241655252,SOVAASF12A8C13941E,2.0,0.309,-6.244,0,0.341,183.118,0.809,0.27971,160.938,1.0,0.0,0,2005,gym class heroes,0
0.524821393,0.362162159,AR19JS91187B98CB66,0.0,0,0.0,Captain Hollywood Project,0.0,dance pop,1.0,621397,0,0.0,1.0,0.029,0.55092,1.0,0.17238,235.62404,0.329,0.525497119,SOKQYMF12AB0180F2A,0.0,0.406,-8.48,1,0.467,229.645,0.798,0.17238,159.083,4.0,0.265,0,1995,captain hollywood project,0
0.88348708,0.588649959,AR23C041187FB4D534,0.0,0,0.0,50 Cent,0.0,gangster rap,1.0,120255,0,0.0,1.0,0.0,0.38589,0.0,0.38589,27.68934,0.0,-1.0,SOFJSYG12A8C141D50,10.0,0.743,-13.102,0,0.687,27.689,0.0,0.38589,152.227,1.0,0.091,0,2007,50 cent,0
0.596593624,0.370036794,AR1USMR1187B9B6CD1,0.0,0,0.0,Tullycraft,0.0,twee pop,0.861888774,270470,0,0.0,0.0,0.151,0.78619,0.46,0.38848,206.13179,0.0,0.355285536,SOUAFIJ12A58A7CC67,5.0,0.562,-15.799,1,0.553,195.779,0.0,0.18962,144.438,4.0,0.363,0,1999,tullycraft,0
0.435448191,0.29168584,AR3CLBX1187FB5A307,0.0,0,0.0,Richi M.,0.0,hard trance,0.859670636,519966,0,0.0,0.0,0.005,0.89191,0.334,0.39769,350.22322,0.34,-1.0,SOIKIJC12AB01839D1,7.0,0.184,-7.21,1,0.332,350.223,0.802,0.14878,131.01,4.0,0.0,0,2000,richi m.,0
0.737893872,0.515597568,ARZRR0M1187FB3EE0A,0.0,0,0.0,Sub Focus,0.0,breakbeat,0.996051562,570866,0,0.0,1.0,0.316,0.39438,0.938,0.0493,292.98893,0.0,0.521659258,SOOEUXS12AB018AB2F,0.0,0.022,-5.036,1,0.293,285.571,1.0,0.0493,173.903,4.0,0.0,0,2005,sub focus,0
0.638073376,0.417967347,AR9O0LF1187B99D0D1,40.71455,0,-74.00712,Aisha Duo,0.0,jazz fusion,0.974777292,480199,0,0.0,0.0,0.075,1.27927,0.749,0.60595,288.60036,0.25,0.417641648,SOUGLCH12A8C140306,1.0,0.441,-19.744,0,0.592,283.864,0.601,0.27398,86.903,5.0,0.545,0,2005,aisha duo,0
0.505269396,0.0,ARORFIN1187FB3BE5C,43.0026,0,-83.7826,Danielle Bollinger,0.0,tribal house,0.959966526,814030,0,0.0,0.0,0.023,1.05829,0.912,0.13422,555.54567,0.119,-1.0,SOHAMPZ12AB018AB4A,1.0,0.458,-9.845,1,0.252,545.715,0.839,0.13422,130.001,4.0,0.0,0,2006,danielle bollinger,0
0.635087811,0.406508249,ARMR44C1187FB433D2,0.0,0,0.0,Penguin CafA(c) Orchestra,0.0,chamber jazz,1.0,28786,0,0.0,1.0,0.543,0.10403,0.543,0.10403,72.77669,0.0,0.541551998,SOFGXTD12A6D4F8861,2.0,0.0,-41.691,1,0.0,67.663,0.596,0.10403,33.009,1.0,0.0,0,1981,penguin cafa(c) orchestra,0
0.710531388,0.433728781,ARATR0U1187B9B76D0,0.0,0,0.0,Dead To Me,0.0,skate punk,0.949382518,415991,0,0.0,0.0,0.362,1.02227,0.321,0.38167,105.42975,0.0,0.561692411,SOOFFET12AB0181D0D,8.0,0.07,-6.5,1,0.309,105.43,0.829,0.06097,93.161,4.0,0.435,0,2008,dead to me,0
0.639158708,0.497544085,ARLE1JH1187B9B630B,0.0,0,0.0,Zbigniew Preisner,0.0,classic rock,0.998745546,275719,0,0.0,0.0,0.128,0.63367,0.627,0.15105,50.99057,0.322,0.450992312,SOLXKCY12A81C20EFC,2.0,0.0,-24.729,1,0.0,50.991,0.182,0.15105,125.15,4.0,0.0,0,1993,zbigniew preisner,0
0.680123829,0.398713948,ARZDQ3N1187FB5978B,0.0,0,0.0,Caspian,0.0,space rock,1.0,496974,0,0.0,1.0,0.103,1.53936,0.103,1.53936,125.07383,2.659,0.690815803,SOXSYXR12AB017D599,7.0,0.228,-23.246,1,0.322,108.437,0.074,1.3246,131.648,1.0,0.0,0,2007,caspian,0
0.877213746,1.082502557,ARRH63Y1187FB47783,0.0,0,0.0,Kanye West / Consequence / Cam'Ron,0.0,hip hop,1.0,15270,0,0.0,2.0,0.566,0.16644,0.628,0.16644,333.34812,0.08,-1.0,SORUAXY12A67020A4B,10.0,0.693,-6.029,0,0.559,326.124,0.303,0.16644,114.39,4.0,1.0,0,2005,kanye west / consequence / cam'ron,0
0.625762202,0.449493483,ARWDEEB11E2835E73C,51.50632,0,-0.12714,Faces,0.0,blues-rock,0.927294757,512814,0,0.0,1.0,0.007,0.8268,1.0,0.26527,187.42812,0.212,0.490808488,SOEZDAP12AB0184409,2.0,0.0,-9.363,1,0.0,175.543,0.721,0.26527,119.028,4.0,0.0,0,1973,faces,0
0.594832624,0.378649979,AR9YV621187B99373E,0.0,0,0.0,Marco Beltrami,0.0,soundtrack,1.0,64169,0,0.0,1.0,0.214,3.68653,0.263,2.03867,201.61261,0.0,0.0,SOPUGFD12A6D4FB501,7.0,0.058,-23.685,1,0.363,182.079,0.017,1.7665,148.555,5.0,1.0,0,2004,marco beltrami,0
0.569477757,0.396094372,ARS7E2E1187FB361BC,31.1689,0,-100.07715,Mayday,0.0,folk-pop,0.93055479,109079,0,0.0,0.0,0.0,0.19091,0.0,0.19091,144.40444,0.12,0.345802234,SOUSOTU12A8C13A8E4,4.0,0.437,-7.759,0,0.368,134.49,0.916,0.19091,148.661,1.0,0.0,0,2005,mayday,0
0.517274593,0.349431338,AR6BHP31187FB365E1,36.06899,0,-79.7947,Sonny Terry,0.0,harmonica blues,0.983158056,356383,0,0.0,1.0,1.0,0.16314,1.0,0.16314,149.41995,0.334,-1.0,SOJHNUQ12AB0186526,1.0,0.0,-17.294,0,0.202,143.07,0.294,0.16314,150.059,1.0,0.0,0,1994,sonny terry,0
0.609819761,0.419967936,AR8FMEN1187FB4A657,34.05349,0,-118.24532,Lizzy Borden,0.0,heavy metal,1.0,560292,0,0.0,0.0,0.01,0.91466,0.522,0.39522,379.11465,0.0,0.375984302,SOBWOOT12AB0183896,5.0,0.102,-4.431,1,0.522,367.74,0.637,0.13485,115.115,4.0,0.432,0,2007,lizzy borden,0
0.44110768,0.334002498,AREDTTS1187FB5357E,0.0,0,0.0,Eric Champion,0.0,ccm,1.0,80473,0,0.0,0.0,0.019,0.93582,1.0,0.41756,310.77832,0.386,-1.0,SOACNEJ12A6D4F6AB6,8.0,0.358,-9.516,1,0.395,294.748,0.739,0.15649,115.656,4.0,1.0,0,1993,eric champion,0
0.509952451,0.363132404,ARI28VJ1187FB4EAD7,0.0,0,0.0,Slackbaba,0.0,chill-out,0.867784427,727695,0,0.0,0.0,0.58,0.54578,0.58,0.54578,488.25424,0.688,-1.0,SOKCQWQ12AB0189111,0.0,0.326,-7.319,0,0.353,456.644,0.212,0.19434,68.0,1.0,0.0,0,2006,slackbaba,0
0.645720023,0.543954417,AROY6XW1187B991121,0.0,0,0.0,Steve Vai,0.0,instrumental rock,0.998934632,284122,0,0.0,1.0,0.064,1.02373,0.0,0.50378,364.53832,2.525,0.589438878,SOEMAZF12A8C131697,4.0,0.563,-6.436,1,0.534,356.867,0.307,0.23666,112.149,4.0,0.855,0,1999,steve vai,0
0.601069052,0.359185993,ARSPQ0H1187B999944,54.97938,0,-1.54508,Eric Burdon,0.0,blues-rock,0.964911753,468717,0,0.0,1.0,0.041,1.25299,1.0,0.62317,288.70485,0.195,0.345802234,SOKKLMZ12AB018A141,9.0,0.398,-6.503,0,0.395,280.137,1.0,0.30049,97.233,4.0,0.0,0,2006,eric burdon,0
0.641197515,0.448653471,AR4TLW81187B99683D,0.0,0,0.0,Martin Sexton,0.0,blue-eyed soul,0.934193031,266901,0,0.0,1.0,0.284,2.00526,0.703,1.16825,267.36281,2.142,-1.0,SOJVLTP12A8C13C83A,7.0,0.407,-7.322,1,0.57,258.392,0.226,0.95607,141.438,4.0,0.574,0,1998,martin sexton,0
0.709472621,0.451998594,AR57Z841187B9B7D7D,0.0,0,0.0,Gregory Isaacs,0.0,lovers rock,0.97497407,345231,0,0.0,1.0,0.001,0.19048,0.93,0.19048,216.5024,0.38,-1.0,SOBTQJS12AB017E85E,5.0,0.51,-10.918,1,0.387,208.753,1.0,0.19048,138.356,4.0,0.338,0,2001,gregory isaacs,0
0.515044056,0.316692162,ARGNGRI11E2835D567,0.0,0,0.0,Tam Tam Go!,0.0,pop rock,0.873697928,286010,0,0.0,1.0,0.013,0.54932,0.98,0.12172,190.04036,0.241,-1.0,SOTUHTD12A8C133D88,7.0,0.252,-11.324,1,0.399,179.101,0.351,0.12172,141.394,4.0,0.498,0,1993,tam tam go!,0
0.541231189,0.360170271,ARUNYOW1187FB43F2A,34.96578,0,-80.07691,Blind Boy Fuller,0.0,country blues,0.975305276,99103,0,0.0,0.0,0.665,0.51248,0.665,0.51248,167.99302,0.349,-1.0,SOREKVX12A8C13887F,1.0,0.878,-15.631,1,0.808,162.255,0.0,0.51248,96.019,1.0,0.0,0,1995,blind boy fuller,0
0.641963524,0.537209539,AR58JT11187B9AF4CC,41.30711,0,-72.92496,Carpenters,0.0,soft rock,1.0,51445,0,0.0,1.0,0.246,1.45027,0.596,0.76111,134.60853,0.0,0.38293509,SOGDOEZ12A6D4F9FBF,10.0,0.771,-17.001,1,0.663,127.472,0.384,0.42189,80.182,4.0,0.459,0,1992,carpenters,0
0.337576041,0.0,AR5RA3W1187B9B4A22,0.0,0,0.0,Pepe Kalle,0.0,afrobeat,0.962674108,609331,0,0.0,0.0,0.032,0.81254,0.782,0.386,369.52771,0.355,-1.0,SOZKTRT12A58A7CF13,7.0,0.789,-9.008,1,0.72,357.907,0.739,0.386,140.269,4.0,0.84,0,2005,pepe kalle,0
0.690626256,0.42080185,ARHL8SP1187B98F8A3,40.71455,0,-74.00712,Sick Of It All,0.0,hardcore punk,1.0,9683,0,0.0,2.0,0.094,1.94553,0.0,0.21031,223.7122,1.611,0.270775999,SOQDCJO12A6701C086,4.0,0.307,-8.814,0,0.375,206.466,0.544,0.21031,101.143,7.0,1.0,0,1994,sick of it all,0
0.478083521,0.378387398,AR0CWOB1187B99FA08,0.0,0,0.0,Christophe Beck,0.0,electronica,1.0,90441,0,0.0,0.0,0.318,1.58177,0.736,0.92695,150.09914,2.781,-1.0,SOFLXUY12A8C1364F6,5.0,0.318,-25.661,1,0.558,150.099,0.109,0.70726,94.843,4.0,0.106,0,2006,christophe beck,0
0.53915621,0.360648925,ARRS5961187B99F9DE,0.0,0,0.0,Nicho Hinojosa,0.0,male vocalist,0.869700238,514617,0,0.0,0.0,0.35,0.11966,1.0,0.11966,188.36853,0.078,0.561428518,SOGHTLP12AB0187CE8,11.0,0.339,-9.105,0,0.553,180.547,1.0,0.11966,98.705,4.0,0.375,0,2001,nicho hinojosa,0
0.590818773,0.420945486,ARRW6DJ1187FB50A67,40.71455,0,-74.00712,Pacha Massive,0.0,trip hop,1.0,223123,0,0.0,0.0,0.014,1.22791,1.0,0.27478,300.93016,0.253,0.558033229,SOZUEFV12A8C141169,9.0,0.378,-7.761,0,0.332,282.256,1.0,0.04164,125.994,4.0,0.023,0,2007,pacha massive,0
0.492682066,0.33029473,ARSMT991187B9A5C45,0.0,0,0.0,Keira Green,0.0,hard trance,0.957679241,811753,0,0.0,0.0,0.095,0.84109,0.976,0.40892,181.26322,0.0,-1.0,SOTUQQU12AB018CE53,0.0,0.3,-7.278,1,0.352,177.006,0.544,0.19391,140.979,4.0,0.0,0,2004,keira green,0
0.414995146,0.269230688,ARROKMI1187B9B42D0,0.0,0,0.0,L.a. Dream Team,0.0,electro hip hop,0.865215213,322088,0,0.0,0.0,0.077,0.63723,0.0,0.38854,314.90567,0.0,-1.0,SODVBYU12A8C13CB5B,6.0,0.355,-15.734,0,0.232,302.51,0.293,0.38854,241.52,4.0,1.0,0,1985,l.a. dream team,0
0.746213857,0.476955046,ARGLOWN1187B99C06D,34.82353,0,-89.99726,North Mississippi Allstars,0.0,blues-rock,1.0,220052,0,0.0,1.0,0.034,0.7608,0.94,0.23845,219.0624,0.184,0.372530039,SOJPYPL12A58A7A601,9.0,0.171,-5.827,1,0.419,212.045,1.0,0.23845,114.116,4.0,0.761,0,2005,north mississippi allstars,0
0.587818593,0.343062991,ARZ4F9B1187FB3C979,52.88356,0,-1.97406,Steve Porter,0.0,progressive house,1.0,813587,0,0.0,1.0,0.08,0.88793,0.914,0.04061,509.33506,0.461,0.0,SOZDRYB12AB0188108,11.0,0.0,-9.369,0,0.0,497.615,0.731,0.04061,139.044,4.0,0.547,0,2000,steve porter,0
0.618692142,0.42272137,ARB2M051187FB56FA9,40.71455,0,-74.00712,The Sugarhill Gang,0.0,hip hop,1.0,795563,0,0.0,1.0,0.232,0.46033,0.789,0.17739,451.02975,0.276,-1.0,SONJYDQ12AB018B0F7,1.0,0.49,-9.836,1,0.477,441.376,0.524,0.03592,213.617,7.0,0.922,0,1981,the sugarhill gang,0
0.689494765,0.35590563,ARI6CSW1187B9AF09A,0.0,0,0.0,Eko Fresh feat. Summer Cem & DJ Ses,0.0,pop rap,0.93325637,300080,0,0.0,1.0,0.121,1.68608,1.0,0.3879,244.63628,0.333,-1.0,SOATICR12A8C139BDB,6.0,0.848,-6.523,1,0.533,241.418,0.876,0.0638,91.987,4.0,1.0,0,2003,eko fresh feat. summer cem & dj ses,0
0.822316236,0.508813195,ARTE9CG1187B99B1AF,0.0,0,0.0,DMX,0.0,hip hop,1.0,8506,0,0.0,1.0,0.524,1.1248,0.559,0.48692,306.05016,0.125,0.514753324,SOFECIK12A6701DA51,1.0,0.141,-4.557,1,0.235,290.313,0.493,0.16757,92.4,4.0,0.628,0,2001,dmx,0
0.471391496,0.25889082,AR27CRT1187B9BA011,0.0,0,0.0,Jordan & Baker,0.0,hard trance,0.912449591,65942,0,0.0,0.0,0.152,1.07902,1.0,0.21239,424.9073,0.398,-1.0,SONBXVT12A67ADC81D,6.0,0.007,-8.171,0,0.046,421.1,0.94,0.21239,138.997,3.0,0.023,0,2002,jordan & baker,0
0.587827036,0.379980017,AR6G29T1187B9A99F9,0.0,0,0.0,KMD,0.0,grime,0.816189232,559011,0,0.0,0.0,0.016,0.17061,0.67,0.17061,147.22567,2.026,0.721142987,SOFYQSO12AB018A0DA,4.0,0.455,-9.647,0,0.382,140.428,0.195,0.17061,103.967,4.0,0.982,0,2001,kmd,0
0.899934952,0.675887011,ARH6W4X1187B99274F,0.0,0,0.0,Radiohead,0.0,british pop,0.99997276,1036,0,0.0,5.0,0.157,1.04217,0.0,0.43003,281.12934,0.2,0.607474548,SOVAHZK12A6310F23C,2.0,0.488,-12.186,1,0.476,281.129,0.524,0.03807,99.68,3.0,0.693,0,2009,radiohead,0
0.590818773,0.420945486,ARRW6DJ1187FB50A67,40.71455,0,-74.00712,Pacha Massive,0.0,trip hop,1.0,800001,0,0.0,0.0,0.341,1.15088,0.513,0.5854,205.89669,0.0,-1.0,SOUECYK12AAF3B3AC7,11.0,0.013,-4.493,0,0.315,200.94,1.0,0.30698,105.991,4.0,0.143,0,2006,pacha massive,0
0.730959086,0.481426937,AR2FSX31187B98E3EF,0.0,0,0.0,Ricky Martin,0.0,latin,1.0,287708,0,0.0,1.0,0.319,4.17164,0.724,3.32104,336.19546,5.352,0.551921515,SOQLAEP12A8C1372F1,3.0,0.764,-8.527,1,0.726,329.578,0.054,3.32104,141.71,4.0,0.0,0,2001,ricky martin,0
0.603550952,0.303618163,ARB5S4L1187FB4AD20,0.0,0,0.0,Carlos Ponce,0.0,male vocalist,0.86803755,25936,0,0.0,0.0,0.014,0.98596,0.989,0.30946,240.3522,0.241,0.0,SOXAMTJ12A58A7CD18,7.0,0.773,-5.933,1,0.647,228.641,0.801,0.14117,89.981,4.0,0.089,0,2002,carlos ponce,0
0.690080124,0.466775622,ARQXR6R1187FB46FD6,0.0,0,0.0,Soul Asylum,0.0,hard rock,1.0,308432,0,0.0,1.0,0.027,0.62139,0.493,0.27862,235.20608,2.81,0.372530039,SOQTFNI12A8C140C91,7.0,0.479,-5.225,1,0.49,219.103,0.363,0.11275,151.941,4.0,0.863,0,2006,soul asylum,0
0.626208343,0.424271114,ARNG61X1187B98C7DF,0.0,0,0.0,5 Blind Boys Of Alabama,0.0,soul blues,0.943676917,197970,0,0.0,1.0,0.475,0.88131,1.0,0.2988,173.71383,0.548,0.0,SOHOHZQ12A8C134AAB,4.0,0.793,-15.682,1,0.696,167.166,0.957,0.2988,110.879,4.0,0.491,0,1996,5 blind boys of alabama,0
0.564333839,0.387081085,ARIFK6X1187B9ADA44,51.16418,0,10.45415,Will Ackerman,0.0,chamber jazz,1.0,296868,0,0.0,0.0,0.539,0.33685,0.539,0.33685,194.19383,0.311,0.334706549,SOCFGRK12A8C137C8C,4.0,0.754,-28.95,1,0.832,178.347,0.685,0.33685,91.6,1.0,0.0,0,1992,will ackerman,0
0.623696863,0.400211298,AR07VS41187FB37944,0.0,0,0.0,Mungo Jerry,0.0,pop rock,0.981713632,537529,0,0.0,1.0,0.154,0.5276,0.0,0.16731,155.24526,0.996,-1.0,SOTDUIP12AB017EDD5,9.0,0.49,-15.512,1,0.498,147.389,0.47,0.16731,167.793,4.0,1.0,0,2001,mungo jerry,0
0.69044755,0.507781667,ARBM4TC1187FB5CE98,0.0,0,0.0,Natalie Cole,0.0,vocal jazz,0.999038018,513253,0,0.0,1.0,0.341,0.82303,0.0,0.82303,236.19873,0.0,-1.0,SOHBOKB12AB018523D,5.0,0.554,-7.092,1,0.501,227.294,0.0,0.82303,167.697,3.0,1.0,0,2008,natalie cole,0
0.7087354,0.542289933,AR4GAFY1187B9B639D,0.0,0,0.0,B.B.King,0.0,blues-rock,0.903831242,469045,0,0.0,1.0,0.435,0.46932,0.435,0.46932,167.49669,0.0,-1.0,SOLMDFX12A6D227250,1.0,0.028,-10.182,1,0.074,163.602,0.424,0.18459,105.552,1.0,0.41,0,1956,b.b.king,0
0.69044755,0.507781667,ARBM4TC1187FB5CE98,0.0,0,0.0,Natalie Cole,0.0,vocal jazz,0.999038018,297586,0,0.0,1.0,0.222,1.16303,0.453,0.6889,154.61832,0.672,0.585579082,SOKHAHZ12A8C138045,8.0,0.31,-15.084,1,0.547,149.014,0.453,0.6889,118.222,4.0,1.0,0,1991,natalie cole,0
0.52524756,0.364556676,ARSMRIN1187B9AB35A,0.0,0,0.0,Paul Rogers,0.0,blues-rock,0.99604491,528723,0,0.0,0.0,0.013,1.44269,0.623,0.50076,265.01179,0.0,0.327736683,SOJLHAD12A67ADF6A9,2.0,0.599,-7.416,1,0.611,265.012,0.49,0.26527,134.551,4.0,0.0,0,1993,paul rogers,0
0.75738997,0.51676403,AR5OB9M1187FB52F29,0.0,0,0.0,Darryl Worley,0.0,soft rock,1.0,46458,0,0.0,0.0,0.272,2.49308,0.682,0.97864,239.56853,0.0,0.589770424,SOQEDJW12A6D4FB3F3,11.0,1.0,-7.324,1,1.0,226.424,0.662,0.60283,79.534,4.0,0.325,0,2000,darryl worley,0
0.776885722,0.586086207,ARN7POH1187B9B301E,0.0,0,0.0,Jessica Simpson,0.0,teen pop,1.0,290937,0,0.0,1.0,0.314,0.39587,0.0,0.0378,250.04363,0.919,-1.0,SODANQM12CF5F890BC,5.0,0.633,-6.53,1,0.511,235.967,0.436,0.0378,163.848,4.0,0.384,0,2003,jessica simpson,0
0.70366489,0.448223589,AR7DFJP1187B992F13,0.0,0,0.0,Juana Molina,0.0,folktronica,0.913431511,204047,0,0.0,1.0,0.306,0.9726,1.0,0.28474,159.65995,4.365,0.643470577,SOVKCHA12A58A7D703,11.0,0.113,-13.092,1,0.506,142.698,1.0,0.11256,87.461,4.0,1.0,0,2003,juana molina,0
0.839021531,0.562834751,AR9NA5G1187B98F460,42.33168,0,-83.04792,The Raconteurs,0.0,blues-rock,1.0,44391,0,0.0,1.0,0.949,0.57854,0.949,0.57854,230.5824,0.221,-1.0,SOKEDWE12A6D4F9592,4.0,0.605,-7.377,0,0.517,209.386,0.584,0.34574,128.186,1.0,0.537,0,2006,the raconteurs,0
0.50087616,0.379228069,AR22KLC1187B98E812,0.0,0,0.0,Kaija Koo,0.0,humppa,0.864721157,217876,0,0.0,1.0,0.085,0.27765,0.0,0.27765,240.45669,3.262,0.548412286,SONIYKB12A8C13C92A,6.0,0.321,-6.858,1,0.483,229.158,0.131,0.27765,115.979,4.0,0.336,0,1993,kaija koo,0
0.500789342,0.309471988,ARKZT1W1187FB54EEA,37.27188,0,-119.27023,Marilyn Scott,0.0,vocal jazz,1.0,627746,0,0.0,0.0,0.041,1.38661,0.791,0.30275,245.62893,0.0,0.0,SOLOWOD12AB0180EB5,6.0,0.369,-11.574,1,0.481,237.018,1.0,0.30275,110.226,4.0,0.79,0,1995,marilyn scott,0
0.612953154,0.454541929,AR3QRJ91187B98E4C2,48.85692,0,2.34121,Jacques Dutronc,0.0,chanson,1.0,279598,0,0.0,2.0,0.773,0.67842,0.0,0.17184,189.36118,3.529,0.215080319,SOBAUUL12A8AE4817B,4.0,0.568,-9.774,1,0.532,185.452,0.105,0.17184,112.78,4.0,0.322,0,2004,jacques dutronc,0
0.858677442,0.618219159,AR46CAD1187FB4D84B,34.05349,0,-118.24532,Bad Religion,0.0,hardcore punk,1.0,309206,0,0.0,2.0,0.349,1.00643,0.774,0.51489,247.58812,0.0,0.698494468,SOBMNXE12A8C140F8A,10.0,0.438,-8.512,1,0.54,229.262,0.704,0.26912,121.524,4.0,0.468,0,1994,bad religion,0
0.452983132,0.328094925,ARZU9NI1187B9AEE08,59.37991,0,13.49942,Babylon Disco,0.0,breakcore,1.0,473977,0,0.0,0.0,0.091,1.75124,0.0,0.41323,153.44281,2.421,0.26376759,SOODIJF12A8C13FDBB,1.0,0.044,-5.144,1,0.159,149.589,0.271,0.11507,133.353,5.0,0.711,0,2005,babylon disco,0
0.701118744,0.415441656,ARWQ3M31187FB4CF01,33.74831,0,-84.39111,ARRESTED DEVELOPMENT,0.0,hip hop,1.0,262815,0,0.0,1.0,0.168,1.63817,0.774,0.59583,270.36689,0.299,0.212045406,SOSMONK12A8C139059,1.0,0.882,-7.248,1,0.827,267.505,0.363,0.33751,116.032,4.0,1.0,0,2002,arrested development,0
0.710901466,0.517990221,ARANIJI11F4C83EFD2,0.0,0,0.0,Toots & The Maytals,0.0,reggae,1.0,15683,0,0.0,1.0,0.092,0.28764,1.0,0.28764,128.33914,0.27,-1.0,SOIVYLE12A67020ED4,1.0,0.0,-13.276,1,0.0,117.806,0.933,0.28764,115.365,4.0,1.0,0,1996,toots & the maytals,0
0.579424109,0.386441097,AR7AOEJ1187FB3D279,33.35303,0,-90.59005,Little Milton,0.0,electric blues,0.940027818,269897,0,0.0,0.0,0.117,1.60832,0.621,0.35662,438.88281,0.0,0.0,SONPGMN12A8C1403FD,1.0,0.758,-16.553,1,0.606,432.257,0.445,0.04292,97.521,3.0,0.388,0,2007,little milton,0
0.765357013,0.755149913,ARGVJPK1187B9909EA,0.0,0,0.0,Josh Groban,0.0,pop rock,0.958328388,138173,0,0.0,1.0,0.096,1.0242,0.198,0.16996,286.27546,0.0,0.694372457,SORJGIG12A8AE46ABB,8.0,0.257,-10.439,0,0.383,286.275,0.326,0.16996,142.98,4.0,0.383,0,2004,josh groban,0
0.653340693,0.449608088,ARLLRL61187B9B6698,47.25513,0,-122.44165,The Sonics,0.0,rock 'n roll,0.945133321,551402,0,0.0,1.0,0.147,1.07613,0.649,0.34108,171.15383,0.242,0.425124658,SOWBFRD12AB017EA35,9.0,0.561,-14.876,0,0.455,153.919,0.649,0.34108,163.371,3.0,0.719,0,1967,the sonics,0
0.5623863,0.390361005,ARYC2P31187B9B9AB7,0.0,0,0.0,Seguridad Social,0.0,rumba,0.806943617,138736,0,0.0,0.0,0.204,0.2792,0.0,0.2792,378.04363,0.0,0.239629098,SOZTGIY12A8AE47722,0.0,1.0,-5.17,1,0.746,364.025,0.931,0.05387,140.043,3.0,1.0,0,2005,seguridad social,0
0.7669583,0.411295232,ARHAEXZ1187FB54F3C,0.0,0,0.0,N.E.R.D.,0.0,neo soul,0.999937145,10598,0,0.0,1.0,0.533,1.04602,0.533,1.04602,221.54404,0.0,0.27893839,SORCKJU12A67021859,6.0,0.725,-5.005,1,0.581,218.5,0.939,0.36739,61.303,1.0,1.0,0,2004,n.e.r.d.,0
0.73118423,0.549204384,ARD3LXU1187B9ABFC5,0.0,0,0.0,Sex Pistols,0.0,punk,1.0,816896,0,0.0,4.0,0.786,0.21025,0.786,0.21025,126.06649,0.16,0.304169503,SODDHDA12AB018CF6D,8.0,0.663,-4.871,1,0.501,126.066,0.915,0.21025,130.429,1.0,0.833,0,1998,sex pistols,0
0.558916244,0.392579878,ARZH0R61187FB422AE,38.62774,0,-90.19951,Fontella Bass,0.0,northern soul,1.0,499778,0,0.0,1.0,1.0,0.52299,1.0,0.52299,165.72036,0.0,-1.0,SOOCYBE12A58A7928D,11.0,0.0,-9.155,0,0.049,153.13,1.0,0.27766,124.369,1.0,0.0,0,1965,fontella bass,0
0.727497337,0.537267237,ARTSGR41187B9912C6,0.0,0,0.0,W.A.S.P.,0.0,heavy metal,0.999935881,163245,0,0.0,1.0,0.037,2.04317,0.219,0.19199,193.74975,0.45,0.561164085,SOXLBTX12A8C13CDF9,8.0,0.006,-7.944,0,0.364,184.274,0.219,0.19199,161.032,7.0,0.933,0,2007,w.a.s.p.,0
0.496593065,0.351449541,AR59C6A1187B9B2143,-24.9162,0,133.39311,The Cat's Miaow,0.0,shoegaze,0.943155393,453419,0,0.0,0.0,0.507,0.0827,0.507,0.0827,46.00118,0.078,-1.0,SOEKCPO12AB0181049,7.0,0.645,-13.924,1,0.637,46.001,0.71,0.0827,150.735,1.0,0.0,0,1996,the cat's miaow,0
0.740250721,0.516771088,ARYVGP31187B9A531A,0.0,0,0.0,John Mellencamp,0.0,heartland rock,1.0,286998,0,0.0,1.0,0.624,0.162,0.0,0.162,218.67057,3.17,-1.0,SOPZQYB12AF72A186C,2.0,0.636,-11.413,1,0.632,213.316,0.078,0.162,157.419,4.0,0.061,0,2001,john mellencamp,0
0.590360325,0.371786734,ARY1VGA1187FB5A39E,56.85147,0,-101.04893,Tom Cochrane,0.0,heartland rock,0.963241515,28512,0,0.0,1.0,0.063,0.99724,0.566,0.45433,220.81261,0.392,0.0,SOTWQOG12A6D4F9421,2.0,0.938,-6.918,1,0.624,215.162,1.0,0.17542,119.331,3.0,0.591,0,1997,tom cochrane,0
0.488278509,0.25574817,AR7EL201187B9B85D9,39.52517,0,-87.1187,Henry Lee Summer,0.0,heartland rock,0.942766477,282281,0,0.0,0.0,0.052,0.12676,0.0,0.12676,266.4224,3.791,0.480610618,SOHLVJA12A8C131840,9.0,0.474,-10.228,1,0.58,250.021,0.101,0.12676,127.68,4.0,0.163,0,1988,henry lee summer,0
0.693327979,0.419408141,ARHRKTK1187B99E1D5,42.33168,0,-83.04792,Jackie Wilson,0.0,chicago soul,0.887425414,689033,0,0.0,1.0,0.05,1.03189,0.664,0.46519,141.81832,0.22,0.265861049,SOQVOUZ12AC468B719,0.0,0.739,-14.819,1,0.664,131.918,0.0,0.18183,106.328,3.0,0.395,0,1959,jackie wilson,0
0.45308525,0.382668086,ARUHX3U1187FB57A44,45.49919,0,-78.24499,Janie Fricke,0.0,country rock,0.908744315,616346,0,0.0,0.0,0.413,0.6935,1.0,0.23083,194.5073,0.549,-1.0,SOPFSDI12AAF3B4929,4.0,0.404,-12.061,1,0.428,188.947,0.636,0.23083,130.02,4.0,0.881,0,1999,janie fricke,0
0.372221927,0.352563985,ARNNC731187FB55D14,0.0,0,0.0,Kary Ng,0.0,cantonese pop,1.0,29772,0,0.0,1.0,0.027,1.20313,0.866,0.10968,209.55383,0.618,-1.0,SOTCACH12A6D4F7788,4.0,0.412,-7.165,0,0.516,189.452,0.871,0.10968,110.009,3.0,0.333,0,2006,kary ng,0
0.567461244,0.383210969,ARIT8YH1187FB43F30,0.0,0,0.0,Arthur Brown,0.0,blues-rock,0.938765807,15373,0,0.0,1.0,0.044,0.87634,0.875,0.35939,422.16444,0.305,0.636287224,SOGGMZY12A6701FE43,5.0,0.523,-14.1,0,0.465,413.693,0.484,0.35939,114.754,4.0,0.782,0,1968,arthur brown,0
0.508359903,0.380494621,ARPGYM11187FB4B1E1,35.83073,0,-85.97874,Owsley,0.0,power pop,1.0,762480,0,0.0,0.0,0.705,0.14845,0.705,0.14845,179.64363,0.088,0.20371197,SOVBPAE12AB01862BF,4.0,0.069,-4.672,0,0.266,169.999,1.0,0.14845,83.689,1.0,1.0,0,1999,owsley,0
0.553104833,0.360350448,AR6TD9K1187B9A207D,35.00459,0,-91.25019,Sister Rosetta Tharpe,0.0,religious music,0.929663575,191294,0,0.0,0.0,0.916,0.16728,0.916,0.16728,162.40281,0.27,0.0,SOATHRP12A8C13407D,0.0,0.0,-15.6,0,0.022,153.641,0.609,0.16728,181.861,1.0,0.0,0,2002,sister rosetta tharpe,0
0.023504192,0.524449471,ARX2DLI1187FB4DD03,0.0,0,0.0,The Presets,0.0,dance rock,0.999880965,69889,0,0.0,1.0,0.858,0.9439,0.858,0.9439,243.9571,0.419,0.594854168,SOIQNWY12A67AD87D3,0.0,0.773,-6.13,1,0.534,230.87,0.554,0.05316,59.496,1.0,0.0,0,2006,the presets,0
0.708436678,0.623970266,ARIFGKC1187B9B04D5,0.0,0,0.0,Dean Martin,0.0,vocal,0.80351834,539879,0,0.0,1.0,0.009,0.89401,0.89,0.38671,145.99791,0.334,-1.0,SORFQYM12A58A7CEAF,2.0,0.144,-14.103,1,0.29,136.446,0.503,0.04767,120.458,4.0,0.0,0,2002,dean martin,0
0.621825362,0.507962145,ARXGWNG1187FB503A5,0.0,0,0.0,Ini Kamoze,0.0,dancehall,1.0,715719,0,0.0,1.0,0.021,0.24331,0.826,0.24331,229.66812,0.218,0.212045406,SOFCXZJ12AB0185D3E,2.0,0.946,-7.262,1,0.572,229.668,0.27,0.07533,119.27,5.0,1.0,0,2009,ini kamoze,0
0.537160563,0.382843062,ARJTX7M1187FB4CED3,52.88356,0,-1.97406,Be Bop Deluxe,0.0,art rock,0.984629331,23997,0,0.0,1.0,0.294,1.84749,0.594,0.89933,312.58077,3.28,0.405115722,SODJFJT12A6D4F67EB,4.0,0.293,-11.803,1,0.379,308.216,0.105,0.67355,127.803,4.0,0.0,0,1977,be bop deluxe,0
0.513467522,0.383677983,ARON0YP1187FB4B465,40.71455,0,-74.00712,Fiona,0.0,chinese music,0.878186717,513397,0,0.0,0.0,0.069,1.78185,0.711,1.2268,254.17098,4.47,0.313836847,SOURQEX12AB0188474,1.0,0.679,-9.648,1,0.56,238.155,0.083,1.2268,108.738,4.0,0.264,0,1989,fiona,0
0.47432902,0.347134883,AR4R84C1187FB3EC16,40.71455,0,-74.00712,Shelly Manne,0.0,hard bop,1.0,110361,0,0.0,0.0,0.246,0.77311,0.279,0.34697,177.47546,0.493,-1.0,SOTPLEJ12A8C13BE58,3.0,0.323,-16.017,0,0.375,165.901,0.343,0.13389,141.743,3.0,0.373,0,2002,shelly manne,0
0.561131213,0.554291489,AR06EB01187FB40150,0.0,0,0.0,NOFX,0.0,punk,1.0,239879,0,0.0,3.0,0.145,0.59895,0.315,0.59895,158.11873,0.125,-1.0,SOOFUMT12A8C133296,4.0,0.0,-4.795,0,0.113,151.092,0.378,0.16895,94.898,3.0,0.165,0,2006,nofx,0
0.620392056,0.390660523,ARLDW2Y1187B9B544F,39.75911,0,-84.19444,Tommy James And The Shondells,0.0,brill building pop,0.939209027,60341,0,0.0,0.0,0.012,0.80896,1.0,0.196,161.85424,0.356,0.557187768,SODRPTE12A58A7BE10,0.0,0.659,-13.961,1,0.675,151.057,0.446,0.196,100.191,4.0,0.682,0,1967,tommy james and the shondells,0
0.593778641,0.409280884,ARLGLI61187FB4693E,0.0,0,0.0,Ghost Machine,0.0,alternative metal,1.0,463170,0,0.0,0.0,0.307,0.96367,0.831,0.21342,201.29914,0.0,0.736265035,SOYMUVZ12AB018044B,5.0,0.051,-4.428,1,0.511,192.581,1.0,0.21342,160.057,4.0,1.0,0,2005,ghost machine,0
0.568897347,0.374986646,ARZ4UWR1187FB41898,0.0,0,0.0,Fastway,0.0,heavy metal,0.993363103,280165,0,0.0,0.0,0.15,0.9047,0.0,0.44275,302.15791,2.125,0.445454526,SOEYKSX12A8AE473AF,9.0,0.453,-8.513,0,0.446,282.569,0.187,0.21516,133.393,4.0,0.852,0,1986,fastway,0
0.307322663,0.0,AR44SDE1187FB4DC8A,0.0,0,0.0,23rd Turnoff,0.0,freakbeat,1.0,431153,0,0.0,0.0,0.564,0.60117,0.564,0.60117,143.80363,0.315,-1.0,SORTLYF12A8C1461FC,4.0,0.238,-11.688,1,0.364,133.857,0.168,0.26431,91.118,1.0,0.0,0,2001,23rd turnoff,0
0.530412427,0.371109802,ARYCQBH1187B9B1BE4,58.59232,0,25.80695,MetsatAPll,0.0,folk rock,0.999527428,756551,0,0.0,2.0,0.061,0.96604,0.5,0.48201,269.81832,0.0,-1.0,SOZOSQN12AB01872A1,4.0,0.28,-4.045,0,0.365,266.089,0.368,0.16304,134.897,4.0,0.48,0,2010,metsatapll,0
0.555730918,0.352868134,ARQRD391187FB5515A,0.0,0,0.0,Chelsea,0.0,pop rock,1.0,527947,0,0.0,1.0,0.38,0.50695,0.424,0.1355,200.59383,0.0,-1.0,SORCKNW12A8C142B3F,5.0,0.349,-9.286,1,0.375,197.108,0.023,0.1355,167.604,4.0,0.831,0,1977,chelsea,0
0.752058096,0.48637051,AR0OQPL1187B9B549A,0.0,0,0.0,Kirk Franklin,0.0,gospel,0.706390618,524883,0,0.0,0.0,0.006,1.49003,0.755,0.32737,264.85506,0.0,0.563355096,SOIBXGH12A8C143C8B,1.0,0.563,-5.015,1,1.0,259.164,1.0,0.04135,104.048,4.0,0.548,0,2007,kirk franklin,0
0.506114299,0.331906722,AR5K5P91187FB41FE2,0.0,0,0.0,Old Soul,0.0,speed garage,1.0,550584,0,0.0,0.0,0.379,0.72319,0.704,0.27841,85.99465,0.0,-1.0,SOCNRZP12AB0182DC6,0.0,0.64,-5.933,1,0.645,79.337,0.619,0.05324,135.044,4.0,0.121,0,2008,old soul,0
0.356278313,0.0,AR07HWO1187B9A2189,0.0,0,0.0,Lil' Band O' Gold,0.0,zydeco,1.0,600433,0,0.0,0.0,0.145,0.91306,1.0,0.04574,312.842,0.427,0.28430194,SOUKKXH12A8C134151,10.0,0.672,-13.535,1,0.734,305.099,1.0,0.04574,142.709,3.0,1.0,0,2000,lil' band o' gold,0
0.627361447,0.406642649,AR6UVLC1187B9B4D4C,42.33168,0,-83.04792,Suzi Quatro,0.0,glam rock,0.942375899,25326,0,0.0,1.0,0.022,0.06038,0.858,0.06038,200.202,0.386,-1.0,SOCKJZY12AF72AC273,4.0,0.474,-8.28,0,0.529,190.427,1.0,0.06038,114.638,4.0,0.0,0,1974,suzi quatro,0
0.59249498,0.350628947,AR1VCLT1187FB4C8AC,0.0,0,0.0,Tum Tum / Double T / LiL Ronnie,0.0,dirty south rap,0.936138181,113008,0,0.0,0.0,0.087,0.90299,1.0,0.13629,214.02077,0.107,-1.0,SORFIYS12A8C13C750,7.0,0.783,-5.239,1,0.73,209.966,0.572,0.13629,155.389,4.0,0.874,0,2007,tum tum / double t / lil ronnie,0
0.803220003,0.571376562,ARYVO9V1187B9B1FC6,0.0,0,0.0,Franz Ferdinand,0.0,art rock,0.952419762,407576,0,0.0,2.0,0.812,0.56987,0.85,0.0669,428.45995,0.0,-1.0,SOTPHGF12A8C142844,2.0,0.226,-12.686,1,0.318,420.856,0.657,0.0669,119.943,4.0,1.0,0,2009,franz ferdinand,0
0.89185378,0.548228209,ARH9HS41187FB5BC6F,0.0,0,0.0,New Found Glory,0.0,pop punk,0.9999704,92,0,0.0,0.0,0.012,0.29695,0.731,0.29695,172.22485,0.235,0.646536361,SOGFEYF12A6310DF58,6.0,0.056,-5.072,1,0.305,169.61,0.471,0.05012,125.307,4.0,1.0,0,2000,new found glory,0
0.514046805,0.389282381,ARU0XZY1187FB4002B,0.0,0,0.0,Ebru GA1/4ndes,0.0,arabesque,1.0,164583,0,0.0,1.0,0.062,0.58625,0.771,0.58625,248.99873,0.0,0.299877488,SOEOIMK12A58A76E52,8.0,0.276,-7.622,0,0.388,241.162,0.342,0.33133,120.055,4.0,0.159,0,2006,ebru ga1/4ndes,0
0.675919557,0.511054354,ARSHZBZ1187B98A445,0.0,0,0.0,Joe Bonamassa,0.0,blues-rock,0.916254371,653832,0,0.0,1.0,0.284,0.48389,0.284,0.48389,293.69424,0.357,0.685120843,SOOPLJP12AB017EC77,0.0,0.305,-11.494,1,0.484,285.907,0.329,0.19436,69.457,1.0,0.957,0,2004,joe bonamassa,0
0.684994897,0.415517083,ARDG9Z71187B997023,51.50632,0,-0.12714,Public Image Ltd,0.0,dance rock,1.0,23181,0,0.0,2.0,0.057,0.87478,0.562,0.27442,288.80934,0.214,0.789938704,SOTOYAE12A6D4F795E,4.0,0.678,-12.525,1,0.431,276.126,0.608,0.27442,102.976,4.0,0.933,0,1984,public image ltd,0
0.626957723,0.434859589,AR2XRFQ1187FB417FE,0.0,0,0.0,Julie Zenatti,0.0,chanson,1.0,382802,0,0.0,0.0,0.023,1.00976,1.0,0.36861,211.64363,0.288,-1.0,SOYMQBA12AAF3B5701,4.0,0.591,-7.051,1,0.524,199.163,0.779,0.05197,94.992,4.0,0.769,0,2000,julie zenatti,0
0.75504135,0.458592025,ARE0OLY1187B9AD19F,40.79263,0,-73.80817,Jesse Malin,0.0,urban folk,0.849336217,313546,0,0.0,1.0,0.152,0.62348,0.751,0.62348,211.85261,0.0,-1.0,SOILNHA12A8C143445,11.0,0.972,-9.417,1,0.808,211.853,0.36,0.41767,141.271,5.0,0.452,0,2002,jesse malin,0
0.575986601,0.406367593,ARBX0VO1187B98A412,0.0,0,0.0,Zebra,0.0,heavy metal,0.99768191,760259,0,0.0,0.0,0.064,1.57543,0.252,0.54131,299.93751,0.0,0.0,SOFJVQM12AB018D52A,9.0,0.493,-9.557,1,0.336,288.177,0.314,0.28651,120.599,4.0,0.0,0,1990,zebra,0
0.48307464,0.339457315,ARQ6DNW1187FB4DF1D,36.83264,0,-76.29771,Deborah Coleman,0.0,blues-rock,0.976557583,226849,0,0.0,0.0,0.041,0.84541,0.899,0.39692,230.60853,0.566,0.375984302,SOVOXXJ12A6D4FB599,5.0,0.0,-5.046,1,0.0,224.386,0.771,0.17155,140.444,4.0,0.383,0,1998,deborah coleman,0
0.603843765,0.512812103,ARZBOES1187FB40178,0.0,0,0.0,Carlos Baute,0.0,cumbia,0.984843533,521414,0,0.0,1.0,0.028,0.89268,0.887,0.32166,210.6771,2.125,0.471971172,SOWQKZC12A8C13F2A5,1.0,0.938,-4.757,1,0.683,199.471,0.571,0.03686,105.01,4.0,0.628,0,2008,carlos baute,0
0.638614023,0.601436483,AR4L4WQ1187FB51996,0.0,0,0.0,The Prodigy,0.0,hardcore techno,0.999816813,590021,0,0.0,6.0,0.0,0.0,0.0,0.0,265.76934,1.535,0.563246899,SOPTPCO12AB018E1B8,10.0,0.419,-9.259,0,0.55,260.47,0.0,0.0,0.0,3.0,1.0,0,1991,the prodigy,0
0.766974513,0.443492214,ARGY9EQ1187B996E1A,0.0,0,0.0,Norther,0.0,heavy metal,1.0,515761,0,0.0,4.0,0.095,0.86799,0.844,0.26214,122.72281,0.229,0.606816327,SOBUPWX12AB0188E71,6.0,0.501,-3.779,0,0.556,116.785,0.586,0.11143,200.06,4.0,0.0,0,2006,norther,0
0.602360696,0.366348439,AR7AE0Q1187B9AE30E,0.0,0,0.0,Solas,0.0,irish folk,0.977332658,620830,0,0.0,1.0,0.059,0.93881,0.547,0.25702,255.97342,5.985,0.531612769,SOEKLNK12A58A7839A,11.0,0.837,-9.758,0,0.856,245.023,0.553,0.25702,87.848,4.0,0.666,0,2002,solas,0
0.680620248,0.440326073,ART5IUL1187B9B0143,0.0,0,0.0,Lady Saw,0.0,dancehall,0.988005314,224425,0,0.0,0.0,0.009,1.00412,1.0,0.3237,272.69179,0.38,-1.0,SOKNFJO12A8C1427DE,0.0,0.0,-7.198,0,0.0,257.631,0.341,0.15183,90.184,4.0,0.931,0,2000,lady saw,0
0.447808057,0.29191313,ARG51IA1187B9B143A,0.0,0,0.0,Scott Glasgow,0.0,contemporary classical music,1.0,433265,0,0.0,0.0,0.682,6.23106,0.682,6.23106,85.15873,7.227,-1.0,SOIHBHO12AAF3B3EA2,11.0,0.001,-28.158,1,0.137,76.91,0.049,6.23106,42.183,1.0,0.0,0,2009,scott glasgow,0
0.596614691,0.44243608,AR2ZLBH1187FB592FE,0.0,0,0.0,iTAL tEK,0.0,dubstep,0.850414997,793115,0,0.0,0.0,0.092,0.58786,0.0,0.58786,293.09342,0.0,0.569049035,SOTGKCI12AC468AD32,11.0,0.492,-9.298,0,0.389,282.384,0.588,0.26439,102.347,5.0,1.0,0,2007,ital tek,0
0.618318369,0.404211366,ARJV9031187B9AAFA1,49.38426,0,-84.75627,Kyle Riabko,0.0,pop rock,1.0,292355,0,0.0,0.0,0.017,1.24829,1.0,0.08081,211.53914,0.062,0.601034317,SOUYAQM12A8C13802C,11.0,0.619,-4.618,0,0.617,198.664,1.0,0.08081,102.034,4.0,1.0,0,2005,kyle riabko,0
0.580798778,0.389341752,ARMWZF41187FB387F9,0.0,0,0.0,Charley Pride,0.0,honky tonk,1.0,580920,0,0.0,1.0,0.404,0.94634,1.0,0.16199,172.09424,0.496,-1.0,SOHNNXG12AB0187669,0.0,0.764,-13.551,1,0.73,163.027,0.369,0.16199,76.98,4.0,0.0,0,2002,charley pride,0
0.669726188,0.427914247,ARGMXQW1187FB54C34,-23.56287,0,-46.65466,Eliane Elias,0.0,brazilian jazz,1.0,25267,0,0.0,1.0,0.042,0.91154,0.783,0.34645,138.39628,0.293,0.259114383,SOOIWMK12A6D4F6972,10.0,0.636,-21.304,0,0.559,132.667,1.0,0.06319,83.219,4.0,0.0,0,2000,eliane elias,0
0.710445622,0.540630686,AR2UQQ51187B9AC816,0.0,0,0.0,Gipsy Kings,0.0,flamenco,0.908599834,674246,0,0.0,1.0,0.174,1.31033,0.73,0.65738,303.09832,0.148,0.675546728,SOITOFS12A81C21D00,2.0,0.693,-11.273,0,0.729,298.411,0.602,0.16816,91.846,4.0,0.15,0,1989,gipsy kings,0
0.673653885,0.461679633,AR4Y1BM1187B99A1EF,0.0,0,0.0,Deitrick Haddon,0.0,roots reggae,0.946496306,295592,0,0.0,0.0,0.169,0.71697,0.528,0.28405,199.07873,0.0,0.375984302,SOTDRNJ12A8C137751,7.0,0.625,-7.077,1,0.59,191.263,0.696,0.06596,139.543,4.0,0.469,0,2004,deitrick haddon,0
0.561272323,0.377852557,AR5IHI31187B998618,0.0,0,0.0,Pascal Obispo,0.0,europop,0.986950277,292043,0,0.0,2.0,0.055,0.33052,0.0,0.33052,237.63546,1.431,-1.0,SOESPJF12A8C134EEC,9.0,0.868,-6.709,0,0.772,232.269,0.348,0.1023,130.026,4.0,0.62,0,2004,pascal obispo,0
0.496128895,0.336645937,ARMTE8E1187FB5ACC2,32.96197,0,-93.13913,Johnny Copeland,0.0,texas blues,1.0,743319,0,0.0,0.0,0.78,0.84016,0.782,0.18536,206.00118,0.379,0.437036204,SOHJRBH12AC468973C,5.0,0.407,-13.03,1,0.546,198.397,0.0,0.18536,94.552,4.0,0.636,0,1983,johnny copeland,0
0.82960374,0.559925869,ARS86AJ1187B9B4225,0.0,0,0.0,Janis Joplin,0.0,blues-rock,0.999754249,284497,0,0.0,2.0,0.69,0.91432,0.749,0.13726,246.72608,0.0,0.893593875,SOZTFAZ12A8AE46630,8.0,0.41,-12.494,1,0.547,238.092,0.066,0.13726,151.717,3.0,0.986,0,1969,janis joplin,0
0.514076383,0.36753016,ARE33S11187B9A0904,0.0,0,0.0,Sick On The Bus,0.0,hardcore punk,0.88529229,610859,0,0.0,2.0,0.181,0.29109,0.586,0.29109,178.65098,0.369,0.215080319,SODGRKA12A8C1436EB,7.0,0.0,-3.977,1,0.0,178.651,0.0,0.12424,181.573,4.0,0.575,0,2002,sick on the bus,0
0.69297934,0.536862274,ARJCOPY1187FB5C315,0.0,0,0.0,K'Naan,0.0,hip hop,1.0,110009,0,0.0,1.0,0.029,1.01273,0.376,0.26077,249.12934,0.0,0.0,SOCBUYU12A8C13D518,4.0,0.326,-8.138,0,0.341,241.255,0.376,0.26077,163.44,3.0,0.675,0,2004,k'naan,0
0.611942956,0.403197978,AR8Q4RZ1187FB46BDC,33.01158,0,-94.365,T-Bone Walker,0.0,texas blues,0.940520718,762587,0,0.0,0.0,0.811,0.68655,0.811,0.68655,171.83302,0.218,-1.0,SOWRNJC12AB0184DA1,1.0,0.545,-16.964,1,0.497,171.833,0.637,0.29713,81.073,1.0,0.828,0,1967,t-bone walker,0
0.867258942,0.547764111,ARHUC691187B9AD27F,0.0,0,0.0,The Mars Volta,0.0,experimental rock,0.995280937,20027,0,0.0,1.0,0.108,1.66252,0.323,0.46381,165.72036,0.0,0.589946219,SOGAALD12A6D4F58F2,2.0,0.423,-20.934,1,0.381,165.72,0.323,0.46381,203.314,5.0,0.412,0,2005,the mars volta,0
0.739454874,0.513339196,AREKO1L1187B997EFE,55.70622,0,13.1876,The Radio Dept,0.0,shoegaze,1.0,767185,0,0.0,0.0,0.115,0.96527,1.0,0.48811,207.20281,0.479,0.604554485,SOJBYZE12AB018EB1E,2.0,0.0,-11.953,1,0.0,194.525,0.355,0.24953,124.968,4.0,0.803,0,2006,the radio dept,0
0.597794859,0.418895804,ARGQANQ11F50C4769E,37.87869,0,-121.94345,Y&T,0.0,heavy metal,1.0,560651,0,0.0,0.0,0.298,2.34258,0.429,1.98179,285.1522,2.955,-1.0,SOJXBTY12AB0187E55,4.0,0.356,-9.462,1,0.443,285.152,0.109,1.79551,165.712,4.0,0.241,0,1983,y&t,0
0.417216442,0.329432664,ARIFOQ6119B866970E,0.0,0,0.0,Fontaine Sisters,0.0,europop,0.805966959,673950,0,0.0,0.0,0.687,0.73473,0.687,0.73473,199.00036,0.0,0.405115722,SOFYNGP12A8C13AB56,7.0,0.853,-7.35,1,0.788,186.352,0.528,0.45318,84.138,1.0,0.0,0,2004,fontaine sisters,0
0.825192029,0.529165902,ARWLV931187B9B0F5A,30.33138,0,-81.6558,Evergreen Terrace,0.0,melodic hardcore,0.99989219,632757,0,0.0,0.0,0.025,0.5104,0.29,0.13087,241.44934,0.0,0.610846628,SOFWBHN12AB0185D25,4.0,0.437,-3.862,1,0.511,241.449,0.653,0.13087,158.976,4.0,0.0,0,2009,evergreen terrace,0
0.639158708,0.497544085,ARLE1JH1187B9B630B,0.0,0,0.0,Zbigniew Preisner,0.0,classic rock,0.998745546,422111,0,0.0,0.0,0.15,1.38046,0.91,0.61746,146.46812,0.176,0.437036204,SOLJYSI12AB0182A80,0.0,0.624,-16.891,1,0.702,141.682,0.382,0.24242,82.264,5.0,1.0,0,1994,zbigniew preisner,0
0.727497337,0.537267237,ARTSGR41187B9912C6,0.0,0,0.0,W.A.S.P.,0.0,heavy metal,0.999935881,98257,0,0.0,1.0,0.046,1.13,0.88,0.28703,426.78812,0.235,0.515357179,SOKVNIC12A58A7B805,3.0,0.104,-4.024,1,0.407,422.255,0.887,0.0762,144.252,4.0,0.0,0,1992,w.a.s.p.,0
0.70334944,0.498395338,ARQOC971187B9910FA,42.73383,0,-84.59334,The Verve Pipe,0.0,post-grunge,1.0,280629,0,0.0,0.0,0.613,0.33983,0.822,0.33983,249.28608,0.554,-1.0,SOIIRHU12AF72A4D7C,11.0,0.253,-7.899,0,0.336,238.306,0.49,0.33983,87.146,4.0,0.0,0,1999,the verve pipe,0
0.421181869,0.304911912,ARRBINW1187B98AE6D,40.65507,0,-73.94888,Marcie Blane,0.0,doo-wop,0.95187615,448416,0,0.0,0.0,0.066,0.55274,0.712,0.55274,136.38485,0.142,0.0,SOFSJFF12AB018432C,2.0,0.68,-9.462,1,0.672,127.222,0.615,0.20408,86.708,4.0,0.261,0,2004,marcie blane,0
0.58811765,0.378106965,ARS26BQ1187B99466D,0.0,0,0.0,Vilma Palma e Vampiros,0.0,cumbia,0.834580498,97822,0,0.0,0.0,0.023,0.87895,0.687,0.26527,344.86812,0.235,-1.0,SOPPWWP12A8C138DD8,6.0,0.71,-7.088,1,0.573,339.946,0.281,0.26527,197.232,4.0,1.0,0,1992,vilma palma e vampiros,0
0.588580772,0.388438523,ARDCKVJ1187FB54D1F,35.78032,0,-87.46671,Syl Johnson,0.0,disco,0.987863124,375613,0,0.0,0.0,0.2,0.08071,1.0,0.08071,176.74404,0.148,0.460484845,SOAWDBP12A8C144CB2,4.0,0.535,-8.242,0,0.404,166.626,0.71,0.08071,144.344,4.0,0.482,0,2000,syl johnson,0
0.686988955,0.606630152,ARX9YIP1187B98A656,0.0,0,0.0,RUN-DMC Featuring Jagged Edge,0.0,hip hop,1.0,404398,0,0.0,1.0,0.029,0.10745,1.0,0.10745,197.77261,0.345,0.553504526,SOZWAMN12AB018234D,2.0,0.303,-8.689,0,0.354,194.868,0.584,0.10745,108.069,4.0,0.623,0,2001,run-dmc featuring jagged edge,0
0.810506205,0.531157063,ARYOPH81187B98AEED,40.65507,0,-73.94888,Converge,0.0,hardcore punk,0.999977421,204276,0,0.0,1.0,0.061,1.70911,0.489,0.55414,220.49914,0.0,0.621291654,SOWWYSD12A8C13BD9B,8.0,0.447,-3.884,1,0.42,220.499,0.0,0.26674,110.631,4.0,1.0,0,2006,converge,0
0.806359343,0.545789126,AR5N8VN1187FB37A4E,47.60356,0,-122.32944,Soundgarden,0.0,alternative metal,0.999694346,15964,0,0.0,3.0,0.312,0.85125,0.376,0.38873,415.81669,0.0,0.654067966,SOAAEHR12A6D4FB060,0.0,0.371,-9.306,1,0.356,411.312,0.898,0.15689,131.272,4.0,0.59,0,1991,soundgarden,0
0.694021648,0.479407676,ARODBRG1187FB3FD99,0.0,0,0.0,Nick Cave & The Bad Seeds,0.0,rock,1.0,8423,0,0.0,2.0,0.586,1.77014,0.58,0.87215,382.01424,0.498,0.650767013,SOOEXUJ12A6701E77F,5.0,0.515,-7.971,0,0.363,373.656,0.112,0.64492,137.589,4.0,0.0,0,1994,nick cave & the bad seeds,0
0.652801355,0.443098947,ARYG6CU1187FB3852B,0.0,0,0.0,Milk Inc.,0.0,dance pop,0.981028008,42842,0,0.0,0.0,0.152,0.33429,0.888,0.33429,239.82975,0.0,0.392008772,SODLDIV12A6D4F9B96,1.0,0.617,-6.263,0,0.645,232.885,0.329,0.33429,140.972,4.0,0.0,0,2006,milk inc.,0
0.583443024,0.385787615,ARZZRK91187B9A5CA5,18.01571,0,-76.79731,Delroy Wilson,0.0,rock steady,0.938055251,592776,0,0.0,0.0,0.036,1.08342,0.897,0.28773,180.53179,0.189,0.299877488,SOABVPU12AB018AA22,8.0,0.118,-9.068,1,0.282,172.832,0.315,0.08562,151.498,4.0,0.0,0,2009,delroy wilson,0
0.522008233,0.347098105,AR280881187B98BA28,55.70622,0,13.1876,YGGDRASIL,0.0,viking metal,0.868604394,730657,0,0.0,0.0,0.441,0.37997,0.441,0.37997,190.69342,0.345,-1.0,SORFQCM12AC3DF9530,11.0,0.281,-14.636,1,0.475,182.462,0.36,0.07415,132.261,1.0,0.295,0,1998,yggdrasil,0
0.670372784,0.478985713,ARUMGZN1187FB37125,0.0,0,0.0,Slick Rick,0.0,hip hop,1.0,50686,0,0.0,0.0,0.047,1.08964,0.55,0.40823,169.69098,0.0,0.608932946,SOJODUO12A6D4F69CD,4.0,0.346,-6.669,1,0.312,165.036,0.791,0.07191,92.551,3.0,1.0,0,1999,slick rick,0
0.889460725,0.612067268,AR65K7A1187FB4DAA4,0.0,0,0.0,BeyoncA(c) feat. Slim Thug,0.0,hip hop,0.999154774,440979,0,0.0,1.0,0.067,2.32642,1.0,0.15143,211.17342,0.299,0.729515474,SOKXYUW12A8C140229,11.0,0.215,-4.293,0,0.399,207.877,0.788,0.15143,110.695,5.0,0.922,0,2005,beyonca(c) feat. slim thug,0
0.379983083,0.309514272,ARZ7OD71187B9940A7,40.71455,0,-74.00712,Los MuA+-equitos De Matanzas,0.0,rumba,1.0,245750,0,0.0,0.0,0.05,0.7225,0.011,0.7225,301.19138,0.096,0.260338243,SOTNZAE12A8C1331F1,10.0,0.396,-11.133,0,0.392,291.457,0.816,0.15113,91.943,5.0,0.416,0,2007,los mua+-equitos de matanzas,0
0.475027801,0.378413814,ARMPIH61187FB44227,0.0,0,0.0,Sun Yan-Zi,0.0,chinese music,0.999002231,105801,0,0.0,2.0,0.236,2.07342,0.735,0.67781,215.53587,8.098,-1.0,SOKJVBZ12A8C13C27E,1.0,0.473,-7.547,1,0.595,208.225,0.695,0.2118,86.06,5.0,0.662,0,2002,sun yan-zi,0
0.583580795,0.323452004,AREVNVA1187B989EE0,0.0,0,0.0,Paul Thorn,0.0,blues-rock,0.969839492,533909,0,0.0,0.0,0.173,1.17972,0.871,0.4112,236.53832,0.554,0.265861049,SORTCHS12AB017E07C,7.0,0.848,-8.146,1,0.736,221.71,0.46,0.21884,159.894,4.0,0.0,0,2006,paul thorn,0
0.852699664,0.661349364,AR4EQ231187B99368F,39.74001,0,-104.99226,The Fray,0.0,piano rock,0.899445568,407996,0,0.0,1.0,0.299,0.19616,0.84,0.19616,227.082,0.148,0.795505541,SOLICRS12AB0186198,3.0,0.222,-5.432,1,0.437,213.502,0.651,0.19616,140.577,4.0,0.79,0,2009,the fray,0
0.68320604,0.484876719,ARCLFWR1187B9AE7B2,0.0,0,0.0,Fun Lovin' Criminals,0.0,blues-rock,0.907279126,28359,0,0.0,1.0,0.002,1.13053,0.953,0.45523,221.33506,0.444,0.614576982,SOIFDWL12A6D4F8A98,9.0,0.0,-9.472,1,0.0,213.293,0.793,0.11983,91.833,4.0,1.0,0,1996,fun lovin' criminals,0
0.382546667,0.335138065,ARKYI5T1187B99334F,35.21962,0,-80.01955,Janet Paschal/Charlotte Ritchie/David Phelps,0.0,southern gospel,1.0,171597,0,0.0,0.0,0.314,1.20616,0.747,0.62724,202.4224,0.554,-1.0,SOMYIML12A8C140E3F,4.0,0.756,-24.057,1,0.799,193.544,0.464,0.33778,103.47,4.0,1.0,0,2003,janet paschal/charlotte ritchie/david phelps,0
0.399510392,0.323755395,ARJ87C21187B99B9D4,0.0,0,0.0,Nino Nardini,0.0,latin jazz,0.890692671,613587,0,0.0,1.0,0.599,0.41789,0.599,0.41789,33.20118,0.142,0.368413733,SOMNEWY12A8C1448D2,0.0,0.378,-8.837,1,0.408,33.201,0.981,0.18847,88.678,1.0,0.993,0,2001,nino nardini,0
0.541231189,0.360170271,ARUNYOW1187FB43F2A,34.96578,0,-80.07691,Blind Boy Fuller,0.0,country blues,0.975305276,653217,0,0.0,0.0,0.359,0.81813,0.201,0.10335,162.29832,0.0,-1.0,SOYNFCY12AB0182632,2.0,0.198,-18.745,0,0.152,162.298,0.245,0.10335,172.703,4.0,0.0,0,1991,blind boy fuller,0
0.274432948,0.26622954,ARMBDNQ1187FB3F3EC,46.97933,0,28.39131,Arthur Tracy,0.0,vaudeville,1.0,564601,0,0.0,0.0,0.2,2.4479,0.105,0.55682,165.642,0.197,-1.0,SOIJNPP12AB0186036,0.0,0.73,-19.212,1,0.667,155.661,0.105,0.55682,123.924,7.0,0.742,0,1993,arthur tracy,0
0.71867235,0.451648407,ARA65601187FB57BD9,40.71455,0,-74.00712,Roger Sanchez,0.0,progressive house,0.978114367,107850,0,0.0,1.0,0.119,1.2171,0.777,0.28028,532.37506,0.0,-1.0,SOBXHFD12A8C13B1B9,7.0,0.276,-11.049,0,0.172,524.19,1.0,0.04637,127.929,5.0,1.0,0,2006,roger sanchez,0
0.575686501,0.382976458,ARBU6D71187B9B5319,30.19145,0,-93.58068,"Clarence ""Gatemouth"" Brown",0.0,texas blues,1.0,67219,0,0.0,0.0,0.158,1.97048,0.881,0.60746,333.37424,0.56,0.215080319,SOUBPPN12A67AD85BB,5.0,0.68,-9.888,0,0.547,318.079,1.0,0.26874,89.015,3.0,1.0,0,1995,"clarence ""gatemouth"" brown",0
0.596961478,0.392272618,ARE0OI31187FB3DCA2,0.0,0,0.0,Leningrad Cowboys,0.0,folk rock,0.98523093,642781,0,0.0,0.0,0.001,0.56637,1.0,0.21304,195.5522,0.334,0.413739836,SOEPMHW12AB018859A,9.0,0.471,-7.497,1,0.376,192.058,0.646,0.21304,169.938,4.0,1.0,0,1996,leningrad cowboys,0
0.379484459,0.297185687,ARE8MZ81187B9AB2A3,0.0,0,0.0,Wendo Kolosoy,0.0,rumba,1.0,567667,0,0.0,0.0,0.053,1.42924,0.0,0.71037,397.76608,0.0,0.215080319,SOVFFVM12AB0186705,0.0,0.677,-6.819,1,0.652,383.971,0.333,0.47798,81.249,3.0,1.0,0,1993,wendo kolosoy,0
0.59065955,0.381715678,ARSM2YU1187B99D602,0.0,0,0.0,Jaci Velasquez,0.0,ccm,1.0,242080,0,0.0,1.0,0.001,0.95293,0.275,0.37905,62.27546,4.023,0.254481293,SOJHYOF12A8C131DDE,10.0,0.447,-7.255,1,0.382,62.275,0.325,0.09427,104.064,4.0,0.188,0,2008,jaci velasquez,0
0.574300068,0.375593583,ARTDUXM1187B9899ED,32.33112,0,-90.60536,Charley Patton,0.0,delta blues,0.996954279,190889,0,0.0,1.0,0.107,2.7328,0.0,0.13967,191.11138,0.729,-1.0,SONDPLZ12A8C13270C,6.0,0.001,-14.873,1,0.129,184.506,0.111,0.13967,114.177,7.0,0.535,0,1929,charley patton,0
0.852699664,0.661349364,AR4EQ231187B99368F,39.74001,0,-104.99226,The Fray,0.0,piano rock,0.899445568,569195,0,0.0,1.0,0.031,0.97787,0.789,0.18692,240.56118,0.0,0.399899548,SOKYJYU12AB0186429,11.0,0.395,-6.093,1,0.477,226.209,0.494,0.18692,151.983,4.0,0.739,0,2008,the fray,0
0.710374813,0.505883169,ARCNOK81187B98CA3F,0.0,0,0.0,Buju Banton,0.0,roots reggae,0.946034141,773380,0,0.0,1.0,0.069,1.0731,0.724,0.49011,56.842,0.154,-1.0,SOQACBY12AB0187937,1.0,0.191,-21.569,1,0.451,53.545,0.636,0.19861,104.775,5.0,0.835,0,2003,buju banton,0
0.546088317,0.373911384,ARFCDY01187FB57933,0.0,0,0.0,Manjul,0.0,dub,1.0,425081,0,0.0,0.0,0.017,0.55848,0.039,0.25386,226.21995,0.0,0.304169503,SONIUGT12A8C1403F3,1.0,0.696,-11.675,1,0.619,218.448,0.0,0.10156,155.012,4.0,0.0,0,2005,manjul,0
0.569359906,0.352870872,ARIQ7ZV1187B9916C6,51.50632,0,-0.12714,Loop Guru,0.0,downtempo,1.0,81625,0,0.0,0.0,0.142,3.67947,0.643,0.35723,70.26893,5.915,0.0,SODPLFO12A58A79F84,9.0,0.601,-13.798,1,0.606,66.635,0.166,0.35723,109.319,7.0,0.368,0,2001,loop guru,0
0.425883322,0.313647771,ARPFKK81187B99878D,39.14465,0,-89.10827,Tex Williams,0.0,western swing,1.0,53200,0,0.0,0.0,0.881,0.06997,0.881,0.06997,140.79955,0.398,-1.0,SOSWGFX12A6D4FA2B1,0.0,0.697,-12.271,1,0.612,138.019,0.616,0.06997,150.486,1.0,0.0,0,2004,tex williams,0
0.378347969,0.3065186,AR059HI1187B9A14D7,33.74831,0,-84.39111,Roy Drusky,0.0,country rock,1.0,331316,0,0.0,0.0,0.641,0.57008,0.641,0.57008,167.70567,0.514,-1.0,SOLGODL12AB017CD18,10.0,0.887,-23.611,1,0.787,160.403,0.65,0.57008,92.851,1.0,0.0,0,1961,roy drusky,0
0.806580411,0.621085212,ARW9FP41187B98C2A7,57.15382,0,-2.10679,Annie Lennox,0.0,soft rock,0.999826764,397358,0,0.0,1.0,0.076,0.718,0.443,0.3603,280.00608,0.154,0.557313136,SOHASMZ12A8AE48671,7.0,0.027,-7.787,0,0.483,268.225,0.71,0.181,167.997,4.0,0.619,0,2003,annie lennox,0
0.706827671,0.416173065,ARB29H41187B98F0EF,41.88415,0,-87.63241,Terry Callier,0.0,soul jazz,0.985011245,311536,0,0.0,1.0,0.059,0.1926,0.769,0.1926,327.05261,0.131,0.360370583,SOPPYSE12A8C140533,0.0,0.314,-10.859,1,0.569,304.576,0.649,0.0319,95.861,4.0,0.839,0,1999,terry callier,0
0.877213746,1.082502557,ARRH63Y1187FB47783,0.0,0,0.0,Kanye West,0.0,hip hop,1.0,220921,0,0.0,2.0,0.626,0.6937,0.626,0.6937,31.32036,0.0,0.7801197,SOLAWQF12A58A7B176,1.0,0.188,-12.368,1,0.497,31.32,0.745,0.08143,60.046,1.0,0.0,0,2005,kanye west,0
0.68108442,0.453371188,ARI4SKQ1187B9B43B0,0.0,0,0.0,Beres Hammond,0.0,lovers rock,1.0,52956,0,0.0,0.0,0.157,0.81181,0.761,0.41325,229.51138,0.183,0.372530039,SODBQYW12A6D4F6CFA,4.0,0.005,-8.574,0,0.044,223.817,0.776,0.21397,155.769,4.0,0.906,0,2003,beres hammond,0
0.557875168,0.359324727,AREENKN1187B98F35D,40.71455,0,-74.00712,Plasmatics,0.0,trip hop,0.885545496,233466,0,0.0,1.0,0.05,1.04185,0.936,0.16998,168.25424,0.308,0.531722098,SOXDXMS12A8AE454DD,0.0,0.215,-5.936,1,0.31,168.254,0.648,0.16998,134.102,4.0,0.816,0,1996,plasmatics,0
0.389906649,0.245302948,ARN522Q1187FB42EE1,0.0,0,0.0,John Van Tongeren,0.0,soundtrack,0.936803386,410094,0,0.0,0.0,0.168,0.39231,0.766,0.39231,45.37424,0.0,0.367273416,SONZNVN12A6D4F6D28,0.0,0.731,-8.592,1,0.672,41.511,0.837,0.1932,150.111,3.0,0.429,0,2007,john van tongeren,0
0.817256939,0.735208878,ARH861H1187B9B799E,0.0,0,0.0,Johnny Cash,0.0,honky tonk,1.0,279707,0,0.0,5.0,0.176,0.7204,0.436,0.16243,216.81587,0.0,-1.0,SOFELMB12A8AE48525,10.0,0.286,-6.021,1,0.342,208.149,0.69,0.16243,115.62,4.0,0.287,0,1969,johnny cash,0
0.697887822,0.435144672,AR6GJDZ1187B991E46,19.4319,0,-99.13285,KALIMBA,0.0,death core,0.922358594,493076,0,0.0,1.0,0.172,0.62786,0.374,0.62786,229.14567,0.0,0.494469709,SOQBGKC12AB0184F05,4.0,0.787,-6.062,1,0.563,219.719,0.496,0.12089,77.722,4.0,0.535,0,2007,kalimba,0
0.588608087,0.373611112,ARZM53A1187B9A1AE7,0.0,0,0.0,Panzer AG,0.0,industrial dance,0.830141137,126133,0,0.0,1.0,0.0,0.0,0.0,0.0,233.27302,0.0,0.603440995,SOEROGE12A6D4FACDD,1.0,0.402,-4.309,1,0.458,109.929,0.0,0.0,0.0,0.0,0.0,0,2004,panzer ag,0
0.685502832,0.446732968,ARDW5AW1187FB55708,42.78668,0,-96.92803,Shawn Colvin,0.0,country rock,0.975207319,43066,0,0.0,2.0,0.076,1.30757,0.817,0.20593,177.18812,0.136,0.499445835,SOVPUVS12A6D4F7988,9.0,0.545,-8.446,1,0.439,166.145,0.546,0.20593,165.597,5.0,0.358,0,2006,shawn colvin,0
0.527865076,0.393121934,ARLGWFM1187FB4AC9F,34.05349,0,-118.24532,Scarlet's Remains,0.0,gothic metal,0.974033549,709802,0,0.0,0.0,0.089,0.47249,0.0,0.12066,215.90159,0.961,0.480329369,SOYQRQE12AB0187B52,0.0,0.599,-8.039,1,0.464,211.923,0.32,0.12066,170.702,4.0,0.0,1492,2005,scarlet's remains,0
0.692655873,0.434346306,ARFH6FT1187FB5BF47,39.49974,0,-111.54732,T.O.K.,0.0,dancehall,0.992621145,146291,0,0.0,0.0,0.694,1.23569,0.071,0.62216,225.72363,0.091,0.413739836,SOFLPJR12A8C134166,2.0,0.0,-6.927,1,0.198,221.542,0.615,0.15847,97.997,4.0,0.498,0,2001,t.o.k.,0
0.659944919,0.434696913,ARDK6QW1187B9B8D85,53.93063,0,-1.20788,U.K. Subs,0.0,oi,1.0,685454,0,0.0,1.0,0.106,0.04149,0.0,0.04149,241.99791,0.0,-1.0,SODSOBX12AC4686B4D,0.0,0.543,-16.531,1,0.49,238.15,0.439,0.04149,161.172,4.0,0.951,0,1993,u.k. subs,0
0.586950622,0.432054079,ARGJ0911187FB4613F,40.71455,0,-74.00712,Maria Muldaur,0.0,dance pop,1.0,601813,0,0.0,1.0,0.495,1.51203,0.24,0.13086,411.01016,0.078,0.494489518,SOUTSZU12AB0185C96,5.0,0.44,-17.684,0,0.36,400.707,0.569,0.13086,87.702,3.0,1.0,0,1999,maria muldaur,0
0.58568315,0.360445766,AR78ZID1187B9B31ED,18.11526,0,-77.27348,Mikey Dread,0.0,roots reggae,0.924399296,611206,0,0.0,1.0,0.215,0.50901,0.0,0.12752,184.47628,0.63,-1.0,SOCMIQN12A8C1414C0,11.0,0.709,-9.791,1,0.547,173.169,0.422,0.12752,157.983,4.0,0.0,0,1991,mikey dread,0
0.635483455,0.42844194,AR2EBRG1187B9B07C8,64.55653,0,12.66538,Old Man's Child,0.0,sympho black metal,0.912944513,734596,0,0.0,1.0,0.915,0.43943,0.968,0.08963,288.44363,0.217,0.556739869,SOKBGFX12AB0188810,1.0,0.5,-5.52,1,0.436,285.896,0.572,0.08963,164.595,4.0,0.293,0,2003,old man's child,0
0.700679842,0.503362448,ARML8X41187B990644,0.0,0,0.0,Simple Minds,0.0,new wave,0.94977883,208156,0,0.0,3.0,0.01,1.08774,0.425,0.60671,261.8771,0.0,-1.0,SOOFAMF12A6D4F5D2F,1.0,0.376,-7.968,1,0.568,261.877,0.866,0.36064,125.344,4.0,0.328,0,1991,simple minds,0
0.623017302,0.353540508,AR4NDUY119B8668DA3,0.0,0,0.0,A Different Breed of Killer,0.0,death core,0.999936884,782024,0,0.0,0.0,0.271,0.80364,0.731,0.15248,187.24526,0.45,0.666532379,SOROOHN12A8C13AE44,6.0,0.189,-5.029,1,0.316,183.647,0.56,0.15248,192.725,7.0,0.254,0,2008,a different breed of killer,0
0.579424109,0.386441097,AR7AOEJ1187FB3D279,33.35303,0,-90.59005,Little Milton,0.0,electric blues,0.940027818,113280,0,0.0,0.0,0.431,0.98723,0.0,0.18765,394.762,0.364,-1.0,SOAERZM12A8C13CA55,0.0,0.0,-14.245,0,0.137,379.391,0.0,0.18765,167.665,3.0,0.927,0,1995,little milton,0
0.690492032,0.458987258,ARRNO111187B9B3FC9,0.0,0,0.0,Galactic,0.0,jazz funk,1.0,545971,0,0.0,1.0,0.92,1.54995,0.92,1.54995,89.67791,1.225,0.323112121,SOAOYFX12AB018686C,1.0,0.367,-7.724,1,0.492,81.514,0.43,1.29475,121.26,1.0,0.0,0,2000,galactic,0
0.619358946,0.389107387,ARP39OU1187FB4D543,0.0,0,0.0,Aswad,0.0,roots reggae,0.945296109,291227,0,0.0,1.0,0.67,0.35785,0.67,0.35785,280.94649,0.09,-1.0,SOEYPBL12A8C1357C7,2.0,0.364,-8.777,0,0.355,269.357,0.305,0.18312,167.312,1.0,0.0,0,1981,aswad,0
0.631482179,0.0,ARKSB7X1187B99BA5C,0.0,0,0.0,Nouvelle,0.0,bossa nova,0.971958849,508703,0,0.0,0.0,0.211,1.78304,0.82,0.13263,229.51138,0.0,-1.0,SOAUCRB12AB0181238,2.0,0.121,-14.659,1,0.374,229.511,0.107,0.13263,220.026,7.0,0.476,0,2000,nouvelle,0
0.256729229,0.383845367,ARZO73F1187FB4BF23,39.95227,0,-75.16237,Bill Cosby,0.0,comedy,0.971617021,461040,0,0.0,0.0,0.018,0.36968,0.877,0.36968,156.39465,0.467,0.212045406,SOLTJIM12A3F1EAEE1,0.0,0.0,-11.186,1,0.101,148.637,0.98,0.1058,117.047,4.0,1.0,0,1968,bill cosby,0
0.485855596,0.362960597,AR9LT7R1187FB4543A,30.16602,0,-96.39998,Darden Smith,0.0,blues-rock,1.0,656243,0,0.0,1.0,0.064,1.08378,0.778,0.30414,226.32444,0.254,0.0,SOJIURA12AB018989C,3.0,0.578,-8.666,1,0.747,223.858,0.691,0.30414,154.403,4.0,0.129,0,1990,darden smith,0
0.512740226,0.301246881,ARHCERP1187B9912A5,0.0,0,0.0,Glen Washington,0.0,lovers rock,0.951023541,345432,0,0.0,0.0,0.016,1.01395,1.0,0.23529,201.56036,0.177,-1.0,SOUGKFV12AB0184F4B,11.0,0.009,-4.859,0,0.099,194.781,0.745,0.04111,153.602,4.0,0.66,0,2000,glen washington,0
0.686988955,0.606630152,ARX9YIP1187B98A656,0.0,0,0.0,RUN-DMC vs. Jason Nevins,0.0,hip hop,1.0,399641,0,0.0,1.0,0.315,0.06537,1.0,0.06537,250.06975,0.247,-1.0,SOGOAGM12AB017E99E,0.0,0.002,-6.748,1,0.118,242.289,0.727,0.06537,129.07,4.0,0.715,0,1984,run-dmc vs. jason nevins,0
0.774037142,0.521726648,ARL3VGT1187FB40E8E,-34.60852,0,-58.37354,Los Fabulosos Cadillacs,0.0,ska,1.0,508116,0,0.0,1.0,0.049,0.92265,0.616,0.39834,189.88363,0.0,0.598428549,SOIGZOE12AB017F37D,6.0,0.0,-6.393,0,0.0,181.621,0.624,0.39834,114.72,3.0,0.847,0,1999,los fabulosos cadillacs,0
0.39413854,0.291539727,ARQGYP71187FB44566,34.31109,0,-94.02978,Jimmy Wakely,0.0,classic country,1.0,816250,0,0.0,0.0,0.039,1.1565,1.0,0.46182,178.1024,0.299,-1.0,SOQNFQI12AB018882C,9.0,0.271,-16.626,1,0.318,173.047,0.602,0.09687,92.596,5.0,0.695,0,2005,jimmy wakely,0
0.844085061,0.71366982,ARM7EDF1187B9B3FA1,0.0,0,0.0,Guns N' Roses,0.0,heavy metal,0.938552196,15555,0,0.0,3.0,0.039,0.97715,0.18,0.22159,284.99546,0.0,-1.0,SOLCYFR12A6701D233,1.0,0.73,-2.246,0,0.673,278.825,0.271,0.22159,167.927,4.0,0.276,0,1987,guns n' roses,0
0.793708084,0.58985618,ARCJKV91187FB46210,0.0,0,0.0,KT Tunstall,0.0,folk-pop,0.999761965,176621,0,0.0,1.0,0.424,0.09387,0.875,0.09387,282.5922,0.0,0.392008772,SOKGHWU12A6D4FB9F8,2.0,0.56,-18.054,1,0.782,272.103,0.875,0.09387,99.379,4.0,0.592,0,2007,kt tunstall,0
0.697434586,0.477798988,ARDL38Z1187B9B9FB5,0.0,0,0.0,Dntel,0.0,glitch,0.917576608,569433,0,0.0,1.0,0.022,0.90411,0.625,0.4049,264.77669,2.566,0.512253654,SOPEEDH12A58A7C407,4.0,0.0,-12.796,0,0.0,241.36,0.525,0.07043,120.162,4.0,0.289,0,1998,dntel,0
0.772794404,0.551016443,ARM6HLK1187FB427F0,0.0,0,0.0,Talib Kweli,0.0,hip hop,1.0,119824,0,0.0,1.0,0.103,0.70959,0.821,0.36671,222.11873,0.142,0.606816327,SODLBPC12A8C13E618,10.0,0.627,-6.434,0,0.55,211.058,0.519,0.19527,190.008,4.0,0.865,0,2007,talib kweli,0
0.693009204,0.498668875,ARD5K161187B9AC784,51.27562,0,0.17898,Orbital,0.0,techno,1.0,212480,0,0.0,3.0,0.001,0.45225,0.956,0.06609,504.47628,0.0,0.543524277,SOCLEZT12A8C13CE4A,6.0,0.0,-15.046,0,0.309,504.476,0.0,0.06609,123.992,4.0,0.558,0,2005,orbital,0
0.411045135,0.310731085,AR6GSIE1187B98C3C7,39.49974,0,-111.54732,Ned Miller,0.0,country rock,0.966321247,650976,0,0.0,0.0,0.537,0.45122,0.537,0.45122,131.83955,0.347,-1.0,SOJAKEW12AB017D93A,3.0,0.789,-10.112,1,0.517,125.376,0.717,0.09014,99.334,1.0,0.0,0,1963,ned miller,0
0.640807102,0.418216518,ARAJPHH1187FB5566A,40.7038,0,-73.83168,The Shangri-Las,0.0,doo-wop,0.922774628,643400,0,0.0,0.0,0.416,0.89015,0.168,0.37998,161.48853,0.0,-1.0,SOJZXAM12AB0180ED6,6.0,0.752,-11.219,0,0.636,154.117,0.338,0.37998,105.832,4.0,0.922,0,1965,the shangri-las,0
0.763010513,0.537675628,ARBOG0H1187B99F775,47.565,0,-122.62569,MxPx,0.0,christian rock,1.0,22451,0,0.0,2.0,1.0,0.10403,1.0,0.10403,151.24853,0.312,0.466304831,SOLCNJN12A6D4F7740,11.0,0.0,-5.41,0,0.108,141.891,0.551,0.10403,101.106,1.0,0.0,0,1995,mxpx,0
0.611801472,0.399042081,AR9ILJF1187B9B80ED,33.89275,0,35.48527,Gabriel Yared,0.0,latin jazz,0.909053763,585602,0,0.0,1.0,0.018,1.25398,0.726,0.57846,194.82077,0.0,0.407901717,SOCQBOB12A67AE23D8,11.0,0.521,-21.032,1,0.481,179.995,0.884,0.23827,89.871,4.0,0.42,0,1986,gabriel yared,0
0.443162398,0.30045446,ARRC2JF1187B9B6A93,-24.9162,0,133.39311,Bruce Rowland,0.0,easy listening,1.0,223779,0,0.0,0.0,0.177,0.65877,0.808,0.12532,113.99791,0.28,0.253834736,SOSJWRY12A8C1416DB,7.0,0.199,-21.141,1,0.721,101.82,0.453,0.12532,120.664,4.0,0.283,0,1982,bruce rowland,0
0.749711708,0.452380504,ARAOBIZ1187FB38574,0.0,0,0.0,Johnny Winter,0.0,blues-rock,1.0,570600,0,0.0,1.0,0.33,1.36343,0.0,0.30881,135.99302,0.0,-1.0,SOGMQYW12AB018C302,7.0,0.672,-15.086,1,0.672,131.053,0.621,0.04266,111.716,3.0,1.0,0,1984,johnny winter,0
0.467627687,0.321713204,AROMB601187B991317,40.65507,0,-73.94888,Mae West,0.0,modern rock,0.917052012,481245,0,0.0,1.0,0.053,0.67323,0.203,0.10028,95.08526,0.0,-1.0,SOXAWVI12AAF3B5338,1.0,0.0,-11.131,1,0.0,88.224,0.682,0.10028,123.204,4.0,0.838,0,1996,mae west,0
0.634764556,0.423976264,AR01IP11187B9AF5D2,28.33268,0,-80.73486,Call To Preserve,0.0,straight edge,0.964375801,771318,0,0.0,0.0,0.0,0.22326,0.0,0.22326,175.22893,0.0,0.496795817,SOYHMPJ12AAF3B387B,5.0,0.281,-1.672,0,0.305,169.378,0.485,0.03159,158.018,1.0,0.0,0,2008,call to preserve,0
0.718075266,0.412144272,AR3OS8N1187B9A5F87,29.59733,0,-90.71913,deadboy & the Elephantmen,0.0,punk blues,0.925197535,564322,0,0.0,0.0,0.102,0.23849,1.0,0.23849,275.46077,0.183,0.629967831,SOLAFCK12AB0187E57,6.0,0.104,-10.752,1,0.368,265.491,1.0,0.23849,161.68,3.0,0.457,0,2005,deadboy & the elephantmen,0
0.695416519,0.412110495,ARGEKDX1187FB3A5BF,40.65507,0,-73.94888,Marcus Miller,0.0,jazz funk,1.0,471399,0,0.0,0.0,0.111,1.12772,0.945,0.5269,382.95465,3.628,-1.0,SOTOZVC12AB01870D1,0.0,0.0,-12.878,0,0.028,382.955,0.124,0.5269,100.135,4.0,0.341,0,2001,marcus miller,0
0.790367909,0.615454462,ARIPLUN1187B99B9F9,0.0,0,0.0,The Police,0.0,new wave,1.0,354896,0,0.0,2.0,0.037,0.31672,0.816,0.31672,289.64526,0.287,0.553778846,SOCHSZG12A6D4F7CD7,7.0,0.543,-8.282,1,0.643,273.943,1.0,0.12198,156.957,4.0,0.0,0,1978,the police,0
0.667229576,0.426046392,ARMW4I01187B98AEF8,34.05349,0,-118.24532,Tha Alkaholiks,0.0,hip hop,1.0,295013,0,0.0,1.0,0.029,1.21054,0.0,0.61405,217.36444,2.305,0.63543847,SOMPMVQ12A58A78C8E,7.0,0.535,-8.006,1,0.621,202.327,0.38,0.31774,104.458,4.0,1.0,0,1993,tha alkaholiks,0
0.44276965,0.294986617,ARI648V1187B9B5379,0.0,0,0.0,Michael Stanley Band,0.0,heartland rock,0.833322838,531118,0,0.0,0.0,0.007,1.47334,0.882,0.12489,346.56608,0.357,0.265861049,SOZNLII12AB017EA4B,7.0,0.789,-11.768,1,0.68,328.94,0.385,0.12489,92.161,4.0,0.465,0,1982,michael stanley band,0
0.5983325,0.320507918,ARYSHWJ1187B9AD2D0,49.26044,0,-123.11403,Moist,0.0,post-grunge,0.954917755,702132,0,0.0,0.0,0.0,0.47164,1.0,0.47164,360.98567,8.684,-1.0,SOTJTQO12AB0183126,2.0,0.593,-9.795,1,0.591,360.986,1.0,0.24432,131.98,4.0,0.0,0,2010,moist,0
0.590792957,0.394884438,ARSRFOY1187B9917DA,41.88415,0,-87.63241,Otis Taylor,0.0,country blues,0.968420299,611003,0,0.0,0.0,0.015,0.62385,0.818,0.62385,285.72689,0.379,0.497439048,SORPENK12A8C142C88,9.0,0.051,-11.002,1,0.284,273.113,0.613,0.4125,148.022,4.0,0.0,0,2009,otis taylor,0
1.0,0.826777014,ARCGJ6U1187FB4D01F,0.0,0,0.0,Akon,0.0,hip hop,1.0,10697,0,0.0,1.0,0.016,1.53276,1.0,0.19466,211.66975,0.175,-1.0,SORCTMT12A58291950,1.0,0.0,-10.87,1,0.0,209.258,0.87,0.19466,90.069,4.0,0.148,0,2004,akon,0
0.519969698,0.419776645,AR0A30G1187B9B183B,0.0,0,0.0,M.A. Numminen,0.0,german pop,0.975338884,32308,0,0.0,0.0,0.884,0.24312,0.884,0.24312,168.51546,0.403,0.520676485,SOKLOWV12A6D4F74BC,7.0,0.527,-4.792,1,0.493,161.773,0.573,0.24312,134.972,1.0,0.0,0,1998,m.a. numminen,0
0.569860089,0.46496643,ARQPT7O1187B9AAF4F,0.0,0,0.0,The Sensational Alex Harvey Band,0.0,glam rock,0.931864721,400592,0,0.0,1.0,0.334,0.1449,0.809,0.1449,536.0322,0.0,-1.0,SOWTHTG12AB0180B28,5.0,0.357,-9.253,1,0.386,514.014,0.478,0.1449,92.461,3.0,0.94,0,1972,the sensational alex harvey band,0
0.717762702,0.532266186,ARDBSFT1187B9AC9C1,40.71455,0,-74.00712,Fountains Of Wayne,0.0,power pop,1.0,276696,0,0.0,1.0,0.015,1.07922,0.841,0.36451,126.87628,0.119,0.385271316,SOBCGNG12A81C23752,0.0,0.0,-3.594,1,0.0,123.199,0.883,0.18686,85.047,4.0,0.038,0,2007,fountains of wayne,0
0.545127608,0.312169242,ARZP2M21187FB59C63,42.31256,0,-71.08868,Dons,0.0,rock 'n roll,0.908757741,145969,0,0.0,1.0,0.029,1.44867,0.741,0.47704,240.22159,0.0,-1.0,SOENANC12A8C134906,0.0,0.508,-5.08,1,0.589,232.681,0.996,0.47704,124.031,4.0,0.677,0,2006,dons,0
0.625165762,0.442739279,ARRXADQ1187FB38F22,0.0,0,0.0,The Business,0.0,oi,0.99970984,203027,0,0.0,1.0,0.758,0.23804,0.758,0.23804,144.77016,0.2,0.360370583,SODRQRZ12A58A7BBC4,0.0,0.768,-4.162,1,0.717,141.073,0.775,0.02984,115.586,1.0,0.0,0,2001,the business,0
0.591696069,0.387333146,ARN9Q881187FB3D951,0.0,0,0.0,Dells,0.0,chicago soul,0.946023267,183013,0,0.0,0.0,0.061,1.43824,0.703,0.34068,159.05914,0.0,0.0,SODUZTQ12A8AE48067,0.0,0.737,-12.057,1,0.718,152.062,0.204,0.34068,108.926,4.0,0.518,0,1957,dells,0
0.804838889,0.457841156,AR0CANF1187B9AF35F,34.05349,0,-118.24532,Dilated Peoples Featuring Devin The Dude,0.0,turnablism,0.952586371,147457,0,0.0,1.0,0.063,0.26806,0.818,0.26806,221.28281,0.0,0.664936793,SORJGVR12A58A7C3C8,4.0,0.444,-5.703,0,0.487,210.431,0.818,0.26806,178.13,7.0,1.0,0,2004,dilated peoples featuring devin the dude,0
0.496128895,0.336645937,ARMTE8E1187FB5ACC2,32.96197,0,-93.13913,Johnny Copeland,0.0,texas blues,1.0,312984,0,0.0,0.0,0.188,1.84875,0.445,0.47448,221.962,0.0,0.212045406,SOSRAUR12A8C13F697,10.0,0.482,-11.336,0,0.404,216.491,0.393,0.47448,87.231,3.0,0.238,0,2000,johnny copeland,0
0.839297678,0.776303264,ARDVZTE1187FB5A0A1,0.0,0,0.0,Bon Jovi,0.0,rock,1.0,814905,0,0.0,1.0,0.183,0.97732,0.173,0.30805,345.96526,2.601,-1.0,SOESGZE12AB018994E,6.0,0.649,-5.125,1,0.594,337.102,0.266,0.13967,89.008,4.0,0.756,0,2002,bon jovi,0
0.687694457,0.441643405,ARGYHUI1187B9AC2A5,0.0,0,0.0,Hanoi Rocks,0.0,heavy metal,0.997080677,642659,0,0.0,1.0,0.165,0.27571,0.0,0.27571,304.22159,0.0,-1.0,SONAMOI12AB0182AA1,0.0,0.248,-4.456,1,0.438,300.495,0.785,0.05838,135.648,4.0,0.0,0,1983,hanoi rocks,0
0.909247284,0.554938523,AR2FAMK1187FB4CF60,0.0,0,0.0,AFI,0.0,post-hardcore,0.941035412,589791,0,0.0,1.0,0.016,1.87491,0.813,0.58902,176.61342,0.0,0.867008491,SOKAVYA12AB0188454,8.0,0.1,-4.606,1,0.375,176.613,0.722,0.26559,94.937,4.0,0.642,0,2009,afi,0
0.547938241,0.374791219,AR37ILI1187B98E27B,0.0,0,0.0,Shriekback,0.0,alternative dance,0.918613059,220006,0,0.0,1.0,0.186,2.04423,0.72,0.32816,234.68363,0.305,0.24929692,SOOGPJF12A8C13F9EF,8.0,0.54,-5.968,1,0.525,228.554,0.635,0.15458,70.074,3.0,0.863,0,2007,shriekback,0
0.602360696,0.366348439,AR7AE0Q1187B9AE30E,0.0,0,0.0,Solas,0.0,irish folk,0.977332658,600322,0,0.0,1.0,1.0,0.63681,1.0,0.63681,192.67873,0.194,-1.0,SOTUDJY12AC9070E78,3.0,1.0,-22.187,1,0.873,187.362,0.066,0.63681,47.934,1.0,0.0,0,1996,solas,0
0.449257553,0.325941791,AR7KKE01187FB3D87B,31.58076,0,-84.15601,Russell Malone,0.0,cool jazz,0.893958846,238662,0,0.0,0.0,0.945,0.96356,0.706,0.26298,286.6673,0.177,0.48456253,SOOYYGD12A8C131830,1.0,0.034,-13.763,1,0.117,280.329,0.644,0.08761,86.172,4.0,0.0,0,2007,russell malone,0
0.510660236,0.333770845,ARTK5LU1187B9A654C,0.0,0,0.0,Michael Gettel,0.0,chamber jazz,0.960316306,149772,0,0.0,0.0,0.03,0.77616,1.0,0.14419,272.22159,0.095,0.0,SOTFEMQ12A8C13713C,5.0,0.943,-16.229,1,0.676,256.313,0.488,0.14419,95.046,4.0,0.648,0,1993,michael gettel,0
0.521672995,0.351345077,AR97EHA1187B98AD5F,30.33138,0,-81.6558,Blind Blake,0.0,country blues,1.0,142186,0,0.0,1.0,0.759,0.10585,0.759,0.10585,199.1571,0.218,-1.0,SOKCXFJ12A8C1350EC,10.0,0.178,-16.923,1,0.203,192.61,0.247,0.10585,140.178,1.0,0.0,0,2006,blind blake,0
0.836039353,0.58703963,ARWX5TK1187FB4CDBE,52.88356,0,-1.97406,The Who,0.0,british invasion,0.926756167,14369,0,0.0,3.0,0.019,1.17504,0.0,0.40125,271.69914,2.409,0.598688453,SOKIDZN12A67020D2D,2.0,0.061,-9.003,0,0.454,254.288,0.524,0.20522,151.796,4.0,0.172,0,1975,the who,0
0.852699664,0.661349364,AR4EQ231187B99368F,39.74001,0,-104.99226,The Fray,0.0,piano rock,0.899445568,574113,0,0.0,1.0,0.01,0.71793,0.717,0.29491,227.60444,0.224,-1.0,SORLYBE12AF72AD168,10.0,0.324,-6.132,1,0.489,220.92,0.443,0.0813,144.239,4.0,0.0,0,2005,the fray,0
0.282317588,0.104101666,AR0JVUH1187B9918B5,0.0,0,0.0,Oscar Lima,0.0,melbourne,0.810860659,604801,0,0.0,0.0,0.007,1.44461,0.29,0.72143,218.72281,0.177,-1.0,SOQELHR12AC4689565,10.0,0.075,-8.66,0,0.374,210.431,1.0,0.23973,85.195,3.0,0.29,0,1999,oscar lima,0
0.622874939,0.461245798,AR71A931187B99CDD9,0.0,0,0.0,Harry Gregson-Williams,0.0,video game music,0.998071518,285184,0,0.0,2.0,0.074,0.75807,1.0,0.38314,284.682,0.165,0.392008772,SOFKSJC12A8C13483C,9.0,0.21,-15.118,1,0.271,275.255,1.0,0.19567,160.038,3.0,0.872,0,2004,harry gregson-williams,0
0.730246319,0.520489571,AR2SGQW1187B9B9E7C,0.0,0,0.0,KRS-One,0.0,hip hop,1.0,457471,0,0.0,1.0,0.569,1.28389,0.686,0.66064,136.95955,0.0,0.542898743,SOQXUCZ12AB0187B3C,10.0,0.066,-4.178,0,0.335,136.96,0.309,0.34752,95.285,4.0,0.472,0,2004,krs-one,0
0.500781986,0.389029366,ARVQTZP1187FB40283,37.77916,0,-122.42005,Constance Demby,0.0,meditation,0.953816111,476209,0,0.0,1.0,0.108,0.92605,0.372,0.53485,285.75302,3.228,0.0,SOEWNIU12A58A7B68B,4.0,0.523,-13.129,1,0.631,276.95,0.085,0.34224,153.942,7.0,0.186,0,1989,constance demby,0
0.577276089,0.376939984,AREJ5K11187B993F5F,0.0,0,0.0,R. Carlos Nakai,0.0,chamber jazz,1.0,536083,0,0.0,1.0,0.413,1.62756,0.684,0.78919,551.81016,0.467,0.265861049,SODANYE12AB0182941,7.0,0.387,-24.997,0,0.542,540.508,0.119,0.57775,142.151,4.0,0.0,0,1994,r. carlos nakai,0
0.638640406,0.460843483,ARW071B1187B9A603C,0.0,0,0.0,Unwritten Law,0.0,post-grunge,1.0,659648,0,0.0,1.0,0.109,0.61515,0.0,0.09721,174.10567,0.384,0.270775999,SOMUGVG12AB0188002,3.0,0.064,-7.742,1,0.377,174.106,0.25,0.09721,111.943,4.0,0.203,0,2003,unwritten law,0
0.387242595,0.187676301,ARJ3TAF1187FB4AAB1,37.27188,0,-119.27023,David & Steve Gordon,0.0,meditation,1.0,644085,0,0.0,0.0,0.055,2.64734,0.782,2.64734,311.35302,7.843,-1.0,SOYJKGB12AB01877C7,2.0,0.796,-28.431,0,0.674,284.392,0.091,2.64734,64.634,3.0,0.326,0,1982,david & steve gordon,0
0.613598057,0.377720338,ARM3QKQ1187FB421E0,40.71455,0,-74.00712,Willy DeVille,0.0,blues-rock,0.975439455,521698,0,0.0,0.0,0.992,0.24345,0.992,0.24345,282.30485,0.165,0.299877488,SOSXRQG12A8C1325D6,7.0,0.943,-8.975,1,0.682,272.271,1.0,0.24345,60.646,1.0,0.0,0,2008,willy deville,0
0.769944259,0.536173552,ARWD3OC1187FB3A666,0.0,0,0.0,Cut Copy,0.0,alternative dance,0.999111805,265372,0,0.0,1.0,0.005,0.98845,0.0,0.5274,195.21261,4.719,0.890314004,SOGJPMB12A8C13A9DB,10.0,0.87,-3.592,1,0.621,182.712,0.513,0.29802,129.975,4.0,1.0,0,2008,cut copy,0
0.747708669,0.52040786,ARSL5SP1187B9A7AE0,34.05349,0,-118.24532,N.W.A.,0.0,gangster rap,0.882434774,54461,0,0.0,1.0,0.043,0.48563,0.434,0.16627,165.19791,0.0,0.657056484,SOXBEKP12A6D4F979E,6.0,0.827,-5.032,1,0.756,165.198,0.113,0.16627,189.801,4.0,0.0,0,2006,n.w.a.,0
0.588571842,0.360644227,AR00MBZ1187B9B5DB1,29.95244,0,-90.05202,Memphis Minnie,0.0,country blues,0.955634406,329878,0,0.0,0.0,0.297,0.64202,0.676,0.0687,180.29669,0.134,-1.0,SOGAISJ12AB0180168,1.0,0.004,-16.536,1,0.305,170.748,0.0,0.0687,107.452,3.0,0.338,0,1991,memphis minnie,0
0.491651053,0.316486173,ARQDONM1187B9BA1AD,34.19451,0,-90.5651,Little Jr. Parker,0.0,soul blues,0.923547741,579812,0,0.0,0.0,0.198,1.69206,0.514,0.53358,154.8273,0.072,-1.0,SOZSRHD12AB0189A2C,4.0,0.939,-14.925,1,0.696,146.75,0.694,0.14375,101.914,3.0,0.397,0,1958,little jr. parker,0
0.596275994,0.341959997,ARC95UW1187B9B9A62,43.04181,0,-87.90684,Speech,0.0,hip hop,1.0,599979,0,0.0,0.0,0.11,2.90402,0.0,0.05451,24.92036,0.142,-1.0,SOCBINM12AC468678F,1.0,0.254,-19.406,1,0.439,24.92,0.391,0.05451,72.845,3.0,0.296,0,2003,speech,0
0.764003369,0.542395094,ARP7ILI1187B9AE9F7,0.0,0,0.0,Phantom Planet,0.0,power pop,0.9984067,302041,0,0.0,1.0,1.0,2.49185,0.283,2.01847,164.12689,8.423,0.553166754,SOAIOOJ12A8C1385D2,4.0,0.758,-5.482,1,0.626,148.573,0.071,2.01847,113.874,4.0,1.0,0,2004,phantom planet,0
0.883487085,0.588649959,AR23C041187FB4D534,0.0,0,0.0,50 Cent / Mobb Deep,0.0,gangster rap,1.0,519829,0,0.0,1.0,0.966,1.41707,0.981,0.11629,247.77098,0.084,-1.0,SOANMAB12AF72A2AAD,11.0,0.443,-5.804,1,0.512,230.028,1.0,0.11629,91.981,4.0,1.0,0,2005,50 cent / mobb deep,0
0.710269167,0.394908897,AR1Y37Q1187B9B66D2,40.71455,0,-74.00712,Suicide,0.0,experimental rock,0.887465255,777961,0,0.0,0.0,0.211,0.72417,0.595,0.07059,394.73587,0.0,0.266955186,SOKZRVN12A8C13F948,0.0,1.0,-5.537,1,0.75,390.2,0.583,0.07059,185.46,3.0,1.0,0,2004,suicide,0
0.418517721,0.355378552,ARZLX2S1187B991A47,0.0,0,0.0,The Four Pennies,0.0,brill building pop,0.884608113,36198,0,0.0,0.0,0.0,0.58016,0.0,0.58016,144.14322,3.338,0.604554485,SOQGNNY12A6D4F5619,6.0,0.627,-9.427,1,0.568,132.621,0.034,0.28498,101.308,1.0,0.0,0,2002,the four pennies,0
0.681581305,0.479407676,ARODBRG1187FB3FD99,-36.35484,0,146.32611,Nick Cave & The Bad Seeds,0.0,rock,1.0,1280,0,0.0,2.0,0.202,0.55488,0.914,0.55488,345.75628,0.403,0.635905867,SONSQLD12A6310D960,7.0,0.353,-18.942,0,0.558,318.096,0.385,0.30822,122.002,3.0,1.0,0,2006,nick cave & the bad seeds,0
0.634226963,0.443708895,AR7TTCH1187FB3F95C,34.60515,0,-98.38983,Leon Russell,0.0,blues-rock,0.919202212,395380,0,0.0,0.0,0.119,1.07186,0.83,0.37781,226.21995,0.0,-1.0,SOEHODD12A6D4F9FFF,5.0,0.597,-12.893,1,0.634,216.874,0.751,0.03289,86.994,4.0,0.632,0,1970,leon russell,0
0.803087355,0.501825944,AR5ZVJ91187B99083A,51.05563,0,3.72856,Soulwax,0.0,dance rock,1.0,202799,0,0.0,2.0,0.826,0.31137,0.826,0.31137,171.4673,0.705,0.301681757,SOHYWLZ12A6D4FBB22,7.0,0.607,-8.099,1,0.477,167.213,0.815,0.08668,137.328,1.0,0.0,0,2000,soulwax,0
0.526693669,0.313154505,ARVQ7I31187B9B64C9,40.43831,0,-79.99745,Vonray,0.0,post-grunge,0.981092505,759603,0,0.0,0.0,0.014,1.03868,0.311,0.47275,230.08608,0.148,0.27292161,SONPIOB12AB0189AFC,8.0,0.122,-5.472,1,0.553,214.413,1.0,0.19099,108.011,4.0,1.0,0,2003,vonray,0
0.652367864,0.437964733,ARVEJ9M1187FB4DC44,0.0,0,0.0,Les Ogres De Barback,0.0,chanson,1.0,421961,0,0.0,0.0,0.158,0.29293,0.672,0.29293,278.12526,0.107,-1.0,SOFGKES12AB018930D,7.0,0.681,-10.032,0,0.687,247.229,0.328,0.15249,209.384,3.0,1.0,0,1997,les ogres de barback,0
0.733637825,0.526549035,ARDZQ5U1187B9ADEAE,37.8695,0,-122.2705,John Fogerty,0.0,roots rock,0.918034159,146588,0,0.0,1.0,0.035,0.99253,0.0,0.03277,250.95791,0.938,0.629476733,SOHLXPY12A8C1319B6,4.0,0.836,-5.187,1,0.592,237.401,0.522,0.03277,124.505,4.0,0.885,0,2007,john fogerty,0
0.526515278,0.40658168,ARVMFE61187B992463,0.0,0,0.0,Darwin Hobbs,0.0,religious music,0.885158754,41167,0,0.0,1.0,0.109,1.19697,0.081,0.06121,621.7922,0.0,0.494489518,SOAWIMZ12A6D4F7755,1.0,0.676,-7.087,1,1.0,604.711,0.425,0.06121,111.417,5.0,1.0,0,2005,darwin hobbs,0
0.673238691,0.479204558,AR87K371187FB5AA8E,0.0,0,0.0,Uriah Heep,0.0,heavy metal,0.988033491,799399,0,0.0,5.0,0.007,0.73212,0.597,0.36271,184.55465,0.0,0.462379946,SOQSAXZ12AB0186CE8,5.0,0.413,-8.535,1,0.388,184.555,0.061,0.18342,165.976,4.0,1.0,0,1978,uriah heep,0
0.601069052,0.359185993,ARSPQ0H1187B999944,54.97938,0,-1.54508,Eric Burdon,0.0,blues-rock,0.964911753,373262,0,0.0,1.0,0.06,1.20707,0.938,0.30771,246.5171,0.252,0.215080319,SOBNBUT12A8C1444F3,7.0,0.946,-12.733,1,0.766,233.616,0.787,0.08261,138.593,4.0,0.0,0,1999,eric burdon,0
0.554003011,0.356122889,ARYE7N51187B9AF501,0.0,0,0.0,PRE,0.0,no wave,0.989951196,253773,0,0.0,0.0,0.888,0.41547,0.888,0.41547,92.70812,0.0,0.464923994,SOPXSEX12A8C13E4CE,9.0,0.703,-3.972,1,0.421,92.708,0.436,0.20431,142.107,1.0,0.0,0,2007,pre,0
0.577158124,0.512197243,AR0JPOG1187FB37383,0.0,0,0.0,Lyrics Born,0.0,hip hop,1.0,226663,0,0.0,0.0,0.804,0.50789,0.254,0.50789,445.49179,0.0,0.215080319,SOAZUSH12A58A7A561,7.0,0.376,-5.407,1,0.538,445.492,0.05,0.2516,110.925,4.0,0.658,0,2006,lyrics born,0
0.563922089,0.292319515,AR3OYPP1187B9952E3,53.34376,0,-6.24953,Humanzi,0.0,dance-punk,0.797807348,20020,0,0.0,0.0,0.364,0.33553,0.0,0.33553,274.99057,4.017,-1.0,SOTBMWN12A6D4F58CD,0.0,0.291,-6.114,0,0.405,262.565,0.287,0.14861,158.972,4.0,0.672,0,2006,humanzi,0
0.538142211,0.387537924,ARWEPRZ1187FB4E2BB,40.71455,0,-74.00712,Gabriela Anders,0.0,latin jazz,0.991741797,762510,0,0.0,0.0,0.099,1.43584,0.748,0.55351,228.07465,0.414,0.254280751,SOKZYNC12AB01869B2,0.0,0.26,-9.394,0,0.471,213.624,0.0,0.35008,148.119,4.0,0.69,0,1998,gabriela anders,0
0.724284927,0.501360613,AREGV3K1187B9AF614,0.0,0,0.0,MAPtley CrA1/4e,0.0,heavy metal,1.0,155379,0,0.0,1.0,0.112,0.94324,1.0,0.4435,248.21506,0.408,-1.0,SOKGWST12A8C13971B,0.0,0.809,-5.668,1,0.707,228.473,0.863,0.4435,124.024,4.0,0.409,0,1997,maptley cra1/4e,0
0.428324821,0.331260494,ARPWZPV1187FB51DCF,0.0,0,0.0,Theodore Shapiro,0.0,country blues,0.875511801,59374,0,0.0,0.0,0.492,1.36584,0.492,1.36584,109.84444,4.238,-1.0,SOTMCZC12A6D4FBD74,7.0,0.202,-32.166,1,0.539,100.171,0.061,1.36584,131.409,1.0,0.0,0,2006,theodore shapiro,0
0.643544997,0.670106173,ARVNGA71187FB3C107,0.0,0,0.0,Faith Hill & Tim McGraw,0.0,country,1.0,569911,0,0.0,1.0,0.067,1.07314,0.442,0.25897,252.89098,0.0,-1.0,SOEDFSM12AB0187587,5.0,0.348,-8.355,1,0.497,240.924,0.558,0.25897,146.85,4.0,0.171,0,1999,faith hill & tim mcgraw,0
0.75504135,0.458592025,ARE0OLY1187B9AD19F,40.79263,0,-73.80817,Jesse Malin,0.0,urban folk,0.849336217,312504,0,0.0,1.0,0.208,0.60778,0.0,0.14264,219.19302,0.999,0.0,SOMULQW12A6D4F6371,4.0,0.799,-7.95,1,0.649,205.404,0.379,0.14264,129.953,4.0,0.713,0,2007,jesse malin,0
0.722105298,0.480724781,AR02IU11187FB513F2,0.0,0,0.0,Tito Puente,0.0,salsa,1.0,270088,0,0.0,2.0,0.91,0.73707,0.0,0.28638,356.41424,0.0,-1.0,SOZKQWY12A6D4FA5E6,8.0,0.493,-14.445,1,0.417,356.414,0.487,0.28638,135.374,4.0,0.695,0,1998,tito puente,0
0.713322147,0.473613189,AR6CLFP1187B9ACB94,0.0,0,0.0,Daniel Johnston,0.0,power pop,0.987541562,479746,0,0.0,1.0,0.015,1.37475,0.711,0.40804,130.55955,0.0,0.460484845,SOFIBPT12A6D4F65E1,4.0,0.557,-7.324,1,0.434,125.544,0.606,0.40804,133.142,4.0,0.807,0,2006,daniel johnston,0
0.79309437,0.568491815,ARD2NDU1187B99B615,0.0,0,0.0,Dropkick Murphys,0.0,celtic punk,0.947278167,204289,0,0.0,2.0,0.542,1.03317,0.812,0.38098,158.64118,0.0,0.36597993,SOVRPJN12A8C1399AE,3.0,0.056,-5.232,1,0.343,153.815,0.193,0.2167,183.684,4.0,0.0,0,1999,dropkick murphys,0
0.627185249,0.39301573,ARSQW3I1187B9ACD14,0.0,0,0.0,Leona Naess,0.0,chanson,0.935731588,23385,0,0.0,0.0,0.082,0.91064,0.496,0.03096,292.88444,0.108,0.685849656,SONUSLF12A6D4F7769,4.0,0.807,-14.507,1,0.833,270.431,0.166,0.03096,129.887,4.0,0.312,0,2003,leona naess,0
0.685691649,0.542502096,ARA3VJJ1187FB3F5A6,0.0,0,0.0,Shelby Lynne,0.0,country rock,0.953625663,191769,0,0.0,1.0,0.724,0.87655,0.0,0.27823,167.07873,0.0,-1.0,SOMRFYQ12A8C1325B2,4.0,0.59,-17.514,1,0.574,159.144,0.478,0.07912,100.848,4.0,0.0,0,2008,shelby lynne,0
0.939227165,0.838447768,ARX6TAQ11C8A415850,40.71455,0,-74.00712,Lady GaGa,0.0,dance pop,1.0,623979,0,0.0,2.0,0.093,0.66611,0.864,0.66611,243.33016,0.967,-1.0,SOTKNLA12AB01826E7,3.0,0.72,-11.323,1,0.538,238.91,0.76,0.3109,86.499,4.0,0.147,0,2008,lady gaga,0
0.692975624,0.422507451,AR3AY3R1187FB52CF0,0.0,0,0.0,Tracy Byrd,0.0,honky tonk,0.944566596,280146,0,0.0,0.0,0.021,1.76474,1.0,1.76474,227.57832,2.682,0.66457865,SOWMQNJ12A8AE471EE,0.0,0.463,-7.695,0,0.498,216.474,0.431,1.76474,96.068,4.0,0.463,0,2007,tracy byrd,0
0.772292647,0.542175166,ARTYXQC1187B9ACAB2,0.0,0,0.0,Shaggy,0.0,reggae,1.0,171757,0,0.0,1.0,0.027,1.15367,0.573,0.55244,223.4771,0.069,0.450762242,SODSHVF12A8AE481D2,9.0,0.45,-6.658,1,0.392,220.148,0.803,0.1037,99.994,4.0,0.836,0,2007,shaggy,0
0.512687131,0.370628892,ARLAEJO1187B98DB85,0.0,0,0.0,FU-Schnickens,0.0,comedy rap,0.86579823,302144,0,0.0,0.0,0.028,0.78629,0.782,0.07893,313.80853,7.163,0.503381236,SOFAKTP12A8C13D296,6.0,0.109,-11.041,1,0.285,291.59,0.14,0.07893,90.846,4.0,0.939,0,1994,fu-schnickens,0
0.606975737,0.386289651,ARIRD6J1187FB5A98C,18.01571,0,-76.79731,Sugar Minott,0.0,roots reggae,0.940150437,420159,0,0.0,0.0,0.022,0.60718,1.0,0.20569,206.78485,0.09,0.304169503,SOHKTJX12AB0185A8D,1.0,0.01,-7.651,1,0.302,199.599,1.0,0.20569,152.91,4.0,0.071,0,1984,sugar minott,0
0.765049098,0.422245167,AR31D7E1187FB3BC62,27.10442,0,-81.33231,Valient Thorr,0.0,heavy metal,0.996257833,596444,0,0.0,0.0,0.011,1.04647,0.338,0.3927,200.64608,0.177,-1.0,SOUXUTH12A58A79E1F,1.0,0.392,-6.641,0,0.508,196.243,0.73,0.06737,91.858,4.0,0.764,0,2006,valient thorr,0
0.686862471,0.414292679,ARGFFF91187FB4FA62,0.0,0,0.0,Northern State,0.0,hip hop,1.0,292257,0,0.0,0.0,0.192,0.61331,0.765,0.15686,208.09098,0.09,0.43483809,SOQZBVF12A8C13813A,6.0,0.248,-7.492,1,0.505,189.829,0.763,0.15686,129.352,5.0,0.659,0,2004,northern state,0
0.669371502,0.566912407,ARGKD4W1187B990E04,33.71197,0,-84.10599,Brenda Lee,0.0,ballad,0.937094726,22390,0,0.0,1.0,0.328,1.46928,0.481,0.90151,151.03955,0.55,0.505487343,SOFDVPO12A6D4F703C,7.0,0.215,-15.603,1,0.394,143.47,0.46,0.61692,107.073,3.0,0.666,0,1995,brenda lee,0
0.050656773,0.0,AR3UJPY1187FB5017B,34.05349,0,-118.24532,Patience Dabany,0.0,soukous,1.0,27683,0,0.0,0.0,0.103,0.86011,0.785,0.37542,369.162,0.357,-1.0,SOGKJVN12A6D4F7C75,5.0,0.712,-10.672,1,0.437,359.416,0.485,0.14384,124.293,4.0,1.0,0,1994,patience dabany,0
0.512956421,0.335547913,AREMPZG1187B99D246,0.0,0,0.0,Marcio Faraco,0.0,latin jazz,0.976041711,477587,0,0.0,0.0,0.026,0.9998,0.966,0.54103,293.43302,0.0,0.215080319,SOEKOOF12A8C145EBD,0.0,0.764,-13.485,1,0.802,288.938,0.193,0.3122,134.777,4.0,0.565,0,2002,marcio faraco,0
0.625190485,0.500946376,ARWC1WN1187FB516CE,0.0,0,0.0,Eric B. & Rakim,0.0,hip hop,1.0,16168,0,0.0,1.0,0.088,0.95657,0.904,0.1502,335.01995,0.27,-1.0,SOXMMST12AB017F420,10.0,0.0,-9.406,0,0.115,325.619,0.319,0.1502,219.94,7.0,0.168,0,1988,eric b. & rakim,0
0.872536599,0.610731463,AR12F2S1187FB56EEF,0.0,0,0.0,Aerosmith,0.0,blues-rock,0.898816207,290095,0,0.0,1.0,0.148,1.01516,0.0,0.38637,255.65995,2.438,0.595478748,SOTOMJM12A8C134AA2,7.0,0.005,-10.672,1,0.184,249.626,0.0,0.07197,103.976,4.0,0.0,0,1991,aerosmith,0
0.51097702,0.375003369,AR7WZ1Y1187B99D10B,0.0,0,0.0,Isabelle Adjani,0.0,chanson,1.0,25098,0,0.0,0.0,0.128,0.6523,0.0,0.19367,179.77424,1.472,0.386477291,SOSZDPD12A6D4F6ECA,7.0,0.0,-16.755,0,0.094,171.543,0.163,0.19367,130.273,4.0,0.0,0,1983,isabelle adjani,0
0.64637451,0.414656344,ARXAFO11187B9AEBFE,0.0,0,0.0,Urge Overkill,0.0,hard rock,1.0,47593,0,0.0,1.0,0.289,1.98833,0.0,0.41118,243.17342,1.646,0.585979766,SOUWLPU12A6D4F9814,4.0,0.546,-6.149,0,0.597,222.43,0.0,0.21383,152.468,5.0,0.406,0,1993,urge overkill,0
0.511743665,0.414631369,ARM4WGN1187FB3C746,0.0,0,0.0,Kyle Eastwood,0.0,hard bop,1.0,224754,0,0.0,0.0,0.187,1.37422,0.297,0.17625,207.20281,0.0,0.375984302,SOJAQGB12A58A7AA08,4.0,0.666,-14.233,0,0.479,191.977,0.903,0.17625,100.175,4.0,0.0,0,2006,kyle eastwood,0
0.582129295,0.439880513,ARGNZOL1187FB5CE7C,37.27188,0,-119.27023,Fernando Ortega,0.0,ccm,1.0,6902,0,0.0,0.0,0.662,1.32294,0.662,1.32294,130.76853,3.924,0.0,SOBCLQQ12A67020342,6.0,0.85,-11.769,1,0.814,117.296,0.103,0.76495,55.619,1.0,0.0,0,2003,fernando ortega,0
0.628274449,0.428834536,ARNVM131187B990D2B,0.0,0,0.0,themselves,0.0,experimental pop,0.853973286,631241,0,0.0,1.0,0.464,0.77989,0.428,0.26925,195.18649,0.0,0.545964693,SOLYHYM12AB017D549,6.0,0.001,-6.324,1,0.098,195.186,0.325,0.26925,116.915,4.0,0.634,0,2009,themselves,0
0.605703302,0.42959192,ARSFK241187B9BA38E,0.0,0,0.0,Murphy Lee / Zee,0.0,pop rap,1.0,510064,0,0.0,0.0,0.209,0.42046,0.526,0.42046,268.90404,0.0,0.0,SOXGBGK12A6701FC53,1.0,0.317,-4.936,0,0.333,253.521,0.39,0.07931,92.043,4.0,1.0,0,2003,murphy lee / zee,0
0.477403317,0.37045613,ARZ7IH41187FB3B8F5,40.71793,0,-73.59354,Leaders Of The New School,0.0,hip hop,1.0,759417,0,0.0,0.0,0.019,1.30395,0.432,0.23299,263.88853,0.0,0.0,SOSUEIX12AB0185021,7.0,0.375,-11.621,1,0.553,263.889,0.0,0.23299,97.292,4.0,0.859,0,1993,leaders of the new school,0
0.674248421,0.460515742,ARRI5MR1187FB47CAB,0.0,0,0.0,Esperanza Spalding / Leo Genovese,0.0,latin jazz,0.887025224,551717,0,0.0,0.0,0.349,1.30367,0.0,0.27075,345.5473,0.0,0.583051292,SONTBYE12AB0182855,5.0,0.463,-15.525,0,0.463,335.099,0.208,0.27075,171.99,7.0,1.0,0,2008,esperanza spalding / leo genovese,0
0.544488201,0.403250466,AR2MD2P1187FB5B328,0.0,0,0.0,Marshall Crenshaw,0.0,power pop,1.0,633584,0,0.0,0.0,0.381,0.98105,0.856,0.49418,244.76689,0.177,0.334706549,SOMDOPM12AB0181990,9.0,0.62,-5.938,1,0.634,225.779,0.872,0.24582,121.837,4.0,1.0,0,2003,marshall crenshaw,0
0.38442395,0.252333656,AR2C9UQ1187B98E69F,36.38418,0,-85.32281,Roy Roberts,0.0,soul blues,0.944557506,250430,0,0.0,0.0,0.005,1.60876,1.0,0.48877,189.93587,0.45,-1.0,SOIVXLP12A8C139F26,5.0,0.8,-16.141,1,0.513,175.485,0.976,0.20788,114.512,4.0,0.464,0,1997,roy roberts,0
0.643182773,0.500691341,AR3793X1187FB50CB3,0.0,0,0.0,Chris Rea,0.0,soft rock,0.961375214,47310,0,0.0,1.0,0.752,0.23787,0.752,0.23787,308.45342,0.0,-1.0,SOLDPNN12A6D4F7B46,2.0,0.724,-11.082,0,0.662,300.066,0.39,0.06636,168.932,1.0,0.029,0,1985,chris rea,0
0.617608694,0.405967369,ARKL75U1187FB5B8B6,43.01437,0,-88.23546,BoDeans,0.0,roots rock,0.977056738,786709,0,0.0,0.0,0.009,0.6456,0.594,0.22693,216.08444,0.0,0.355285536,SOVSNJX12AB0189848,9.0,0.571,-5.892,1,0.52,211.621,1.0,0.22693,147.944,4.0,0.776,0,2010,bodeans,0
0.789104458,0.57619657,ARTAFV91187B9BA17C,0.0,0,0.0,Stone Temple Pilots,0.0,grunge,0.950981587,5312,0,0.0,0.0,0.04,0.55144,0.0,0.09887,228.96281,0.113,0.687393438,SOQKQJU12A58A7D262,7.0,0.058,-3.925,1,0.543,220.996,0.0,0.09887,134.982,4.0,1.0,0,2003,stone temple pilots,0
0.721990699,0.40870711,ARE9Y761187B98AEB6,0.0,0,0.0,Mint Condition,0.0,new jack swing,1.0,253339,0,0.0,0.0,0.451,2.17389,0.568,0.94312,293.66812,5.207,0.586452119,SOCBWVV12A8C13605F,5.0,0.744,-11.083,0,0.74,291.573,0.116,0.64044,97.748,4.0,0.482,0,1999,mint condition,0
0.53813774,0.400387757,ARNTTHK1187B98FF64,0.0,0,0.0,Andy & Lucas,0.0,flamenco,1.0,305774,0,0.0,0.0,0.272,1.79386,0.848,0.54143,207.62077,0.313,0.561428518,SOJDKSW12A8C13CDDA,0.0,0.752,-5.116,1,0.546,188.575,0.256,0.33948,96.002,5.0,1.0,0,2005,andy & lucas,0
0.514425773,0.317845056,AR77B521187FB4CC70,37.16793,0,-95.84502,Lennie Tristano,0.0,free jazz,0.928778642,13331,0,0.0,0.0,0.266,0.86291,0.0,0.25159,271.25506,1.001,0.352232225,SOBXDCF12A6701FAFC,0.0,0.398,-15.324,0,0.374,266.42,0.0,0.25159,200.876,4.0,0.12,0,1994,lennie tristano,0
0.48040197,0.392325283,AR93K7R1187B9AC92A,59.91228,0,10.74998,Black Debbath,0.0,blues,1.0,737314,0,0.0,1.0,0.25,0.86525,0.703,0.36869,265.7171,0.0,-1.0,SOAIEFA12AC9097225,5.0,0.536,-6.409,1,0.432,265.717,0.322,0.36869,124.448,4.0,1.0,0,2001,black debbath,0
0.761986351,0.497197396,ARHR5BC1187B9AC348,0.0,0,0.0,Eagles Of Death Metal,0.0,stoner rock,0.947613455,353310,0,0.0,1.0,0.013,0.72811,0.652,0.31177,225.48853,0.0,0.489038209,SOLADTL12AB01815A7,1.0,0.737,-3.092,1,0.68,215.62,0.917,0.10308,144.398,4.0,0.587,0,2009,eagles of death metal,0
0.638640406,0.460843483,ARW071B1187B9A603C,0.0,0,0.0,Unwritten Law,0.0,post-grunge,1.0,282977,0,0.0,1.0,0.082,0.36788,0.815,0.0648,216.81587,0.334,-1.0,SOJPMDU12A8C133C68,2.0,0.606,-5.243,1,0.483,216.816,0.507,0.0648,201.269,4.0,0.0,0,1996,unwritten law,0
0.582837273,0.426513687,ARY5TFK1187B9BA2BD,0.0,0,0.0,John Ottman,0.0,acid jazz,0.994662185,39780,0,0.0,1.0,0.164,0.24211,0.657,0.24211,205.92281,2.444,0.623479902,SOMAGRE12A6D4F8C60,2.0,0.597,-13.522,1,0.486,194.473,0.13,0.24211,61.587,4.0,0.0,0,2006,john ottman,0
0.806580411,0.621085212,ARW9FP41187B98C2A7,57.15382,0,-2.10679,Annie Lennox,0.0,soft rock,0.999826764,278865,0,0.0,1.0,0.086,0.83281,0.0,0.3498,385.01832,2.705,-1.0,SOUEBEX12A8AE47BBC,4.0,0.734,-9.027,1,0.593,375.275,0.008,0.12443,125.03,4.0,0.703,0,1992,annie lennox,0
0.519969698,0.419776645,AR0A30G1187B9B183B,0.0,0,0.0,M.A. Numminen,0.0,german pop,0.975338884,217877,0,0.0,0.0,0.253,0.08744,0.0,0.08744,118.30812,2.862,-1.0,SOSPCEK12A8C13E372,7.0,0.379,-9.169,1,0.455,109.314,0.142,0.08744,110.589,4.0,1.0,0,2002,m.a. numminen,0
0.695593351,0.444935182,ARCDXI51187FB57A2E,40.19033,0,-82.66947,Goose,0.0,modern rock,0.984073146,798792,0,0.0,0.0,0.028,0.25555,0.986,0.25555,395.85914,0.2,0.645139841,SOHGHWJ12A6D4F801C,1.0,0.285,-5.346,1,0.358,386.438,1.0,0.25555,122.956,4.0,1.0,0,2006,goose,0
0.423065328,0.273439511,ARXTUHV1187B99268F,0.0,0,0.0,Remmy Ongala,0.0,soukous,0.933458805,22906,0,0.0,0.0,0.056,1.66048,0.656,0.42575,348.52526,0.171,-1.0,SOBCFLR12A58A7985F,0.0,0.364,-12.061,0,0.434,337.078,0.707,0.22051,94.72,7.0,1.0,0,2007,remmy ongala,0
0.797420741,0.536400011,ARUKN9H1187B9B71C8,0.0,0,0.0,The Black Crowes,0.0,blues-rock,0.900934361,575230,0,0.0,1.0,0.035,0.64684,0.367,0.30076,263.52281,0.0,0.496175336,SOTDYKK12AB0184B0B,4.0,0.148,-12.732,0,0.172,254.996,0.316,0.30076,178.299,4.0,0.187,0,2009,the black crowes,0
0.544979448,0.366713432,AR4EVIX1187B993DE9,0.0,0,0.0,Alceu ValenASSa,0.0,brazilian pop music,1.0,374738,0,0.0,0.0,0.314,0.99119,0.629,0.23584,188.65587,0.16,0.417313803,SOKKODJ12A58A7B73D,11.0,0.616,-8.593,1,0.648,176.57,0.328,0.1091,157.111,3.0,0.698,0,1998,alceu valenassa,0
0.672680593,0.476389109,ARGBR4I1187B99D073,47.60356,0,-122.32944,Mudhoney,0.0,grunge,1.0,242075,0,0.0,1.0,0.739,0.04416,0.739,0.04416,159.65995,0.165,-1.0,SOBJICW12A8C130EE8,0.0,0.0,-6.077,1,0.036,159.66,0.588,0.04416,145.179,1.0,0.0,0,2008,mudhoney,0
0.853725857,0.550991009,ARA1UU51187FB5A70B,0.0,0,0.0,The Misfits,0.0,horror punk,0.920888891,111988,0,0.0,2.0,0.064,0.33994,0.774,0.33994,73.09016,0.107,0.652359289,SOIPOJA12A8C13EDB7,3.0,0.0,-7.897,0,0.0,71.03,0.437,0.18711,93.703,4.0,0.404,0,1982,the misfits,0
0.791465542,0.477889304,ARRJ3UC1187FB579D7,0.0,0,0.0,Wyclef Jean,0.0,hip hop,1.0,502881,0,0.0,1.0,0.026,1.63964,1.0,0.26634,208.29995,0.206,-1.0,SOBMEDP12AB017FBE5,2.0,0.122,-11.667,1,0.559,200.742,1.0,0.26634,87.965,4.0,0.905,0,1997,wyclef jean,0
0.652508644,0.49381443,AR557N41187FB3E67F,62.24049,0,25.75129,Swallow The Sun,0.0,sympho black metal,0.997690108,316435,0,0.0,1.0,0.156,0.655,0.0,0.29448,509.49179,0.0,0.621291654,SOHVOBI12A5891E993,3.0,0.459,-6.664,1,0.56,479.295,0.0,0.29448,165.908,4.0,0.519,0,2007,swallow the sun,0
0.582238344,0.449052575,AROCBZZ11E2835D652,0.0,0,0.0,Small Faces,0.0,rock 'n roll,0.944165938,51894,0,0.0,0.0,0.15,0.26073,0.08,0.26073,129.90649,6.763,-1.0,SOBULMA12A6D4F8EA0,2.0,0.108,-5.84,0,0.524,122.746,0.08,0.26073,159.418,4.0,0.91,0,1965,small faces,0
0.621121051,0.43568407,ARS0W831187B9AF0B7,0.0,0,0.0,Maximilian Hecker,0.0,chamber pop,0.935593549,420743,0,0.0,0.0,0.013,0.46734,0.898,0.0572,228.80608,0.0,-1.0,SOZANDJ12A8C138EAD,5.0,0.216,-10.688,0,0.479,228.806,0.949,0.0572,146.184,4.0,0.496,0,2001,maximilian hecker,0
0.609816403,0.560380805,AR4B3RX1187B9A868A,0.0,0,0.0,Alexandre Desplat,0.0,soundtrack,1.0,64207,0,0.0,1.0,0.766,1.98497,0.766,1.98497,177.03138,6.554,-1.0,SOEEOMN12A6D4FA1F8,2.0,0.457,-20.247,1,0.199,162.818,0.044,1.98497,183.956,1.0,0.0,0,2005,alexandre desplat,0
0.515932603,0.33156622,ARF1LT21187B989EEB,0.0,0,0.0,White Willow,0.0,folk rock,0.963391457,681034,0,0.0,0.0,0.532,1.26797,0.54,0.20962,257.27955,2.043,0.372530039,SOSNMLH12A58A7C091,2.0,0.961,-6.776,1,0.872,246.584,0.322,0.20962,112.767,4.0,1.0,0,2006,white willow,0
0.726298027,0.555414576,AR7Y6JX1187FB4D9B3,0.0,0,0.0,Bad Brains,0.0,hardcore punk,0.920537438,13619,0,0.0,1.0,0.067,1.62522,0.572,0.37563,163.18649,0.0,0.47643522,SOXPWPH12A6701E86E,7.0,0.205,-5.663,1,0.305,147.911,1.0,0.02995,105.453,3.0,0.79,0,1995,bad brains,0
0.632319641,0.394252715,AR8M6LC1187B998D48,34.41925,0,-119.69887,Motograter,0.0,post-grunge,0.974962317,6589,0,0.0,0.0,0.317,1.28635,0.42,0.45497,226.92526,0.0,0.77057886,SOQELNC12A8C13FE06,5.0,0.858,-4.83,1,0.563,226.925,0.841,0.24733,143.932,4.0,0.98,0,2003,motograter,0
0.726959806,0.45686542,AROLDZG1187FB50AFB,0.0,0,0.0,Melvins,0.0,sludge metal,1.0,373072,0,0.0,0.0,0.337,1.57352,0.373,0.52492,217.80853,0.0,0.703966085,SOCYZTH12AF72A6CCF,2.0,0.776,-7.616,1,0.486,193.173,0.168,0.26477,113.386,4.0,0.0,0,2008,melvins,0
0.567476906,0.329333419,ARVEXQ51187B9B8237,34.05349,0,-118.24532,The Funeral Pyre,0.0,blackened death metal,0.899381163,633232,0,0.0,0.0,0.155,0.44264,0.047,0.18802,271.22893,0.0,-1.0,SOUOCXE12AB0180DE8,10.0,0.371,-5.587,0,0.406,260.992,0.351,0.18802,227.302,4.0,0.138,0,2006,the funeral pyre,0
0.717762702,0.532266186,ARDBSFT1187B9AC9C1,40.71455,0,-74.00712,Fountains Of Wayne,0.0,power pop,1.0,266908,0,0.0,1.0,0.034,0.82017,0.693,0.30346,144.71791,0.189,0.519448582,SOJIPPT12A8C13F9FC,9.0,0.085,-5.759,0,0.263,138.286,0.635,0.04446,115.686,4.0,0.619,0,1999,fountains of wayne,0
0.523962423,0.440867557,ARSEC9Q1187B98912D,0.0,0,0.0,Colin James,0.0,blues,1.0,759424,0,0.0,0.0,0.217,0.42714,1.0,0.04086,280.11057,0.165,0.212045406,SOTUGEK12AB018BE28,5.0,0.397,-8.882,1,0.376,268.08,0.82,0.04086,154.548,4.0,0.734,0,1995,colin james,0
0.733433227,0.455558797,ARK8OHG1187B99016A,0.0,0,0.0,Shadows Fall,0.0,power metal,0.945956606,734341,0,0.0,0.0,0.0,0.24691,0.0,0.24691,325.17179,0.0,0.559547243,SOSZSGF12A67AE21B1,2.0,0.656,-7.736,0,0.657,322.659,0.0,0.09938,194.238,1.0,0.0,0,2000,shadows fall,0
0.484893131,0.344871922,AR3752L1187FB4B67E,0.0,0,0.0,The Real Kids,0.0,power pop,0.933309953,193042,0,0.0,1.0,1.0,0.16117,1.0,0.16117,263.75791,0.096,-1.0,SODSPJL12A8C130DAE,4.0,0.4,-12.432,0,0.304,256.592,0.568,0.16117,104.775,1.0,0.0,0,1977,the real kids,0
0.391454064,0.32085013,ARQC4R31187B9A0D88,0.0,0,0.0,Jean Ferret,0.0,gypsy jazz,0.962661922,333098,0,0.0,0.0,0.558,0.58624,0.558,0.58624,172.61669,0.0,0.323112121,SOMEPEB12A8C13E232,2.0,0.79,-16.532,0,0.83,169.726,0.774,0.34226,124.089,1.0,0.0,0,1991,jean ferret,0
0.634496285,0.39505304,ARUYGJ31187B9A2FEA,30.33138,0,-81.6558,The Summer Obsession,0.0,pop punk,0.96814047,42341,0,0.0,0.0,0.02,1.65801,0.576,0.15444,282.04363,0.0,0.582918459,SOBWXDJ12A58A7725D,0.0,0.359,-6.327,1,0.491,270.019,1.0,0.15444,79.935,4.0,0.0,0,2006,the summer obsession,0
0.495957128,0.284126949,ARU5CP31187FB44C3A,31.1689,0,-100.07715,Beth Nielsen Chapman,0.0,singer-songwriter,1.0,672972,0,0.0,1.0,0.25,2.40937,0.745,0.37172,220.05506,0.346,-1.0,SOQBXKB12AB018A727,6.0,0.572,-11.168,0,0.605,204.15,0.29,0.19921,119.99,5.0,0.0,0,1997,beth nielsen chapman,0
0.573605491,0.372251208,AR11NP91187B9901B4,0.0,0,0.0,The Roches,0.0,singer-songwriter,1.0,53561,0,0.0,2.0,0.398,1.85836,0.632,0.97395,329.45587,0.705,0.542898743,SODYKTT12A58A7BB18,2.0,0.538,-13.209,0,0.563,314.706,0.278,0.75091,135.011,4.0,1.0,0,1990,the roches,0
0.864867842,0.766076164,ARKR75V1187FB3D4D5,0.0,0,0.0,My Chemical Romance,0.0,emo,1.0,271590,0,0.0,1.0,0.131,2.50348,0.692,1.87557,154.30485,5.039,0.468997788,SOIVRCS12A6D4FDA2C,7.0,0.145,-9.097,1,0.374,154.305,0.051,1.55763,92.645,3.0,1.0,0,2008,my chemical romance,0
0.768004235,0.560819769,ARHRY5S1187B99B96F,32.61436,0,-86.68073,Static-X,0.0,industrial metal,1.0,12607,0,0.0,2.0,0.32,1.56041,0.0,0.55673,189.09995,0.0,0.624953367,SONELOT12A6701F519,5.0,0.47,-3.294,0,0.529,186.52,0.419,0.30643,120.539,4.0,1.0,0,2005,static-x,0
0.789018489,0.573554544,AR5OH2Z1187B9A46A9,0.0,0,0.0,Iggy Pop,0.0,hard rock,1.0,45218,0,0.0,1.0,0.012,0.25972,0.601,0.25972,221.43955,0.0,0.536788886,SOTPQIM12A6D4F91BC,9.0,0.809,-11.278,1,0.716,216.149,0.994,0.25972,131.813,4.0,0.0,0,1990,iggy pop,0
0.739454874,0.513339196,AREKO1L1187B997EFE,55.70622,0,13.1876,The Radio Department,0.0,shoegaze,1.0,47311,0,0.0,0.0,0.005,0.41306,0.178,0.41306,248.24118,0.339,0.788210711,SOMQPCE12AF729A73F,7.0,0.853,-9.024,1,0.747,234.783,0.283,0.2011,142.953,4.0,0.666,0,2005,the radio department,0
0.743458884,0.519198702,AR5BBK81187B990027,0.0,0,0.0,Matt Redman,0.0,ccm,1.0,294754,0,0.0,0.0,0.033,0.41845,0.644,0.41845,336.92689,0.167,-1.0,SOEXRTB12A8C139A38,6.0,0.659,-9.515,1,0.667,333.769,0.429,0.2265,155.889,4.0,0.585,0,2003,matt redman,0
0.50407567,0.33457736,AR6IRG41187B9A4D98,52.51607,0,13.37698,Ec8or,0.0,hardcore techno,1.0,505455,0,0.0,0.0,0.062,0.94292,0.705,0.33776,123.61098,0.438,-1.0,SONLJGK12AB01822EA,2.0,0.159,-4.652,1,0.388,120.059,0.523,0.18911,100.006,4.0,0.682,0,2000,ec8or,0
0.698619547,0.546745176,ARK3PWH1187B9A441D,0.0,0,0.0,Showbread,0.0,post-hardcore,1.0,40023,0,0.0,0.0,0.034,1.02485,0.67,0.48962,264.01914,0.0,0.489174002,SOMWMMJ12A58A7F577,7.0,0.891,-4.789,1,0.804,257.585,0.969,0.09178,112.734,4.0,0.76,0,2006,showbread,0
0.636436672,0.429097812,ARB5TJM1187B9A71FD,0.0,0,0.0,Finntroll,0.0,heavy metal,1.0,749637,0,0.0,1.0,0.288,1.0765,0.47,0.44295,214.30812,0.0,0.65555475,SOGNIKB12AB0187D8B,10.0,0.666,-5.061,1,0.511,210.733,0.286,0.28436,95.035,4.0,0.742,0,2010,finntroll,0
0.484910243,0.399684014,AR3LA671187FB567E4,0.0,0,0.0,Grey Area,0.0,future jazz,0.945713135,30079,0,0.0,1.0,0.983,0.69068,0.0,0.26322,189.33506,0.0,0.352232225,SOCOVXI12A6D4F856F,4.0,0.325,-5.729,1,0.271,177.859,0.461,0.26322,127.221,4.0,0.0,0,1997,grey area,0
0.430214597,0.34865031,ARXKPYC11E2835E356,43.19899,0,27.92076,Lot Lorien,0.0,ballad,1.0,726351,0,0.0,0.0,0.377,1.01566,0.704,0.54539,368.16934,0.409,-1.0,SOQBGZG12AB0187E33,5.0,0.645,-8.684,0,0.65,351.417,0.0,0.54539,160.212,4.0,0.466,0,2007,lot lorien,0
0.606193496,0.407344288,AR2MEUK1187B992D1B,0.0,0,0.0,Jeff Scott Soto,0.0,symphonic rock,0.844147123,161082,0,0.0,0.0,0.231,2.30069,0.354,2.30069,302.00118,6.954,-1.0,SOGTNSA12A8C13CCC0,11.0,0.63,-4.799,1,0.524,280.654,0.067,2.0616,124.845,3.0,0.39,0,2002,jeff scott soto,0
0.596184927,0.427479242,AREBWEH1187B99EA9A,0.0,0,0.0,Beherit,0.0,illbient,0.921677475,628980,0,0.0,1.0,0.0,1.04997,0.439,0.04961,625.57995,0.0,0.471578248,SOOKXRZ12AB01821D4,11.0,0.127,-20.665,1,0.584,606.65,0.702,0.04961,111.125,4.0,0.901,0,1995,beherit,0
0.668087296,0.459387425,AR6AGJV1187FB504BA,0.0,0,0.0,Kitaro,0.0,chill-out,0.810626342,240124,0,0.0,1.0,0.422,0.85801,0.782,0.25103,382.51057,2.589,0.413739836,SOXXSJF12A8C133F33,1.0,0.015,-18.179,0,0.367,345.908,0.066,0.25103,98.763,4.0,0.945,0,1999,kitaro,0
0.877119424,0.560912657,AR7C6G11187B9B4C1E,0.0,0,0.0,Jennifer Lopez,0.0,dance pop,1.0,546964,0,0.0,1.0,0.23,1.67396,0.945,0.41244,220.55138,0.311,0.684223879,SOKHNJM12AF72A0187,11.0,0.716,-5.046,1,0.674,205.827,0.191,0.09706,95.648,4.0,1.0,0,2002,jennifer lopez,0
0.744641246,0.579988982,ARNLO5S1187B9B80CC,0.0,0,0.0,Van Halen,0.0,heavy metal,0.999932033,528810,0,0.0,1.0,0.002,0.69965,0.939,0.0977,199.10485,0.329,0.81146383,SOEZXGQ12AAA8C65E3,4.0,0.743,-12.063,1,0.538,181.876,0.295,0.0977,200.52,4.0,0.0,0,1983,van halen,0
0.394428771,0.299558176,AR91BST1187B98F9A8,0.0,0,0.0,Orquesta America,0.0,charanga,1.0,259453,0,0.0,0.0,0.587,1.02128,0.839,0.46872,353.69751,0.321,-1.0,SORGBTR12A8C1396FA,5.0,0.443,-11.711,1,0.489,347.997,0.556,0.19582,110.326,4.0,0.11,0,1997,orquesta america,0
0.438784795,0.301947213,AR5AXVN1187B9A2761,0.0,0,0.0,Sharon Burch,0.0,folk rock,0.903637905,531093,0,0.0,0.0,0.096,2.30799,0.277,0.77234,183.30077,0.0,-1.0,SOFJQTP12AAFF4441E,9.0,0.0,-14.16,1,0.0,171.961,0.916,0.38255,85.319,4.0,0.092,0,1999,sharon burch,0
0.872536599,0.610731463,AR12F2S1187FB56EEF,0.0,0,0.0,Aerosmith,0.0,blues-rock,0.898816207,14327,0,0.0,1.0,0.214,1.43976,1.0,0.39036,329.69098,0.351,0.730949906,SOZNZIN12A6701E95F,5.0,0.057,-6.658,0,0.246,309.992,0.862,0.12706,115.106,4.0,0.318,0,1989,aerosmith,0
0.496593065,0.351449541,AR59C6A1187B9B2143,-24.9162,0,133.39311,The Cat's Miaow,0.0,shoegaze,0.943155393,453419,0,0.0,0.0,0.035,2.20108,0.942,0.22332,103.00036,0.16,-1.0,SOPRWGJ12AB018216D,2.0,0.811,-15.828,1,0.763,93.054,0.578,0.22332,92.966,5.0,0.568,0,2003,the cat's miaow,0
0.77149215,0.517342286,AR7N7MI1187FB46935,7.37884,0,3.89527,Sade,0.0,quiet storm,0.999829257,695571,0,0.0,1.0,0.13,0.52935,0.0,0.52935,234.26567,2.914,0.687434282,SONKLLM12AB0188175,7.0,0.794,-17.279,0,0.817,221.901,0.162,0.52935,87.553,5.0,1.0,0,2010,sade,0
0.474983458,0.435252324,AR7ISJJ1187B9B2CD6,31.1689,0,-100.07715,Danny Barnes,0.0,progressive bluegrass,0.969307069,503121,0,0.0,1.0,0.233,0.21546,0.233,0.21546,169.482,2.949,0.239629098,SOBXFRU12AB018597B,4.0,0.987,-12.427,1,0.638,162.307,0.129,0.21546,83.277,1.0,0.206,0,2005,danny barnes,0
0.589174876,0.442285782,AR813LR1187FB3F83A,0.0,0,0.0,Goldfish,0.0,chill-out,0.914382622,370167,0,0.0,0.0,0.372,0.50989,0.372,0.50989,172.61669,0.0,-1.0,SOFACAE12AB01865E9,11.0,0.925,-8.209,0,0.82,170.609,0.028,0.22942,104.031,1.0,0.0,0,2004,goldfish,0
0.78303711,0.544257506,ART3O5Z1187B9AB043,32.77815,0,-96.7954,Stevie Ray Vaughan And Double Trouble,0.0,texas blues,0.999791772,385526,0,0.0,1.0,0.292,0.2396,0.73,0.2396,368.63955,0.197,-1.0,SOUNWEU12CF5F88ADE,1.0,0.572,-12.077,1,0.532,356.583,0.73,0.2396,150.582,3.0,1.0,0,2005,stevie ray vaughan and double trouble,0
0.60981436,0.409762631,AR1WU211187FB57E2B,39.09551,0,-120.95071,Terry Riley,0.0,free improvisation,0.849696539,248952,0,0.0,0.0,0.056,3.16908,0.0,0.63128,349.20444,2.566,0.430160637,SOVKAWI12A58A79B9D,6.0,0.687,-16.387,0,0.694,344.648,0.12,0.20779,95.074,7.0,0.555,0,1992,terry riley,0
0.594171892,0.33738758,AR4AR1R1187B98E76F,0.0,0,0.0,Joy Enriquez,0.0,tribal house,0.918836525,293876,0,0.0,0.0,0.016,2.14011,0.627,0.89307,260.96281,0.0,0.265861049,SOJDKVC12A8C13927A,10.0,0.397,-3.941,1,0.429,256.476,0.558,0.42687,96.087,4.0,1.0,0,2001,joy enriquez,0
0.39821877,0.279483127,ARZ78EG1187FB4638E,0.0,0,0.0,Malefaction,0.0,grindcore,1.0,600684,0,0.0,0.0,0.187,0.14132,0.187,0.14132,139.17995,0.0,-1.0,SOEIDNI12AC9075005,9.0,0.313,-4.65,0,0.519,133.985,0.711,0.14132,137.795,1.0,0.172,0,2003,malefaction,0
0.467531442,0.298743065,AR8AZTM1187FB3FB9C,40.4203,0,-3.70577,Julio Iglesias Jr,0.0,j pop,0.846513798,216222,0,0.0,0.0,0.192,0.62001,0.726,0.22207,252.13342,2.479,0.0,SOYVFXD12A8C13A9A3,3.0,0.073,-7.233,1,0.377,247.676,0.326,0.22207,150.071,4.0,0.942,0,2008,julio iglesias jr,0
0.58893851,0.377961532,AR1XE381187FB4C685,34.05349,0,-118.24532,Kane,0.0,blues-rock,1.0,297551,0,0.0,0.0,0.474,0.94611,0.273,0.34293,422.73914,0.0,-1.0,SOIPLDI12A8C13A17C,6.0,0.536,-11.59,1,0.589,413.379,0.273,0.34293,192.476,4.0,0.615,0,1999,kane,0
0.421056165,0.295967984,ARF3FRP1187B9A77BF,62.19845,0,17.55142,Groupa,0.0,neofolk,0.989045222,173769,0,0.0,0.0,0.092,1.98255,0.877,0.56068,229.56363,0.345,0.0,SOROXBU12A8C13F3D6,4.0,0.364,-10.681,0,0.389,216.712,0.812,0.56068,85.548,3.0,0.641,0,1999,groupa,0
0.519000072,0.35303574,ARE2QID1187B98FA19,35.74595,0,-89.53176,Sleepy John Estes,0.0,country blues,0.967611517,150921,0,0.0,0.0,0.734,0.04762,0.734,0.04762,190.27546,0.357,-1.0,SOECRUG12A8C134478,8.0,0.461,-19.297,1,0.464,185.585,0.654,0.04762,85.193,1.0,0.0,0,1965,sleepy john estes,0
0.847451713,0.779968005,ARPAAHK1187B9ABB00,49.26044,0,-123.11403,Nickelback,0.0,alternative metal,0.999907748,335617,0,0.0,2.0,0.943,0.83506,1.0,0.17866,248.05832,0.096,0.984346739,SOWFUUS12AB01800E7,10.0,0.892,-4.157,0,0.747,233.941,0.263,0.17866,89.958,4.0,0.733,0,2008,nickelback,0
0.533659594,0.365822369,ARH3TXI1187FB3A486,36.16778,0,-86.77836,Kathy Troccoli,0.0,ccm,1.0,505822,0,0.0,0.0,0.297,1.08544,0.54,0.37623,282.20036,0.306,0.0,SOMFZIF12AB0182B90,6.0,0.318,-14.014,1,0.492,270.988,0.513,0.37623,88.55,3.0,0.812,0,2005,kathy troccoli,0
0.730669502,0.623835201,ARR6LWJ1187FB44C8B,0.0,0,0.0,R.E.M.,0.0,jangle pop,0.908563716,1138,0,0.0,4.0,0.122,0.68941,0.575,0.12727,246.17751,0.0,0.624024049,SOZDJWF12A6D4F9682,0.0,0.834,-7.534,1,0.67,237.633,0.568,0.12727,107.55,4.0,1.0,0,2004,r.e.m.,0
0.443824814,0.349076306,ARWIGX11187FB3AC96,0.0,0,0.0,Spunk,0.0,free improvisation,1.0,738966,0,0.0,1.0,0.108,0.20536,0.108,0.20536,139.2322,0.0,0.265861049,SONVZQU12AC95F03F5,1.0,0.629,-14.107,1,0.592,130.873,0.166,0.20536,118.721,1.0,0.0,0,2005,spunk,0
0.629186017,0.361483733,AREAEX91187B98DC01,0.0,0,0.0,Gaither Vocal Band,0.0,ccm,1.0,106244,0,0.0,0.0,0.734,1.06381,0.728,0.35333,276.74077,0.264,0.521313819,SOEYHXW12A8C13C677,6.0,1.0,-9.889,1,0.875,264.516,1.0,0.35333,85.103,4.0,0.676,0,2003,gaither vocal band,0
0.506773969,0.379761784,AR4JY8V1187B98A62F,0.0,0,0.0,Ann Hampton Callaway,0.0,vocal jazz,1.0,620792,0,0.0,0.0,0.06,1.71621,0.542,0.21975,304.71791,0.112,0.483143415,SOHUMHC12A81C2318E,3.0,0.525,-16.657,1,0.56,291.201,0.542,0.21975,206.978,7.0,0.779,0,2005,ann hampton callaway,0
0.292268267,0.249111798,ARIOJO01187B9B31B1,0.0,0,0.0,Mariachi Silvestre Vargas,0.0,mariachi,1.0,715069,0,0.0,0.0,0.072,0.31371,0.643,0.31371,186.09587,0.566,0.215080319,SOOWRBQ12AB0189096,7.0,0.683,-12.881,1,0.624,179.09,0.658,0.31371,88.457,7.0,1.0,0,2006,mariachi silvestre vargas,0
0.543061143,0.353364767,ARNHJHU1187B98F79C,4.65637,0,-74.11779,Nightfall,0.0,doom metal,0.92820279,144671,0,0.0,0.0,0.061,1.30849,0.961,0.1619,190.87628,0.107,0.340922756,SOGUGOR12A8C1316DF,7.0,0.37,-4.67,0,0.43,187.06,1.0,0.1619,105.061,4.0,0.596,0,2004,nightfall,0
0.585735488,0.383845367,ARZO73F1187FB4BF23,39.95227,0,-75.16237,Bill Cosby,0.0,comedy,0.971617021,53630,0,0.0,0.0,0.709,0.8748,0.709,0.8748,498.33751,0.466,0.375984302,SOSVNTG12A6D4FA27F,8.0,0.102,-17.315,1,0.119,488.391,0.402,0.59158,70.535,1.0,0.657,0,1973,bill cosby,0
0.525227336,0.338129864,ARHJJ771187FB5B581,51.59678,0,-0.33556,Screaming Lord Sutch,0.0,psychobilly,0.887782657,77862,0,0.0,1.0,0.206,1.31214,0.923,1.31214,184.05832,1.066,-1.0,SOQEATT12A6D4F56DD,9.0,0.599,-11.588,1,0.532,178.863,0.373,1.11193,144.104,4.0,0.0,0,1982,screaming lord sutch,0
0.7957297,0.69352472,AR0WLH6119B8669027,0.0,0,0.0,Owl City,0.0,synthpop,0.90020874,542335,0,0.0,1.0,0.003,0.25046,0.466,0.25046,301.16526,0.102,-1.0,SOAJLWB12CF5828932,10.0,0.603,-6.445,1,0.511,288.641,0.808,0.12123,115.02,4.0,0.558,0,2008,owl city,0
0.632130913,0.472281211,ARO0QD41187FB3AB0A,34.05349,0,-118.24532,Keb' Mo',0.0,blues,1.0,287939,0,0.0,1.0,0.295,0.70879,0.295,0.70879,236.48608,0.0,-1.0,SOYULQG12AF729C1AB,9.0,0.73,-11.0,1,0.492,221.768,0.799,0.41768,104.204,1.0,0.0,0,2000,keb' mo',0
0.520530444,0.274816276,ARGNQED1241B9C4237,0.0,0,0.0,Youves,0.0,dance-punk,1.0,456141,0,0.0,0.0,0.004,0.52123,0.584,0.09312,235.20608,0.0,0.360370583,SODGZVL12AB01846EF,7.0,0.021,-7.012,1,0.381,227.915,1.0,0.09312,142.001,4.0,0.319,0,2008,youves,0
0.647933622,0.480575193,AR4PQ891187FB5CA9F,40.76099,0,-74.20991,Dionne Warwick,0.0,brill building pop,1.0,661297,0,0.0,2.0,0.016,0.99447,1.0,0.30327,226.58567,0.264,-1.0,SOVHKAC12AB018C763,3.0,0.423,-18.063,1,0.619,218.639,0.307,0.30327,87.447,4.0,0.0,0,2006,dionne warwick,0
0.698771966,0.440670097,AR85QTQ11A348EFF96,0.0,0,0.0,Brooke White,0.0,pop rock,1.0,800531,0,0.0,0.0,0.466,1.65499,0.921,0.32988,233.79546,0.481,0.629790623,SOUEYVF12A58A7B70F,2.0,0.749,-8.023,1,0.854,218.424,0.871,0.32988,89.665,4.0,0.0,0,2009,brooke white,0
0.581475219,0.292662773,AR05IU31187B9B9A1A,42.84751,0,-2.67973,Alex Ubago,0.0,latin pop,0.866851095,628299,0,0.0,0.0,0.028,0.73073,0.568,0.27901,186.09587,0.218,0.0,SOBEBCP12AB0182AEE,7.0,0.459,-5.274,1,0.568,174.585,0.561,0.05592,135.016,4.0,0.529,0,2009,alex ubago,0
0.628274449,0.428834536,ARNVM131187B990D2B,0.0,0,0.0,themselves,0.0,experimental pop,0.853973286,238242,0,0.0,1.0,0.005,2.78491,0.637,0.19711,274.1024,0.0,0.549895345,SONFVVI12A8C133210,9.0,0.37,-13.275,0,0.457,264.423,0.302,0.04372,95.779,4.0,0.865,0,2003,themselves,0
0.509380155,0.355667956,AR5IDI61187FB43E75,0.0,0,0.0,Bloomfield,0.0,deep house,1.0,778229,0,0.0,0.0,0.193,0.41606,0.724,0.07789,353.69751,0.258,0.660381133,SOFQOAR12AC4688316,1.0,0.287,-6.718,1,0.251,335.267,0.194,0.07789,179.976,4.0,0.0,0,2006,bloomfield,0
0.588667487,0.385515114,ARYS9L21187FB367E4,0.0,0,0.0,Tones On Tail,0.0,dark wave,0.931734856,105872,0,0.0,1.0,0.864,3.78121,0.838,0.2312,387.16036,0.421,0.718950559,SOQSVRE12A8C13A31C,2.0,0.616,-11.705,0,0.615,356.2,0.198,0.2312,95.425,4.0,0.768,0,1987,tones on tail,0
0.843526543,0.750311503,ARUJ5A41187FB3F5F1,0.0,0,0.0,U2,0.0,dance rock,1.0,289719,0,0.0,3.0,0.046,0.77225,0.608,0.36053,406.85669,0.0,-1.0,SOIKNYT12A8C134A20,8.0,0.01,-8.539,1,0.295,385.416,0.217,0.1649,146.826,4.0,0.691,40,1992,u2,0
0.518743959,0.341288723,ARY4M3J1187B9AC94C,53.79449,0,-1.54658,John Sebastian,0.0,folk rock,0.994543804,335910,0,0.0,1.0,0.215,2.94107,0.647,0.6327,276.45342,0.0,0.0,SONPLJV12AB0182571,0.0,0.662,-12.983,1,0.54,270.449,1.0,0.24713,101.971,5.0,0.675,0,1976,john sebastian,0
0.619260605,0.416935872,ARXW2MN1187B9B8817,0.0,0,0.0,X-ecutioners featuring M.O.P.,0.0,turnablism,0.997036303,400773,0,0.0,2.0,0.011,0.9384,0.885,0.28032,210.07628,0.09,-1.0,SOVLJVC12AB01809F8,10.0,0.449,-4.33,0,0.229,207.285,0.414,0.11621,185.498,4.0,0.31,0,2001,x-ecutioners featuring m.o.p.,0
0.619530991,0.354369616,ARVUQIC1187B9A7C66,0.0,0,0.0,Hevia,0.0,folk rock,0.994823354,158479,0,0.0,0.0,0.098,0.1305,0.964,0.1305,331.88526,0.092,0.0,SOLZCZD12A8C13833B,5.0,0.125,-4.769,0,0.24,325.904,0.894,0.1305,124.006,4.0,0.966,0,2005,hevia,0
0.621121051,0.43568407,ARS0W831187B9AF0B7,0.0,0,0.0,Maximilian Hecker,0.0,chamber pop,0.935593549,420564,0,0.0,0.0,0.508,2.48089,0.849,0.95708,174.23628,6.809,0.299877488,SOFWWIA12AB01884A1,7.0,0.897,-14.689,1,0.79,163.817,0.365,0.95708,77.006,4.0,0.0,0,2004,maximilian hecker,0
0.546727554,0.386180416,ARE26EG1187B990AEF,51.77045,0,0.64255,Sunscreem,0.0,progressive house,0.955184953,196929,0,0.0,1.0,0.005,1.09444,1.0,0.16922,232.4371,0.0,-1.0,SOICLQB12A8C13637C,11.0,0.625,-8.955,0,0.558,232.437,1.0,0.16922,130.201,4.0,0.0,0,1995,sunscreem,0
0.66229871,0.379137556,ARALP6I1187B989E27,40.86034,0,-74.12374,The Shirelles,0.0,doo-wop,0.961606024,610227,0,0.0,2.0,0.24,1.27361,0.0,0.25108,132.33587,0.0,-1.0,SOEYALK12A8C143123,5.0,0.696,-11.49,1,0.588,126.851,0.052,0.25108,116.764,4.0,0.765,0,1963,the shirelles,0
0.616594467,0.444086812,ARAI2ZO1187B9A0536,0.0,0,0.0,Catupecu Machu,0.0,electro rock,0.890624551,149618,0,0.0,0.0,0.443,1.30767,1.0,0.34866,266.1873,0.293,0.57228319,SOOTJIQ12A8C1368B9,1.0,0.717,-4.768,1,0.592,258.026,0.846,0.10579,126.992,4.0,0.99,0,2004,catupecu machu,0
0.603383145,0.422127199,AR1DR0E1187FB48F61,0.0,0,0.0,Kathy Mattea,0.0,bluegrass,0.959671631,27412,0,0.0,1.0,0.093,0.57529,0.84,0.57529,124.83873,0.16,0.0,SOPMXHY12A6D4F7DBC,9.0,0.019,-14.479,1,0.504,114.672,0.901,0.20462,79.091,7.0,0.911,0,2002,kathy mattea,0
0.439907658,0.311559176,ARQVLQJ1187B98F11F,0.0,0,0.0,Mau Mau,0.0,progressive house,0.984512778,54099,0,0.0,0.0,0.687,0.37946,0.687,0.37946,232.12363,0.253,0.0,SORVMCT12A6D4FA8F7,2.0,0.46,-8.714,1,0.511,221.362,0.367,0.16124,89.672,1.0,0.976,0,2000,mau mau,0
0.541033427,0.423808444,ARQQP3Z1187FB5707B,53.55334,0,9.99245,Bert Kaempfert,0.0,easy listening,0.986837479,345918,0,0.0,1.0,0.1,0.69194,1.0,0.32221,201.42975,0.241,0.0,SOCUSAL12AB0182310,5.0,0.744,-18.994,0,0.643,196.69,1.0,0.32221,161.804,4.0,0.73,0,1997,bert kaempfert,0
0.493891153,0.355495957,ARM63WJ1187B9951EA,0.0,0,0.0,Autumnblaze,0.0,doom metal,0.906829265,675993,0,0.0,0.0,0.045,0.76498,0.766,0.39293,277.75955,0.0,0.419125893,SOZPUVL12AB0188069,2.0,0.396,-5.903,1,0.358,269.084,0.618,0.20459,159.886,4.0,0.0,0,2009,autumnblaze,0
0.584225422,0.359873046,AR06EHB1187FB42914,0.0,0,0.0,Chico Cesar,0.0,brazilian pop music,1.0,272465,0,0.0,0.0,0.012,0.95605,0.874,0.21153,238.23628,0.177,0.299877488,SODVLYP12A6D4FCCA3,4.0,0.349,-7.083,0,0.414,234.249,1.0,0.21153,163.99,4.0,0.638,0,2008,chico cesar,0
0.614870934,0.628246419,ARF3GX71187FB3EB66,0.0,0,0.0,Martina McBride,0.0,country,0.939349522,539435,0,0.0,2.0,0.056,2.20538,0.962,1.17937,198.42567,1.127,0.215080319,SONEGFT12A8C142567,4.0,0.002,-7.958,0,0.063,187.35,0.5,1.17937,175.954,7.0,0.0,0,1993,martina mcbride,0
0.417164422,0.317288598,AR08DYV1187B99A0D7,40.71455,0,-74.00712,Reach 454,0.0,post-grunge,0.984823864,5278,0,0.0,0.0,0.102,0.73922,0.0,0.73922,237.19138,0.0,-1.0,SOFQVFL12A6701F8DC,7.0,0.012,-2.76,1,0.397,234.249,0.445,0.26329,95.953,4.0,0.762,0,2003,reach 454,0
0.618002715,0.349476327,ARU9KWP1187B98B2A7,0.0,0,0.0,Busdriver,0.0,alternative hip hop,0.871237163,131510,0,0.0,1.0,0.202,0.43495,0.0,0.43495,240.71791,0.235,0.55964661,SOGWPDK12A81C2242F,8.0,0.901,-5.281,1,0.827,229.918,0.403,0.11062,123.998,5.0,0.492,0,2005,busdriver,0
0.478083521,0.378387398,AR0CWOB1187B99FA08,0.0,0,0.0,Christophe Beck,0.0,electronica,1.0,64174,0,0.0,0.0,0.022,0.90774,0.539,0.45529,91.21914,0.444,0.212045406,SOKEGNC12A6D4FB54C,8.0,0.053,-26.631,0,0.397,78.541,0.236,0.45529,131.487,4.0,0.016,0,2002,christophe beck,0
0.314412069,0.217993638,AR8E1KA1187B9A18C3,0.0,0,0.0,Mike Vax,0.0,hard bop,0.989200603,228476,0,0.0,0.0,0.061,0.9233,0.568,0.35612,154.06975,0.421,-1.0,SOJWSCQ12A6D4FBAB9,7.0,0.488,-10.418,1,0.494,147.627,0.0,0.35612,107.411,4.0,0.672,0,2001,mike vax,0
0.662250484,0.410053623,ARNZPLV1187FB3DF5D,0.0,0,0.0,Capleton,0.0,dancehall,0.946977244,582256,0,0.0,1.0,0.096,0.03163,0.942,0.03163,86.88281,0.0,-1.0,SONOKWX12AB0185FDC,7.0,0.442,-8.834,1,0.347,86.883,0.349,0.03163,161.737,4.0,1.0,0,1997,capleton,0
0.662670207,0.378969801,AR0V36F1187FB366B1,53.41961,0,-8.24055,The Chieftains,0.0,irish folk,1.0,289567,0,0.0,2.0,0.148,3.00267,0.0,0.25976,231.1571,4.534,-1.0,SOVXQXN12A8C135FDC,7.0,0.765,-13.855,1,0.737,226.656,0.026,0.25976,105.539,7.0,0.977,0,1977,the chieftains,0
0.561370907,0.365533756,ARN3O411187FB4D859,0.0,0,0.0,Stephan Micus,0.0,free improvisation,0.86460919,178957,0,0.0,1.0,0.968,0.65729,0.968,0.65729,336.09098,0.0,0.323112121,SORUYQB12A81357343,3.0,0.406,-26.688,1,0.508,296.89,0.25,0.65729,85.816,1.0,1.0,0,2002,stephan micus,0
0.687619666,0.417068913,ARXK4YK1187FB4D0C4,51.50632,0,-0.12714,Dub Pistols feat. TK & Ashley Slater,0.0,big beat,0.994663113,430805,0,0.0,1.0,0.071,1.15603,0.55,0.62348,328.48934,3.181,0.519448582,SOYSKFE12A8C143AF3,0.0,0.355,-6.841,0,0.455,292.931,0.098,0.34779,111.997,4.0,0.733,0,2009,dub pistols feat. tk & ashley slater,0
0.513932264,0.290906325,ARDHWW41187B9A86B0,43.07295,0,-89.38669,Paris_ Texas,0.0,big beat,0.926023906,750876,0,0.0,0.0,0.038,1.38599,0.726,0.18682,225.67138,0.13,0.0,SOWFMJA12AB01837B6,0.0,0.958,-6.737,1,0.764,218.662,0.626,0.0373,100.532,4.0,0.183,0,2002,paris_ texas,0
0.556410013,0.396596275,AR0N9BV1187FB3AD01,41.76332,0,-72.67407,Gene Pitney,0.0,brill building pop,1.0,84929,0,0.0,1.0,0.39,0.73505,0.605,0.07817,166.3473,0.328,0.73292413,SOVPVKY12A6D4F6F86,7.0,0.648,-6.832,1,0.483,154.564,0.95,0.07817,93.301,4.0,0.0,0,1986,gene pitney,0
0.601245988,0.461026521,AR2S4CA1187B99632E,0.0,0,0.0,FFH,0.0,ccm,1.0,487835,0,0.0,0.0,0.067,1.95391,0.068,1.04704,263.83628,4.772,0.375984302,SOTZUHM12A58A7E054,3.0,0.775,-6.315,1,0.765,250.915,0.252,0.82204,138.504,4.0,0.73,0,2003,ffh,0
0.740250721,0.516771088,ARYVGP31187B9A531A,0.0,0,0.0,John Mellencamp,0.0,heartland rock,1.0,23778,0,0.0,1.0,0.004,1.31664,1.0,0.39025,216.86812,0.066,0.450762242,SOTPQTD12A58A7E19B,11.0,0.335,-8.698,0,0.437,205.659,0.597,0.15279,134.929,4.0,0.219,0,1987,john mellencamp,0
0.498834975,0.379960767,AR9OLFX1187B9A5762,31.30757,0,-96.63166,Bob Willis,0.0,western swing,1.0,341482,0,0.0,0.0,0.729,0.05652,0.729,0.05652,172.09424,0.083,0.400443466,SOTJMAA12AB01862F2,3.0,0.688,-13.559,1,0.65,163.039,0.28,0.05652,121.923,1.0,0.0,0,2000,bob willis,0
0.627071701,0.35376849,ARWGIFV1187B989947,0.0,0,0.0,New Direction,0.0,gospel,0.953072703,113176,0,0.0,0.0,0.664,0.50283,0.664,0.50283,265.24689,0.2,0.334706549,SOTGNAJ12A58A7F3FE,2.0,0.364,-6.611,0,0.553,265.247,0.656,0.2505,56.703,1.0,0.0,0,1999,new direction,0
0.624723768,0.403509673,ARCZ20M1187FB49687,32.77942,0,-91.56123,Tony Joe White,0.0,country rock,1.0,59794,0,0.0,1.0,0.271,0.88751,0.0,0.45983,329.35138,2.844,0.0,SOPUCKL12A6D4FB5A6,2.0,0.078,-17.816,1,0.516,304.21,0.169,0.2417,139.905,4.0,0.289,0,1993,tony joe white,0
0.823910087,0.549749652,ARKCYJV1187FB392E9,0.0,0,0.0,Set Your Goals,0.0,pop punk,1.0,710826,0,0.0,1.0,0.808,0.37689,0.808,0.37689,153.23383,0.072,0.659230577,SOKPTHW12AB018AB51,8.0,0.683,-6.754,1,0.528,136.353,0.604,0.1463,131.639,1.0,0.0,0,2006,set your goals,0
0.350755308,0.19742668,AR23MLO119B8668CDA,0.0,0,0.0,Jaco & Mixxmaster,0.0,trance,1.0,782395,0,0.0,0.0,0.367,1.29102,0.882,0.41417,441.99138,0.0,-1.0,SOLXIWW12AC468805A,1.0,1.0,-5.639,1,0.829,434.289,0.744,0.19438,136.981,4.0,0.0,0,2008,jaco & mixxmaster,0
0.42429413,0.327239606,ARRWDU31187B9B5656,38.62774,0,-90.19951,Jimmy McCracklin,0.0,piano blues,0.985506781,384191,0,0.0,0.0,0.0,0.73653,0.999,0.14004,147.64363,0.328,0.262308997,SOERGHR12AAF3B2A52,2.0,0.397,-8.441,0,0.161,142.501,0.847,0.14004,101.241,4.0,0.819,0,2002,jimmy mccracklin,0
0.711893841,0.535163042,ARQOATR1187B9AE959,0.0,0,0.0,Jane's Addiction,0.0,alternative metal,0.948792523,150174,0,0.0,1.0,0.006,1.67293,0.915,0.36361,229.61587,0.316,0.630187627,SOWCTVQ12A8C134C64,7.0,0.034,-3.782,0,0.455,218.825,0.611,0.36361,92.099,4.0,0.855,0,2003,jane's addiction,0
0.842423318,0.564855751,ARCP94M1187B9B0F56,42.88544,0,-78.87846,Every Time I Die,0.0,alternative metal,1.0,435899,0,0.0,0.0,0.142,0.60863,0.363,0.27922,215.43138,10.733,0.529730607,SOAUQNX12AB017B7CF,10.0,0.208,-9.171,1,0.444,201.195,0.184,0.11652,187.401,4.0,0.025,0,2000,every time i die,0
0.389837556,0.338400248,ARPKMIM1187FB397DE,0.0,0,0.0,Mad Are Sane_ The,0.0,punk,1.0,235684,0,0.0,1.0,1.0,0.13685,1.0,0.13685,228.8322,0.27,0.437036204,SOAVPSK12A58A7ED21,1.0,0.743,-8.999,1,0.629,225.686,0.492,0.13685,196.196,1.0,0.0,0,1984,mad are sane_ the,0
0.448892805,0.398442224,ARKJKVO1187FB49D0A,0.0,0,0.0,"MichA""le Bernard",0.0,chanson,1.0,371969,0,0.0,0.0,0.069,0.60191,0.494,0.08964,230.24281,0.0,-1.0,SOAQTZJ12A8C14343C,2.0,0.081,-12.166,0,0.561,213.148,0.494,0.08964,234.361,4.0,0.996,0,2006,"micha""le bernard",0
0.631702562,0.458210742,AREMOC71187B996C2F,0.0,0,0.0,Lara Fabian,0.0,ballad,1.0,226414,0,0.0,1.0,0.063,1.33148,0.727,0.23742,273.13587,0.206,0.386477291,SORWASK12A6D4FA5ED,2.0,0.67,-7.387,1,0.662,258.485,0.925,0.23742,109.965,4.0,1.0,0,1994,lara fabian,0
0.567313224,0.580013183,ARAIABB1187B9AC6E2,0.0,0,0.0,Seal,0.0,dance pop,1.0,135645,0,0.0,2.0,0.167,4.55125,0.276,0.47817,304.14322,0.0,0.352232225,SORLVXI12A8AE45E37,5.0,0.545,-6.373,1,0.548,304.143,0.0,0.3127,133.193,5.0,0.806,0,2005,seal,0
0.590473194,0.418989675,ARKBTPV1187FB38A79,32.51461,0,-93.74727,Faron Young,0.0,honky tonk,1.0,769560,0,0.0,0.0,0.688,5.43826,0.404,0.98717,168.72444,0.0,0.0,SOJEECD12AB018BDA5,2.0,0.277,-13.601,1,0.414,160.583,0.911,0.59894,74.894,4.0,0.763,0,1994,faron young,0
0.315307851,0.229738498,ARLV03V1187B9A33A9,0.0,0,0.0,Djelimady Tounkara,0.0,latin jazz,0.882019592,321338,0,0.0,0.0,0.031,0.22262,0.809,0.22262,487.33995,0.392,0.229144104,SOHUHHZ12AAA15E72E,0.0,0.654,-9.777,1,0.617,476.746,0.469,0.22262,145.93,4.0,0.652,0,2005,djelimady tounkara,0
0.597113361,0.376556981,AR82GTS1187FB5662F,53.41961,0,-8.24055,Mary Black & General Humbert,0.0,country rock,0.950485156,620827,0,0.0,1.0,0.107,0.82621,0.75,0.18169,303.75138,0.177,0.375984302,SOLJMGD12A58A76C3A,7.0,0.791,-10.273,1,0.764,299.445,0.022,0.18169,99.237,3.0,0.849,0,1984,mary black & general humbert,0
0.605538219,0.307540085,ARU2I2B1187FB472E8,33.95319,0,-84.54588,Moros Eros,0.0,experimental pop,0.818747741,146667,0,0.0,0.0,0.42,0.54257,0.42,0.54257,224.41751,0.0,0.473346541,SOELVHE12A8C135E02,2.0,0.144,-5.879,0,0.168,211.557,0.119,0.22052,90.291,1.0,1.0,0,2007,moros eros,0
0.453912533,0.0,AR7Y8LR1187B991B6F,0.0,0,0.0,Jean Corti,0.0,chanson,0.945963926,288788,0,0.0,0.0,0.576,0.12323,0.576,0.12323,183.19628,0.334,-1.0,SOSKXWY12A8C135248,0.0,0.822,-11.765,1,0.896,175.229,0.189,0.12323,163.567,1.0,0.192,0,2001,jean corti,0
0.622874939,0.461245798,AR71A931187B99CDD9,0.0,0,0.0,Harry Gregson-Williams,0.0,video game music,0.998071518,285172,0,0.0,2.0,0.081,1.23836,0.385,0.41648,95.9473,0.179,-1.0,SOBNTOJ12A8C133435,10.0,0.143,-14.798,0,0.291,95.947,0.487,0.21147,145.971,3.0,0.421,0,2003,harry gregson-williams,0
0.515044056,0.316692162,ARGNGRI11E2835D567,0.0,0,0.0,Tam Tam Go!,0.0,pop rock,0.873697928,29398,0,0.0,1.0,0.039,0.31585,0.865,0.31585,405.41995,0.16,-1.0,SOKJUPL12A6D4F8383,6.0,0.628,-4.811,0,0.622,398.292,0.0,0.11774,130.402,4.0,0.222,0,1999,tam tam go!,0
0.692344531,0.51928812,ARUQ6301187FB54EBA,0.0,0,0.0,Salt-N-Pepa,0.0,pop rap,0.958577127,68118,0,0.0,1.0,0.119,1.26351,0.925,0.3213,207.62077,0.287,0.806119769,SOWPAXV12A67ADA046,4.0,0.252,-5.668,1,0.359,207.621,1.0,0.08637,127.597,4.0,0.822,0,1988,salt-n-pepa,0
0.709010525,0.553566172,ARV8T9T1187B99F3F4,0.0,0,0.0,Amorphis,0.0,progressive metal,0.944224483,239673,0,0.0,1.0,0.137,1.23597,0.946,0.72945,332.06812,0.374,-1.0,SONUOCM12A8C141FF0,8.0,0.769,-7.107,1,0.617,327.378,0.118,0.47496,122.483,4.0,0.68,0,1992,amorphis,0
0.430172046,0.354619059,ARDE52X1187FB438CD,32.67828,0,-83.22295,Billy Pilgrim,0.0,folk-pop,1.0,333532,0,0.0,0.0,0.092,0.66077,0.886,0.22578,220.26404,0.0,-1.0,SOWGFDH12AB017B2F5,2.0,0.795,-7.152,1,0.81,211.006,0.513,0.22578,137.296,4.0,0.0,0,1995,billy pilgrim,0
0.623696863,0.400211298,AR07VS41187FB37944,0.0,0,0.0,Mungo Jerry,0.0,pop rock,0.981713632,428130,0,0.0,1.0,0.001,0.47192,0.882,0.47192,193.90649,0.421,0.427446572,SOGWIQR12A8C144C22,7.0,0.005,-9.984,1,0.23,181.255,0.924,0.11266,88.58,4.0,0.0,0,1995,mungo jerry,0
0.786921231,0.495306693,ARNMWP51187FB3E963,41.88415,0,-87.63241,Curtis Mayfield,0.0,chicago soul,0.948940265,59669,0,0.0,1.0,0.023,0.91167,1.0,0.40986,411.92444,0.402,0.304169503,SOSTESB12A6D4F9A66,8.0,0.381,-9.633,1,0.396,402.93,0.333,0.40986,237.466,4.0,0.352,0,1979,curtis mayfield,0
0.567278592,0.533885537,ARCHKD91187B9A0A42,40.71455,0,-74.00712,The Ronettes,0.0,brill building pop,0.967826946,692717,0,0.0,1.0,0.066,4.18287,0.787,0.71944,177.81506,0.305,0.629768365,SOSAQJU12AC90755D2,7.0,0.797,-9.54,1,0.709,168.826,0.0,0.46984,114.047,4.0,0.148,0,1991,the ronettes,0
0.754917646,0.507464243,ARWPYQI1187FB4D55A,53.45644,0,-2.63265,Rick Astley,0.0,dance pop,1.0,279019,0,0.0,1.0,0.171,0.1945,0.715,0.1945,215.09179,0.155,0.574882892,SOFFOFH12A8AE45129,8.0,0.626,-10.612,1,0.453,208.927,0.711,0.1945,150.112,4.0,0.269,0,1993,rick astley,0
0.583178831,0.434253341,AR7PPJV1187FB397CC,0.0,0,0.0,The James Taylor Quartet,0.0,jazz funk,0.968044675,320241,0,0.0,1.0,0.33,1.12765,0.0,0.583,315.14077,0.0,0.523166108,SOTGNGT12A8C142826,0.0,0.393,-14.334,1,0.438,305.993,0.432,0.21981,106.552,4.0,0.598,0,1996,the james taylor quartet,0
0.571402429,0.384425906,ARWX7AO1187B9B91AA,0.0,0,0.0,Jose Luis Perales,0.0,latin pop,1.0,63206,0,0.0,0.0,0.308,1.113,1.0,0.23669,191.21587,0.0,0.0,SORWORW12A6D4FBBE2,6.0,0.372,-6.025,0,0.469,177.488,0.685,0.23669,136.478,4.0,0.0,0,2008,jose luis perales,0
0.856448924,0.854637828,ARPDVPJ1187B9ADBE9,0.0,0,0.0,Usher Featuring The Nu Beginning,0.0,hip hop,1.0,667675,0,0.0,1.0,0.067,3.7298,0.41,2.71972,338.75546,5.875,-1.0,SOSIANM12AB018CC80,5.0,0.167,-11.215,0,0.366,333.195,0.023,2.47293,118.099,4.0,1.0,0,2004,usher featuring the nu beginning,0
0.636423645,0.447935481,ARD842G1187B997376,43.64856,0,-79.38533,Blue Rodeo,0.0,country rock,1.0,7106,0,0.0,2.0,0.059,0.87406,0.898,0.39722,280.65914,0.334,0.494489518,SOFGAJF12A8C141DA3,7.0,0.345,-6.033,1,0.588,269.526,0.538,0.15761,126.1,4.0,0.415,0,1992,blue rodeo,0
0.780264381,0.570106512,ARAZCWP129462A97F1,0.0,0,0.0,Bob Marley & The Wailers,0.0,reggae,1.0,389249,0,0.0,1.0,0.094,0.48861,0.0,0.06887,320.15628,1.071,-1.0,SOPIFJT12A81C221AC,4.0,0.33,-8.959,0,0.382,308.117,0.617,0.06887,148.684,4.0,0.253,0,2007,bob marley & the wailers,0
0.50373879,0.359290849,ARIHI8H1187B9B0058,18.11526,0,-77.27348,Jackie Edwards,0.0,rock steady,0.884814709,818083,0,0.0,0.0,0.048,0.69893,0.744,0.30818,179.09506,0.266,0.372530039,SOIXICA12A58A7A9A5,10.0,0.782,-6.543,1,0.684,172.286,0.882,0.11134,157.177,4.0,0.472,0,2003,jackie edwards,0
0.622940428,0.370962958,ARB4ROA1187B9ACAEC,0.0,0,0.0,Junior Reid,0.0,roots reggae,0.981879216,263238,0,0.0,0.0,0.074,0.49639,0.954,0.13753,199.75791,0.276,0.0,SOJODCY12A58A7CE98,1.0,0.0,-8.141,0,0.248,192.644,0.546,0.13753,165.469,4.0,0.462,0,1994,junior reid,0
0.719492291,0.467565441,ARWVOHH1187FB5974B,0.0,0,0.0,Screamin' Jay Hawkins,0.0,rock 'n roll,0.999779173,151063,0,0.0,1.0,0.376,0.29729,0.376,0.29729,150.56934,0.0,-1.0,SOVVAVA12AF72A9926,6.0,0.405,-11.316,1,0.432,146.187,0.805,0.10329,63.263,1.0,0.0,0,1995,screamin' jay hawkins,0
0.540750151,0.379651219,AR7CCCC1187FB578FF,0.0,0,0.0,Don Gibson,0.0,country rock,0.984649793,348099,0,0.0,1.0,0.229,1.74998,0.0,0.26512,151.09179,0.177,-1.0,SOPFIWM12AB0186A0D,9.0,0.624,-15.854,1,0.58,145.99,0.975,0.26512,81.832,3.0,0.898,0,1959,don gibson,0
0.551311117,0.357663448,ARW3V6T1187B9ACAC4,48.39023,0,-4.48622,Miossec,0.0,chanson,0.978815243,123609,1964,0.0,0.0,0.027,1.63439,0.64,0.26158,225.90649,0.2,-1.0,SOWOWTL12A6D4F9EB9,2.0,0.613,-7.254,1,0.648,211.447,0.719,0.26158,89.013,3.0,0.706,0,2004,miossec,1964
0.585680704,0.44062411,AR60ZZX1187FB52E29,0.0,0,0.0,Capone-N-Noreaga feat. Busta Rhymes and Ron Browz,0.0,gangster rap,0.993664788,395388,0,0.0,0.0,0.024,0.64228,1.0,0.34335,256.1824,0.078,0.462379946,SOACXUA12AB017C9A4,0.0,1.0,-3.163,1,0.77,250.834,0.501,0.19388,201.494,4.0,0.819,0,2009,capone-n-noreaga feat. busta rhymes and ron browz,0
0.587023739,0.383229026,AR5TQ1T1187FB59492,18.11526,0,-77.27348,Cornell Campbell,0.0,roots reggae,0.961782168,14979,0,0.0,0.0,0.035,1.25911,1.0,0.42328,184.99873,0.245,-1.0,SOLFRCH12A67021C28,11.0,0.424,-15.726,1,0.583,174.817,0.31,0.42328,141.257,4.0,0.517,0,1997,cornell campbell,0
0.643544997,0.670106173,ARVNGA71187FB3C107,0.0,0,0.0,Faith Hill,0.0,country,1.0,597519,0,0.0,1.0,0.183,1.22195,0.954,0.36484,207.80363,0.084,0.517789044,SOQAUIF12AC46861CF,0.0,0.441,-7.132,1,0.5,186.805,0.824,0.15057,141.705,4.0,0.472,0,1998,faith hill,0
0.545866609,0.375362434,ARH0Z131187B9B69E9,40.8079,0,-73.9454,Kool Moe Dee,0.0,hip hop,1.0,307550,0,0.0,1.0,0.154,0.08733,1.0,0.08733,397.5571,0.34,-1.0,SOVXKMW12A8C1414C1,6.0,0.042,-8.74,1,0.529,394.356,0.982,0.08733,107.022,4.0,1.0,0,1991,kool moe dee,0
0.915823253,0.655283798,ARBEOHF1187B9B044D,0.0,0,0.0,Madonna,0.0,dance pop,1.0,222538,0,0.0,3.0,0.056,1.3964,1.0,0.45841,277.99465,0.438,-1.0,SOULPEW12A8C13E4F7,10.0,0.334,-3.629,0,0.333,268.22,1.0,0.22319,127.999,4.0,0.0,0,2008,madonna,0
0.588781959,0.415408952,ARSS4Y41187B9B0AC6,38.41982,0,-82.44537,Bobaflex,0.0,rap metal,0.99822451,31407,0,0.0,0.0,0.851,0.89563,0.892,0.24985,147.43465,0.496,0.660680598,SOEOYBN12A6D4F9E2C,10.0,0.005,-3.124,1,0.18,142.994,0.37,0.0876,93.033,4.0,0.632,0,2005,bobaflex,0
0.70382389,0.464736061,ARNBIUE1187FB3E846,51.50632,0,-0.12714,Benga,0.0,dubstep,1.0,783787,0,0.0,1.0,0.174,1.40166,0.507,0.73306,277.55057,0.0,0.583748835,SOAPDWC12AC468BB3B,11.0,0.015,-8.525,0,0.336,274.146,1.0,0.40189,87.468,5.0,1.0,0,2006,benga,0
0.536655656,0.0,ARLLUSZ1187B98ACDC,0.0,0,0.0,Tha Liks,0.0,los angeles,0.864452172,287223,0,0.0,0.0,0.299,0.84262,0.214,0.07377,108.2771,0.264,-1.0,SONAWWG12A8C133380,0.0,0.647,-6.929,1,0.587,102.951,0.214,0.07377,160.267,3.0,0.858,0,2001,tha liks,0
0.684894723,0.511526435,ARHPPJK1187B9AC897,0.0,0,0.0,Teenage Fanclub,0.0,power pop,0.99990588,289148,0,0.0,1.0,0.114,0.33413,0.851,0.33413,274.70322,0.0,0.605246229,SOGOVUN12A8AE46B43,6.0,0.577,-15.838,1,0.471,266.315,0.443,0.33413,116.239,4.0,0.408,0,1991,teenage fanclub,0
0.425072222,0.363452131,ARQ2PMX1187FB38D62,0.0,0,0.0,Hins Cheung,0.0,cantonese pop,1.0,375397,0,0.0,1.0,0.069,1.2088,0.696,0.4024,238.21016,0.316,-1.0,SOORJCV12A8C144A4E,0.0,0.709,-6.339,1,0.708,231.665,0.512,0.19641,149.765,4.0,0.862,0,2008,hins cheung,0
0.683388517,0.46311834,AR8SRQ31187FB4D477,52.94922,0,-1.14392,Ten Years After,0.0,blues-rock,1.0,25971,0,0.0,0.0,0.825,0.43128,0.825,0.43128,145.00526,0.449,0.270775999,SOQLWVI12A6D4F465F,11.0,0.707,-10.124,0,0.7,136.371,0.1,0.43128,106.145,1.0,0.0,0,1970,ten years after,0
0.772873274,0.473700501,ARMPRI31187FB4F7D9,39.37413,0,22.95775,Vangelis,0.0,progressive rock,1.0,307070,0,0.0,5.0,0.367,1.19575,0.345,0.79758,575.58159,0.0,-1.0,SOOZDSM12A8C13D39D,1.0,0.827,-17.058,1,0.61,536.149,0.345,0.79758,149.423,3.0,0.338,0,1977,vangelis,0
0.845601887,1.005941966,ARTDQRC1187FB4EFD4,0.0,0,0.0,Black Eyed Peas,0.0,hip hop,1.0,13919,0,0.0,1.0,0.05,0.64087,0.0,0.05489,196.362,0.0,-1.0,SOCMYLF12A67020A4D,7.0,0.521,-5.065,0,0.442,191.925,0.254,0.05489,204.304,4.0,0.505,0,2000,black eyed peas,0
0.515726299,0.31930004,ARTPCQ41187B9AB42C,0.0,0,0.0,Adrenalin O.D.,0.0,hardcore punk,1.0,223469,0,0.0,1.0,0.035,0.67892,0.936,0.11429,142.65424,0.34,0.0,SODSFSH12A8C13EDFE,0.0,0.517,-5.235,1,0.473,139.471,0.601,0.11429,106.002,4.0,0.396,0,1986,adrenalin o.d.,0
0.610427725,0.438168226,ARTBFV61187FB3C250,34.05349,0,-118.24532,Johnny Horton,0.0,country rock,0.99519221,653183,0,0.0,1.0,0.082,0.61862,0.934,0.04053,138.86649,0.0,-1.0,SOGMTCP12A58A81E46,9.0,0.481,-16.059,1,0.509,138.866,0.951,0.04053,104.284,4.0,0.0,0,2005,johnny horton,0
0.843526543,0.825639111,ARUJ5A41187FB3F5F1,0.0,0,0.0,U2,0.0,dance rock,1.0,278645,0,0.0,3.0,0.127,1.15163,0.315,0.47001,142.23628,0.0,-1.0,SOIFMVY12A8AE467B1,9.0,0.756,-14.05,0,0.659,133.596,0.376,0.1306,94.838,4.0,0.536,0,1981,u2,0
0.622684167,0.373749549,AR0GGKI1187FB391D5,0.0,0,0.0,Eddie,0.0,frevo,0.897990699,219488,0,0.0,0.0,0.082,0.67623,0.0,0.30642,243.17342,3.901,0.657733046,SOVVGSH12A8C14085F,8.0,0.042,-11.996,1,0.242,230.876,0.107,0.11871,160.089,4.0,0.484,0,2007,eddie,0
0.705205403,0.653512933,ARNLE621187B98ECB5,41.26069,0,-95.93995,Mannheim Steamroller,0.0,instrumental pop,0.824735992,675941,0,0.0,0.0,0.025,1.83794,0.728,0.5689,199.83628,0.0,-1.0,SODVVZT12CF58273DB,6.0,0.191,-11.949,1,0.365,187.751,0.187,0.5689,96.002,4.0,0.731,0,2009,mannheim steamroller,0
0.934935267,0.787005469,ARKSZW81187B9B695D,40.71455,0,-74.00712,Mariah Carey,0.0,dance pop,1.0,289807,0,0.0,1.0,0.117,1.12755,0.0,0.52913,301.19138,2.606,0.679077296,SOYTUNS12A8C134C16,5.0,0.573,-7.488,0,0.6,288.729,0.626,0.22404,95.929,4.0,1.0,0,1997,mariah carey,0
0.655921418,0.578301634,AR9W3X91187FB3994C,0.0,0,0.0,Phil Collins,0.0,soft rock,1.0,41136,0,0.0,2.0,0.153,1.8372,0.661,0.35519,174.23628,0.0,0.457447167,SOBPTED12A6D4F99C7,11.0,0.237,-9.79,0,0.351,174.236,0.406,0.20689,206.941,7.0,0.755,0,1990,phil collins,0
0.624252499,0.462190105,ARZVTZN1187FB579D4,32.20049,0,-94.35887,Jim Reeves,0.0,country gospel,1.0,304405,0,0.0,1.0,0.007,0.26569,0.0,0.26569,108.19873,0.121,0.468997788,SOWVTAJ12A8C13C6D5,0.0,0.424,-13.323,1,0.459,104.455,0.935,0.26569,95.264,4.0,0.372,0,1963,jim reeves,0
0.485921286,0.353156298,ARXJSHW1187B9A2A52,25.72898,0,-80.23742,Nestor Torres,0.0,latin jazz,1.0,600392,0,0.0,0.0,0.062,2.0421,0.503,0.2161,280.2673,0.508,-1.0,SOLDLRC12AC907269F,7.0,0.667,-8.034,1,0.476,271.099,0.467,0.06387,195.995,7.0,0.387,0,2001,nestor torres,0
0.731208047,0.547506775,ARQ76LG1187B9ACD84,34.05349,0,-118.24532,Black Flag,0.0,hardcore punk,1.0,199800,0,0.0,2.0,0.067,0.5451,1.0,0.25651,133.25016,0.241,0.579038701,SOOFHUH12A8C1340A5,10.0,0.577,-13.77,0,0.503,124.024,0.291,0.25651,207.238,4.0,0.0,0,1985,black flag,0
0.746213857,0.476955046,ARGLOWN1187B99C06D,34.82353,0,-89.99726,North Mississippi Allstars,0.0,blues-rock,1.0,549564,0,0.0,1.0,0.004,0.6768,1.0,0.17285,166.21669,2.252,-1.0,SOZDQHO12AB018512F,5.0,0.345,-8.235,1,0.431,161.686,0.749,0.17285,124.996,4.0,0.285,0,2006,north mississippi allstars,0
0.703229577,0.433927838,AROZNFA1187B99D367,0.0,0,0.0,John Digweed,0.0,progressive house,1.0,691205,0,0.0,1.0,0.027,0.5826,0.446,0.11402,405.10649,0.0,-1.0,SOUEDBC12AC90972E5,10.0,0.822,-5.988,1,0.606,405.106,1.0,0.11402,127.995,4.0,0.761,0,2006,john digweed,0
0.83125365,0.601427204,ARSPUJF1187B9A14B8,0.0,0,0.0,Death Cab for Cutie,0.0,dream pop,0.951211839,234342,0,0.0,4.0,0.027,1.67484,1.0,0.47701,119.40526,0.183,0.726863701,SONNYOP12A8AE45715,7.0,0.632,-10.775,1,0.71,110.196,1.0,0.47701,101.306,3.0,0.69,0,2008,death cab for cutie,0
0.59994467,0.396800219,ARTE6AQ1187B9B2826,42.33168,0,-83.04792,High Strung_ The,0.0,post-grunge,0.918030639,457401,0,0.0,0.0,0.016,0.71279,1.0,0.20113,165.3024,0.131,-1.0,SOUKRZV12AB0182E90,9.0,0.795,-2.694,1,0.582,156.793,0.766,0.20113,120.944,4.0,0.688,0,2003,high strung_ the,0
0.791761696,0.474428173,AROKAO61187FB38105,0.0,0,0.0,Four Tet,0.0,electronic,1.0,496675,0,0.0,1.0,0.237,0.26729,0.743,0.26729,136.202,0.334,-1.0,SOCDXPZ12AB01844FD,0.0,0.038,-17.977,0,0.53,120.419,0.0,0.07781,70.296,4.0,0.81,0,2004,four tet,0
0.615575255,0.435633741,ARFKY7F1187FB3EFAC,52.88356,0,-1.97406,Axe,0.0,hard rock,1.0,203312,0,0.0,0.0,0.175,0.14205,1.0,0.14205,211.53914,0.194,-1.0,SOJHGDB12A8C137470,4.0,0.943,-7.465,0,0.664,205.218,0.333,0.14205,157.614,4.0,0.099,0,1983,axe,0
0.571402429,0.384425906,ARWX7AO1187B9B91AA,0.0,0,0.0,Jose Luis Perales,0.0,latin pop,1.0,63206,0,0.0,0.0,0.015,1.75025,0.397,0.41524,199.94077,0.2,-1.0,SOPRMCE12A6D4FBBE5,9.0,0.642,-7.392,0,0.59,191.077,0.452,0.08045,92.686,4.0,0.783,0,1984,jose luis perales,0
0.498991673,0.325304674,ARD6L7O1187B995ADA,51.73569,0,0.47791,Dave Valentin,0.0,latin jazz,1.0,364290,0,0.0,1.0,0.21,1.13174,0.502,0.38292,277.21098,0.061,0.215080319,SOCLZZX12AB01849D3,10.0,0.712,-12.183,1,0.675,257.805,0.172,0.13455,82.763,3.0,1.0,0,1999,dave valentin,0
0.920959645,0.705757553,ARVXU2X1187B9AE6D8,0.0,0,0.0,Evanescence,0.0,alternative metal,0.969850481,441073,0,0.0,1.0,0.592,1.93421,0.781,0.54222,331.36281,0.0,0.738970681,SODQFQC12A8C13FD7A,0.0,0.806,-12.527,1,0.505,318.851,0.545,0.54222,91.371,4.0,0.934,0,2006,evanescence,0
0.596011504,0.350349304,AR0VR1O1187B9A0F1F,59.27074,0,15.21751,Truckfighters,0.0,stoner rock,1.0,475640,0,0.0,0.0,0.024,0.40528,0.604,0.07085,270.44526,0.0,0.576315292,SOGBEWD12A8C1427C8,11.0,0.234,-4.935,1,0.34,263.378,0.25,0.07085,148.363,4.0,0.657,0,2007,truckfighters,0
0.68955969,0.529039572,ARH8B5X1187FB3B6C0,0.0,0,0.0,Skeletonwitch,0.0,speed metal,0.990893049,632807,0,0.0,1.0,0.049,0.4896,0.0,0.1928,252.08118,0.0,0.725318691,SOUOMRB12AB017EBE9,4.0,0.014,-5.131,0,0.206,248.924,0.4,0.04365,206.936,4.0,0.0,0,2004,skeletonwitch,0
0.770814367,0.47726039,ARSC6WR1187FB40B18,46.91008,0,-98.70853,Peggy Lee,0.0,vocal jazz,0.999637861,727018,0,0.0,2.0,0.941,0.69169,0.829,0.19134,200.6722,0.096,-1.0,SOBUHQT12AB0186C07,7.0,0.275,-13.269,1,0.39,189.521,0.829,0.19134,120.716,4.0,1.0,0,1992,peggy lee,0
0.543161423,0.290393914,ARZE0AG1187FB5BF61,0.0,0,0.0,The Five Stairsteps,0.0,chicago soul,1.0,717822,0,0.0,0.0,0.042,1.09007,0.616,0.43862,165.74649,3.024,0.0,SOYNTSK12AB0184C2F,10.0,0.71,-8.701,0,0.687,155.643,0.705,0.11608,93.847,4.0,0.0,0,2005,the five stairsteps,0
0.663229688,0.402167048,AR37XMN1187B9AC408,54.97791,0,-1.61237,Lighthouse Family,0.0,blue-eyed soul,1.0,26319,0,0.0,1.0,0.159,0.63778,0.0,0.63778,241.8673,2.154,0.848616761,SOYSUZL12A6D4F9005,2.0,0.0,-8.03,1,0.256,221.594,0.279,0.14742,90.703,3.0,0.652,0,1995,lighthouse family,0
0.698291624,0.453850265,ARSQDUN1187B98D7D7,0.0,0,0.0,EPMD,0.0,hip hop,1.0,47389,0,0.0,1.0,0.332,0.73835,0.608,0.43802,196.91057,0.0,0.433005077,SOIHMRM12A6D4F89CC,1.0,0.589,-7.481,1,0.473,177.296,0.592,0.28786,200.265,4.0,1.0,0,1999,epmd,0
0.634084945,0.380133079,ARGA5RF1187FB5C7EB,0.0,0,0.0,Socialburn,0.0,post-grunge,1.0,610646,0,0.0,0.0,0.031,1.90641,0.967,0.58419,241.84118,0.508,0.523166108,SOQERJP12A8C14130F,9.0,0.777,-5.134,1,0.75,227.219,0.423,0.58419,91.231,4.0,1.0,0,2003,socialburn,0
0.611942956,0.403197978,AR8Q4RZ1187FB46BDC,33.01158,0,-94.365,T-Bone Walker,0.0,texas blues,0.940520718,379741,0,0.0,0.0,0.751,0.74223,0.751,0.74223,174.96771,0.246,-1.0,SOLPVLB12AB01879CB,1.0,0.376,-15.852,1,0.368,170.864,0.401,0.3827,87.056,1.0,0.718,0,1983,t-bone walker,0
0.48040197,0.392325283,AR93K7R1187B9AC92A,59.91228,0,10.74998,Black Debbath,0.0,blues,1.0,732480,0,0.0,1.0,0.442,1.11177,0.286,0.40025,276.21832,0.0,-1.0,SOPOJSW12AC468C5D5,4.0,0.342,-5.812,1,0.298,262.745,0.848,0.04538,84.157,4.0,0.063,0,2006,black debbath,0
0.832757431,0.546383748,ARPKATM1187B9B76E6,41.30711,0,-72.92496,Hatebreed,0.0,hardcore punk,1.0,128084,0,0.0,0.0,0.081,0.93842,0.207,0.34848,111.22893,0.0,0.600969778,SOZLPVU12A6D4FD279,1.0,0.583,-5.665,1,0.59,101.889,0.528,0.20118,202.65,4.0,0.0,0,1997,hatebreed,0
0.436660213,0.299120015,ARSKDV01187B98A619,0.0,0,0.0,Confetti's,0.0,new beat,1.0,663237,0,0.0,0.0,0.09,0.62828,1.0,0.15965,312.45016,0.235,-1.0,SOOPDSG12AB018B57E,1.0,0.238,-5.671,1,0.546,301.929,0.281,0.15965,119.955,4.0,0.826,0,2001,confetti's,0
0.582238344,0.449052575,AROCBZZ11E2835D652,0.0,0,0.0,Small Faces,0.0,rock 'n roll,0.944165938,340376,0,0.0,0.0,0.628,0.57889,0.806,0.0866,172.72118,0.322,-1.0,SONFECQ12AB017EFF7,2.0,0.325,-8.643,1,0.56,163.463,0.661,0.0866,123.381,4.0,0.809,0,1967,small faces,0
0.583646435,0.41458957,ARZ1PTN1187B9967D9,33.46725,0,-96.91393,Gene Autry,0.0,classic country,0.978467612,572262,0,0.0,1.0,0.873,0.86818,0.619,0.32792,155.53261,0.0,-1.0,SOLIGLL12AB018C551,0.0,0.113,-15.971,1,0.474,149.072,0.484,0.32792,107.718,4.0,0.008,0,1992,gene autry,0
0.842368944,0.604655128,ARL6FF81187FB5A916,0.0,0,0.0,Panic! At The Disco,0.0,pop punk,0.916788516,30216,0,0.0,1.0,0.017,1.07082,0.658,0.35175,210.25914,0.125,0.727889463,SOLLXZJ12A6D4F96B0,7.0,0.692,-5.72,0,0.58,208.242,1.0,0.16747,167.011,4.0,0.0,0,2005,panic! at the disco,0
0.577228503,0.373552391,ARYFXQ21187FB4DAEF,27.53092,0,-99.502,Poncho Sanchez,0.0,latin jazz,1.0,459869,0,0.0,1.0,0.364,0.04972,0.636,0.04972,427.07546,0.136,0.0,SOAFQZW12A58A77CA5,1.0,0.2,-9.428,1,0.328,415.759,0.205,0.04972,213.718,5.0,0.129,0,2001,poncho sanchez,0
0.749317801,0.481655862,ARUI8651187B9ACF52,0.0,0,0.0,John Cale,0.0,experimental rock,1.0,105865,0,0.0,2.0,0.005,1.14774,0.849,0.26562,307.22567,0.45,0.376279502,SOKRMXG12A8C13AB54,7.0,0.827,-14.399,1,0.404,291.033,0.569,0.04336,134.258,4.0,0.938,0,1985,john cale,0
0.596172381,0.35515545,AR7AYQG1187B994B3F,0.0,0,0.0,Defari,0.0,hip hop,1.0,174614,0,0.0,0.0,0.132,3.19611,0.797,0.13689,178.72934,0.096,0.0,SOJPXOL12A58A793B9,7.0,0.469,-5.132,1,0.346,178.729,0.738,0.13689,80.891,7.0,1.0,0,2003,defari,0
0.693287839,0.393274491,ARMPQIE1187FB3D4EB,0.0,0,0.0,Bounty Killer,0.0,dancehall,0.998924521,138140,0,0.0,1.0,0.161,1.54013,0.956,0.79086,205.29587,0.737,-1.0,SONFAMH12A6D4FA1FE,0.0,0.514,-5.758,1,0.478,201.584,0.422,0.60284,159.798,4.0,0.0,0,1995,bounty killer,0
0.514414554,0.413757657,AR3KXHI1187FB3A8BF,0.0,0,0.0,Dora The Explorer,0.0,goregrind,0.988936223,314962,0,0.0,0.0,0.002,1.66412,0.535,0.52776,159.29424,0.212,0.405115722,SONMFZP12A8C14297C,11.0,0.518,-6.014,0,0.605,154.825,0.788,0.10183,105.019,4.0,1.0,0,2006,dora the explorer,0
0.611771113,0.402054897,ARA8O8L1187B9AD61D,30.79062,0,-89.8643,Professor Longhair,0.0,louisiana blues,0.957135026,369893,0,0.0,0.0,1.0,0.16741,1.0,0.16741,153.49506,0.305,-1.0,SOQRBPU12AB018560B,10.0,0.524,-15.572,1,0.546,147.958,0.475,0.16741,156.803,1.0,0.0,0,1980,professor longhair,0
0.755566398,0.464186402,AR4BDNG1187FB44870,0.0,0,0.0,Robert Palmer,0.0,blue-eyed soul,0.827998374,804766,0,0.0,1.0,0.001,0.46745,0.914,0.46745,184.34567,0.0,-1.0,SOJVAKH12AB0184F65,2.0,0.007,-8.105,1,0.169,184.346,0.872,0.2276,126.513,4.0,0.0,0,1981,robert palmer,0
0.613464932,0.412115554,ARQ3VBJ1187FB3FE55,0.0,0,0.0,Dario Marianelli,0.0,symphony,0.833441351,694058,0,0.0,1.0,0.017,0.52106,0.063,0.52106,262.94812,0.555,0.212045406,SOWLGVU12AC3DFA925,7.0,0.876,-25.369,0,0.792,243.026,0.063,0.52106,162.487,4.0,0.589,0,2009,dario marianelli,0
0.684894723,0.511526435,ARHPPJK1187B9AC897,0.0,0,0.0,Teenage Fanclub,0.0,power pop,0.99990588,552550,0,0.0,1.0,0.01,0.56249,0.985,0.06875,221.41342,0.51,0.585452852,SOUUNYT12AB0184F40,5.0,0.915,-7.603,1,0.737,210.75,0.992,0.06875,122.002,4.0,0.909,0,2005,teenage fanclub,0
0.588382122,0.38097955,AREUUVW1187B99A697,40.7038,0,-73.83168,Paul Stanley,0.0,hard rock,1.0,47036,0,0.0,1.0,0.002,0.81934,0.786,0.3856,191.55546,0.0,0.705023456,SOFJJXH12A6D4F8104,5.0,0.477,-7.196,1,0.589,185.905,0.385,0.3856,140.172,4.0,1.0,0,1978,paul stanley,0
0.664924362,0.496381146,ARN0DMU1187FB5B63A,0.0,0,0.0,Daryl Hall & John Oates,0.0,pop rock,1.0,296945,0,0.0,0.0,0.014,0.74369,0.886,0.74369,276.6624,0.409,-1.0,SODXWSC12A8C13828F,9.0,0.704,-12.086,1,0.712,266.269,1.0,0.48832,118.427,4.0,0.844,0,1990,daryl hall & john oates,0
0.444205744,0.33014018,AR74J3U1187FB5CDDB,0.0,0,0.0,Liam O'Flynn,0.0,irish folk,0.965048933,483913,0,0.0,0.0,0.156,1.26295,0.803,0.21225,234.10893,0.293,-1.0,SONRABC12AB0181584,0.0,0.679,-9.148,1,0.808,225.785,0.238,0.21225,122.425,5.0,0.737,0,1995,liam o'flynn,0
0.719492291,0.467565441,ARWVOHH1187FB5974B,0.0,0,0.0,Screamin' Jay Hawkins,0.0,rock 'n roll,0.999779173,95340,0,0.0,1.0,0.132,1.8477,0.392,0.71976,301.13914,0.0,0.582918459,SOLDTNU12A58A7A231,10.0,0.605,-7.401,1,0.578,291.91,0.0,0.43833,116.01,3.0,0.918,0,1996,screamin' jay hawkins,0
0.522423829,0.41759188,ARJJRZ41187FB4C856,0.0,0,0.0,Floor,0.0,stoner metal,0.970975278,769747,0,0.0,0.0,0.03,0.98272,0.812,0.20805,117.02812,0.258,0.515357179,SOBPRCW12AB0186D3E,4.0,0.446,-7.24,0,0.285,113.731,0.003,0.20805,156.179,4.0,0.0,0,2002,floor,0
0.40309526,0.301772342,ARF1FZV1187B98C928,41.0981,0,-80.65079,Tiny Bradshaw,0.0,piano blues,0.984066233,564496,0,0.0,0.0,0.214,5.80129,0.7,0.43982,158.82404,0.247,-1.0,SOWPBNN12AB01848B1,0.0,0.33,-6.627,0,0.373,155.678,0.407,0.17366,106.565,4.0,0.598,0,2004,tiny bradshaw,0
0.911599657,0.57237398,ARG9CID1187B9AB010,40.85251,0,-73.13585,Taking Back Sunday,0.0,post-hardcore,0.918054746,128111,0,0.0,1.0,0.027,0.58529,0.681,0.16739,223.39873,0.107,0.672441214,SOCXWEG12A6D4FBEA3,7.0,0.795,-4.495,1,0.708,208.086,0.432,0.16739,147.745,4.0,1.0,0,2004,taking back sunday,0
0.934935267,0.787005469,ARKSZW81187B9B695D,40.71455,0,-74.00712,Mariah Carey Featuring Da Brat & JD,0.0,dance pop,1.0,290264,0,0.0,1.0,0.068,2.51451,1.0,1.89363,314.122,2.241,-1.0,SOLHEQX12A8C135403,4.0,0.189,-10.728,1,0.292,308.413,0.0,1.89363,95.138,4.0,0.214,0,1997,mariah carey featuring da brat & jd,0
0.817635146,0.564005986,AR40GSU1187FB3AA01,0.0,0,0.0,Neil Diamond,0.0,soft rock,0.948105577,282123,0,0.0,1.0,0.068,1.13198,0.927,0.46861,267.57179,0.386,0.215080319,SOMNOUE12A8C130DDE,5.0,0.886,-9.413,1,0.711,259.796,0.555,0.46861,91.302,4.0,0.179,0,1996,neil diamond,0
0.540971095,0.37190048,AR8L3QV1187FB4C0BB,-34.60852,0,-58.37354,Bruno Sanfilippo,0.0,chill-out,0.888990889,80912,0,0.0,0.0,0.341,0.50522,0.341,0.50522,398.602,0.0,-1.0,SOWFOWK12A6D4F669C,3.0,1.0,-16.864,1,0.849,384.993,0.341,0.50522,179.547,1.0,0.922,0,2006,bruno sanfilippo,0
0.664559979,0.397569595,ARNJVSL1187B99AFD4,52.51607,0,13.37698,2raumwohnung,0.0,tech house,0.983719661,144076,0,0.0,1.0,0.222,0.68334,1.0,0.19784,272.95302,0.154,0.639248489,SOOSTAD12A8C133F0B,7.0,1.0,-9.846,1,0.803,266.449,1.0,0.19784,124.023,3.0,0.853,0,2002,2raumwohnung,0
0.714201447,0.496123346,ARJVTRE1187B9959C0,40.71455,0,-74.00712,Foghat,0.0,blues-rock,0.946598075,62220,0,0.0,0.0,0.573,1.30619,0.21,0.45667,501.2371,0.0,0.0,SOPOGEB12A6D4FB25A,5.0,0.294,-9.817,1,0.367,487.851,0.333,0.24595,114.831,4.0,0.714,0,1977,foghat,0
0.842673051,0.872838921,ARBS1OC1187FB44CAF,0.0,0,0.0,T.I.,0.0,gangster rap,0.999981371,217681,0,0.0,1.0,0.028,0.47152,0.548,0.05833,258.92526,0.0,-1.0,SOMJFYS12A8C13E24C,6.0,0.465,-5.81,0,0.325,258.925,0.424,0.05833,148.877,4.0,0.586,0,2004,t.i.,0
0.583654099,0.38833265,ARK2P961187B9AD524,39.95227,0,-75.16237,Britny Fox,0.0,glam metal,0.92605337,176450,0,0.0,0.0,0.023,0.88063,0.711,0.47525,285.02159,0.225,0.48456253,SOJIGTT12A6D4FC3BA,11.0,0.967,-12.159,1,0.58,267.523,0.514,0.27307,149.01,4.0,0.172,0,1991,britny fox,0
0.488169688,0.378660278,ARRTJ3W1187B993212,0.0,0,0.0,Power Pill Fist,0.0,downtempo,0.992352903,323603,0,0.0,0.0,0.117,0.31534,0.87,0.31534,291.42159,0.0,0.401486711,SOKEKSF12AAF3B3977,5.0,0.624,0.566,1,0.402,282.511,0.949,0.31534,138.387,3.0,0.951,0,2008,power pill fist,0
0.621201748,0.37436568,ARJW7KB1187FB47C36,43.21183,0,2.3584,Olivia Ruiz,0.0,chanson,1.0,358221,0,0.0,1.0,0.021,0.58197,1.0,0.58197,230.24281,0.0,0.471578248,SORIHQQ12AB0181B67,8.0,0.701,-5.106,1,0.591,226.975,1.0,0.29244,104.0,4.0,0.953,0,2004,olivia ruiz,0
0.550458405,0.287602557,ARKOETA1187FB36CAB,0.0,0,0.0,Year of Desolation,0.0,melodic death metal,0.966128767,807577,0,0.0,0.0,0.227,2.15996,0.039,0.557,337.76281,0.354,0.0,SOKELXZ12A8C13B501,1.0,0.247,-5.623,1,0.314,337.763,0.039,0.557,223.323,7.0,0.847,0,2005,year of desolation,0
0.584007553,0.409027745,ARE9SYU1187B9B9838,29.18752,0,-82.14039,Jerry Reed,0.0,country rock,0.95883847,586680,0,0.0,0.0,0.023,0.94875,0.745,0.45377,135.18322,0.183,0.375984302,SONRSKV12AB018B6A1,5.0,0.205,-13.941,1,0.217,130.827,0.826,0.20934,121.371,4.0,0.0,0,1967,jerry reed,0
0.583646435,0.41458957,ARZ1PTN1187B9967D9,33.46725,0,-96.91393,Gene Autry,0.0,classic country,0.978467612,286532,0,0.0,1.0,0.545,0.51509,0.0,0.51509,163.52608,3.425,-1.0,SOALPEZ12A8C132E29,2.0,0.386,-17.123,1,0.514,163.526,0.416,0.08697,81.829,4.0,1.0,0,1996,gene autry,0
0.590692918,0.452817838,AR5U94U1187FB5CDCF,0.0,0,0.0,John Hammond,0.0,blues,1.0,395259,0,0.0,1.0,1.0,0.06081,1.0,0.06081,162.71628,0.311,-1.0,SOZXBAJ12AB017F858,5.0,0.68,-11.726,1,0.572,148.434,0.683,0.06081,95.434,1.0,0.0,0,1965,john hammond,0
0.374763103,0.256977994,ARECPYG11C8A42B5BF,0.0,0,0.0,1. Futurologischer Congress,0.0,kraut rock,0.901433326,65217,0,0.0,0.0,0.201,0.98909,0.586,0.32518,204.93016,0.072,-1.0,SOCVNKY12A6D4FBC5E,0.0,0.725,-10.644,1,0.673,197.114,0.356,0.15487,146.036,4.0,0.509,0,1982,1. futurologischer congress,0
0.821697317,0.601729756,ARXSABJ1187FB3C336,0.0,0,0.0,Deftones,0.0,rap metal,0.948416824,65697,0,0.0,2.0,0.327,0.8844,0.749,0.54489,203.59791,3.593,0.715502169,SOUVHAM12A6D4FA42A,7.0,0.332,-3.145,1,0.598,197.857,0.094,0.54489,178.339,5.0,0.996,0,2000,deftones,0
0.761986351,0.497197396,ARHR5BC1187B9AC348,0.0,0,0.0,Eagles Of Death Metal,0.0,stoner rock,0.947613455,329238,0,0.0,1.0,0.18,0.24908,0.0,0.24908,215.64036,0.0,-1.0,SOTBYJX12AB0188922,7.0,0.356,-4.462,1,0.441,207.215,0.577,0.12278,237.831,4.0,0.387,0,2008,eagles of death metal,0
0.77149215,0.517342286,AR7N7MI1187FB46935,7.37884,0,3.89527,Sade,0.0,quiet storm,0.999829257,278700,0,0.0,1.0,0.002,1.26418,1.0,0.24821,252.47302,0.223,-1.0,SOLMKME12B0B8081D3,6.0,0.072,-10.007,0,0.417,232.292,1.0,0.24821,118.023,4.0,0.928,0,2000,sade,0
0.595645309,0.426009301,AR6EVQA1187B9AA1DF,0.0,0,0.0,Cocoa Tea,0.0,dancehall,0.962247474,639381,0,0.0,0.0,0.001,0.42134,0.992,0.42134,162.35057,0.164,0.212045406,SODIPHG12A58A7BEA6,1.0,0.625,-17.422,1,0.425,147.946,1.0,0.2102,146.474,4.0,1.0,0,1991,cocoa tea,0
0.495066661,0.347511765,AR0569B1187B9A4036,0.0,0,0.0,Mike Bloomfield,0.0,blues-rock,0.899781063,761602,0,0.0,0.0,0.072,0.84279,0.478,0.49397,284.1073,0.293,-1.0,SOFUXYZ12AB018C902,3.0,0.42,-12.727,1,0.41,274.582,0.359,0.3231,167.553,4.0,0.435,0,1996,mike bloomfield,0
0.88348708,0.588649959,AR23C041187FB4D534,0.0,0,0.0,50 Cent,0.0,gangster rap,1.0,262925,0,0.0,1.0,0.698,1.45037,0.685,0.13123,255.63383,0.096,-1.0,SONTBKA12A8C144020,6.0,0.225,-3.084,1,0.145,253.457,1.0,0.13123,92.649,4.0,1.0,0,2002,50 cent,0
0.577158124,0.512197243,AR0JPOG1187FB37383,0.0,0,0.0,Lyrics Born,0.0,hip hop,1.0,217149,0,0.0,0.0,0.007,0.49423,0.62,0.09119,233.32526,0.0,0.38293509,SOXIIPZ12A8C13EDC0,8.0,0.553,-5.755,0,0.459,228.043,0.663,0.09119,151.051,4.0,0.827,0,2008,lyrics born,0
0.340925899,0.089998724,AR9696A1187FB550A1,0.0,0,0.0,Nicolas Bacchus,0.0,chanson francaise,1.0,785327,0,0.0,0.0,0.054,3.02957,0.439,0.79951,65.61914,0.09,-1.0,SOWTJRG12AC9075799,0.0,0.295,-18.463,1,0.532,65.619,0.219,0.27966,83.574,7.0,0.846,0,2002,nicolas bacchus,0
0.643182773,0.500691341,AR3793X1187FB50CB3,0.0,0,0.0,Chris Rea,0.0,soft rock,0.961375214,813528,0,0.0,1.0,0.015,0.77958,0.0,0.24352,236.35546,2.252,0.758410319,SOGSOTK12A6D4FA596,3.0,0.645,-7.186,0,0.514,228.902,0.188,0.24352,110.1,4.0,0.964,0,2008,chris rea,0
0.609742243,0.478532201,AR62MPO1187FB46421,0.0,0,0.0,David Benoit,0.0,nu jazz,1.0,162987,0,0.0,0.0,0.139,1.90054,0.622,0.28918,274.1024,0.0,0.544577102,SOJKYRI12A58A7D06C,0.0,0.413,-10.03,1,0.465,263.68,0.418,0.28918,152.077,5.0,0.57,0,2000,david benoit,0
0.517480572,0.43280431,ARD5SR21187B9B5F4A,60.99655,0,24.49511,Irwin Goodman,0.0,german pop,0.986894982,68572,0,0.0,1.0,0.0,0.34254,0.0,0.34254,194.32444,3.866,-1.0,SONSBJS12A67ADE7EC,2.0,0.65,-12.374,1,0.86,187.907,0.0,0.18476,189.997,4.0,0.617,0,2001,irwin goodman,0
0.571833796,0.414985282,AR508LN1187B996F4E,0.0,0,0.0,Lole y Manuel,0.0,flamenco,1.0,405723,0,0.0,0.0,0.974,0.64021,0.783,0.64021,141.66159,0.602,-1.0,SOKIWRW12AB017FAD7,6.0,0.267,-16.465,1,0.493,133.654,0.332,0.64021,85.472,4.0,0.069,0,1992,lole y manuel,0
0.646880871,0.402391108,AR6OTKA1187B9B6697,34.16788,0,-111.9307,32 Leaves,0.0,modern rock,0.97204102,635453,0,0.0,0.0,0.412,0.62183,0.886,0.19404,233.66485,0.148,0.662493161,SOZOEUF12AB017E66A,11.0,0.0,-6.446,1,0.349,220.247,0.926,0.19404,137.951,3.0,0.667,0,2009,32 leaves,0
0.47986468,0.385230442,ARY1QJF1187B98EF3F,34.05349,0,-118.24532,Kathleen Madigan,0.0,comedy,1.0,36412,0,0.0,0.0,0.78,0.49627,0.78,0.49627,92.00281,0.0,0.340857095,SOMAYCY12A6D4F936C,7.0,0.0,-12.884,0,0.0,86.895,0.2,0.05622,87.392,1.0,0.632,0,2006,kathleen madigan,0
0.330520763,0.228821848,ARYZQIU1187FB4BBF8,40.71455,0,-74.00712,Louie Ramirez,0.0,salsa,1.0,725661,0,0.0,0.0,0.275,0.50051,0.69,0.02816,174.10567,0.0,-1.0,SOXBPJO12A8C1401AC,5.0,0.504,-8.192,1,0.408,174.106,0.751,0.02816,125.028,4.0,0.0,0,1968,louie ramirez,0
0.722105298,0.480724781,AR02IU11187FB513F2,0.0,0,0.0,Tito PuentA(c),0.0,salsa,1.0,767880,0,0.0,2.0,0.045,0.6263,0.608,0.06131,362.50077,0.313,-1.0,SOQOEGK12AB01883BB,1.0,0.543,-25.499,1,0.484,349.066,0.526,0.06131,112.566,4.0,0.113,0,1987,tito puenta(c),0
0.637995287,0.471441876,AR7U5BZ1187B997FFC,0.0,0,0.0,Keep Of Kalessin,0.0,black metal,1.0,127411,0,0.0,1.0,0.111,0.90998,0.806,0.43034,340.4273,0.113,0.480238748,SOSTWHL12A6D4FD2A9,5.0,0.092,-5.298,1,0.366,336.904,0.581,0.18457,127.585,4.0,0.552,0,1999,keep of kalessin,0
0.533659594,0.365822369,ARH3TXI1187FB3A486,36.16778,0,-86.77836,Kathy Troccoli,0.0,ccm,1.0,489541,0,0.0,0.0,0.003,0.8411,0.887,0.07877,251.29751,0.282,0.0,SOYCRXU12AB0180B86,7.0,0.626,-10.851,1,0.67,238.515,0.358,0.07877,79.744,4.0,0.425,0,1994,kathy troccoli,0
0.895297125,0.585867596,ARIRCA31187FB58E84,0.0,0,0.0,The Maine,0.0,power pop,1.0,274369,0,0.0,0.0,0.001,0.2063,0.0,0.2063,209.00526,0.076,0.84967867,SOQWSGM12A6D4FC3C6,0.0,0.738,-4.92,1,0.671,205.827,0.407,0.2063,130.031,4.0,0.837,0,2008,the maine,0
0.69480252,0.561830538,ARIZODP1187B9AD272,54.89814,0,-1.53179,Bryan Ferry,0.0,glam rock,1.0,29030,0,0.0,2.0,0.321,2.40824,0.321,2.40824,194.61179,5.817,-1.0,SOFEQWY12A6D4F94CC,1.0,1.0,-8.903,1,0.94,178.387,0.0,2.23977,149.435,1.0,0.0,0,1976,bryan ferry,0
0.631662672,0.457072953,ARCLLH11187FB48DE0,32.77815,0,-96.7954,Jimmie Vaughan,0.0,blues-rock,1.0,282241,0,0.0,0.0,0.252,1.23161,0.38,0.30921,260.72771,4.569,-1.0,SOOWVZQ12AF72A0070,10.0,0.038,-9.508,1,0.448,245.65,0.48,0.30921,128.713,4.0,0.0,0,1994,jimmie vaughan,0
0.523714637,0.384611084,AR0RCMP1187FB3F427,30.08615,0,-94.10158,Billie Jo Spears,0.0,classic country,0.984993496,747564,0,0.0,0.0,0.044,0.1957,0.0,0.1957,173.68771,0.961,-1.0,SOIVNTJ12AC468C685,2.0,0.407,-12.957,1,0.571,161.367,0.433,0.03501,185.583,4.0,0.0,0,1990,billie jo spears,0
0.610427725,0.438168226,ARTBFV61187FB3C250,34.05349,0,-118.24532,Johnny Horton,0.0,country rock,0.99519221,792359,0,0.0,1.0,0.948,0.29457,0.948,0.29457,148.79302,0.238,-1.0,SONJEYU12AC468C050,9.0,0.848,-8.601,1,0.581,138.791,0.732,0.12941,179.311,1.0,0.0,0,1959,johnny horton,0
0.605880471,0.393660868,ARK8EHO1187B9B71D1,57.15382,0,-2.10679,Shamen,0.0,tech house,0.938922381,358013,0,0.0,2.0,0.112,1.89189,0.895,0.45317,600.37179,0.427,0.265861049,SOKJUOW12AB0181545,4.0,0.287,-7.512,0,0.305,588.121,1.0,0.2139,83.497,3.0,1.0,0,1995,shamen,0
0.731822219,0.424940331,ARNPPTH1187B9AD429,51.4855,0,-0.37196,Jimmy Page,0.0,british blues,0.94248626,499661,0,0.0,1.0,0.1,0.04858,0.687,0.04858,157.02159,0.0,0.499445835,SOCHBZX12A8C141F2B,2.0,0.471,-4.813,0,0.412,153.037,0.687,0.04858,184.456,4.0,0.28,0,2004,jimmy page,0
0.791465542,0.477889304,ARRJ3UC1187FB579D7,0.0,0,0.0,Wyclef Jean featuring Prodigy of Mobb Deep,0.0,hip hop,1.0,299387,0,0.0,1.0,0.023,0.73117,0.804,0.12177,237.50485,0.084,0.439202489,SOOYKEK12A8C13B1DD,2.0,0.77,-3.909,1,0.667,225.907,0.693,0.12177,196.04,3.0,0.629,0,2003,wyclef jean featuring prodigy of mobb deep,0
0.643016666,0.461517205,ARVJVFF1187B9B40D6,40.7174,0,-74.04323,Al DiMeola,0.0,latin jazz,0.929507055,455837,0,0.0,0.0,0.248,0.73802,0.486,0.31753,231.00036,0.0,0.471578248,SOHXEZL12AB0185E35,2.0,0.37,-10.841,0,0.473,227.706,0.656,0.10987,141.508,4.0,0.0,0,1982,al dimeola,0
0.391836735,0.352620791,AROJVWY1187B9A826C,0.0,0,0.0,Mademoiselle Sane,0.0,cabaret,1.0,409210,0,0.0,0.0,0.13,1.00437,0.923,0.49645,173.13914,0.395,0.0,SOHBIKM12AB01840AF,5.0,0.329,-6.455,0,0.295,167.311,1.0,0.49645,121.797,5.0,0.315,0,2007,mademoiselle sane,0
0.873238653,0.519965479,ARIMZQZ1187B9AD541,0.0,0,0.0,Thrice,0.0,post-hardcore,0.999680167,26357,0,0.0,0.0,0.613,0.69275,0.868,0.36478,201.58649,0.142,0.896789016,SOESALW12A6D4F7BBD,7.0,0.663,-2.87,0,0.639,197.097,0.524,0.2012,182.977,4.0,0.472,0,2003,thrice,0
0.481599949,0.35018169,AR2F0FX1187B9A9ECE,0.0,0,0.0,TAKARU,0.0,math-core,0.819773562,505071,0,0.0,0.0,0.043,0.92226,0.68,0.38259,128.33914,0.0,0.523003703,SOZWMDF12AB018317A,11.0,0.282,-6.1,0,0.442,128.339,0.448,0.11343,121.549,4.0,0.0,0,2004,takaru,0
0.5291028,0.411364132,ARNSTES1187FB4FC9B,0.0,0,0.0,Shinehead,0.0,dancehall,0.963601635,614873,0,0.0,0.0,0.874,0.06585,0.874,0.06585,242.6771,0.183,0.0,SOBYAAS12A8C1442B1,10.0,0.577,-23.202,0,0.475,235.276,0.532,0.06585,151.255,1.0,0.0,0,1988,shinehead,0
0.705287678,0.517298018,AR039B11187B9B30D0,0.0,0,0.0,John Williams,0.0,soundtrack,1.0,507157,0,0.0,0.0,0.089,0.9794,0.699,0.05457,132.64934,0.0,0.292114972,SOPWCJF12AB0183997,4.0,0.039,-11.145,1,0.396,118.52,0.913,0.05457,67.458,4.0,0.0,0,2004,john williams,0
0.633220624,0.410247408,ARCT5P61187FB3D950,0.0,0,0.0,The Impressions,0.0,chicago soul,1.0,34609,0,0.0,1.0,0.09,0.13744,0.754,0.13744,236.69506,0.345,0.304169503,SOQLAUY12A6D4F900A,10.0,0.666,-8.671,1,0.485,222.854,0.0,0.13744,90.089,7.0,0.649,0,1972,the impressions,0
0.688332484,0.341512969,ARBYFR71187B99A2A4,30.2676,0,-97.74298,Sam Baker,0.0,funk,1.0,374100,0,0.0,1.0,0.002,2.3876,0.0,1.85429,144.74404,2.287,0.0,SOTSEIR12A8C141BA6,8.0,0.064,-14.849,1,0.521,134.606,0.531,1.85429,111.852,4.0,1.0,0,2005,sam baker,0
0.70549178,0.393457111,ARB0WNP1187B9AC4AB,0.0,0,0.0,Samy Deluxe,0.0,hip hop,1.0,114401,0,0.0,2.0,0.514,0.27031,0.514,0.27031,234.05669,0.235,-1.0,SOQPGCD12A8C13CF85,1.0,0.099,-5.914,0,0.39,222.319,0.698,0.05632,111.253,1.0,0.798,0,2005,samy deluxe,0
0.385340538,0.319817386,AROYTOV1187FB4C7F8,0.0,0,0.0,Robin Beanland/Dweezil Zappa/Nile Rodgers/Rabbit In The Moon,0.0,video game music,1.0,317438,0,0.0,1.0,0.0,0.0,0.0,0.0,131.65669,5.416,0.299877488,SOVRIPF12A8C142FD3,1.0,0.095,-14.707,1,0.354,123.768,0.0,0.65644,0.0,1.0,0.908,0,2005,robin beanland/dweezil zappa/nile rodgers/rabbit in the moon,0
0.516640993,0.349100114,ARJG34V1187FB3AC14,0.0,0,0.0,The Abominable Iron Sloth,0.0,math rock,0.945121971,230207,0,0.0,0.0,0.74,2.02995,0.933,0.24294,130.45506,0.0,0.576399981,SODJAZO12A81C2074D,9.0,0.327,-12.748,1,0.707,127.135,1.0,0.24294,66.275,4.0,0.795,0,2006,the abominable iron sloth,0
0.82735726,0.75292789,ARDCFNZ1187FB3DDB0,0.0,0,0.0,Enrique Iglesias,0.0,dance pop,1.0,350598,0,0.0,1.0,0.619,0.58678,0.913,0.08425,234.81424,0.155,-1.0,SOPUPYW12A8C13DEC9,11.0,0.034,-4.704,0,0.322,223.881,0.607,0.08425,119.969,4.0,0.0,0,2008,enrique iglesias,0
0.575412601,0.417351056,ARDGPFY1187B9A371B,0.0,0,0.0,Long Beach Dub Allstars,0.0,dub,1.0,28021,0,0.0,0.0,0.049,1.02163,0.23,0.3743,213.62893,0.066,-1.0,SOBPHQK12AF72A6AFF,11.0,0.0,-6.969,0,0.069,209.229,0.026,0.05144,93.317,4.0,0.609,0,1999,long beach dub allstars,0
0.707204744,0.519636856,ARL5BEN1187B98E4D9,0.0,0,0.0,Jah Cure,0.0,roots reggae,0.977039271,704924,0,0.0,1.0,0.806,0.32178,0.806,0.32178,240.48281,0.0,0.564476146,SOGCFKE12AB01843C0,4.0,0.359,-6.335,0,0.365,235.712,1.0,0.1368,160.655,1.0,0.0,0,2003,jah cure,0
0.586950622,0.432054079,ARGJ0911187FB4613F,40.71455,0,-74.00712,Maria Muldaur,0.0,dance pop,1.0,776016,0,0.0,1.0,0.886,0.3186,0.886,0.3186,180.87138,0.492,0.636287224,SOVZDMI12AB0188DA6,11.0,0.382,-5.959,1,0.436,175.224,0.433,0.11441,137.549,1.0,0.064,0,1974,maria muldaur,0
0.496436796,0.299935295,AR4O3MM1187FB3DF77,18.22328,0,-66.42889,Gisselle,0.0,merengue,1.0,413889,0,0.0,0.0,0.142,1.1358,0.278,0.27604,243.61751,0.363,-1.0,SODWUKB12AB0180C2A,9.0,0.568,-3.628,1,0.456,240.565,0.664,0.07002,136.7,4.0,0.301,0,2008,gisselle,0
0.853124523,0.591628024,ARLHO5Z1187FB4C861,0.0,0,0.0,Beastie Boys,0.0,hip hop,1.0,21631,0,0.0,2.0,0.171,1.61174,0.644,0.48187,173.60934,0.0,-1.0,SOHDZDZ12A6D4F7238,1.0,0.5,-6.601,1,0.452,161.64,0.528,0.19975,108.013,4.0,1.0,0,2004,beastie boys,0
0.528197686,0.334555146,AR0NS5Z1187B99AF79,0.0,0,0.0,Zuma,0.0,electro,0.975404147,718276,0,0.0,0.0,0.056,0.17096,0.363,0.17096,735.60771,11.633,-1.0,SOLFRPO12AB018C705,9.0,0.703,-7.662,1,0.405,725.589,0.366,0.17096,161.919,7.0,0.418,0,2001,zuma,0
0.394383986,0.280935294,ARHCHE61187B9AB217,30.23513,0,-92.26831,Harry Choates,0.0,western swing,1.0,219484,0,0.0,0.0,0.013,1.95894,0.946,0.60526,177.78893,0.462,-1.0,SOBLUAT12A8C140982,9.0,0.105,-11.87,1,0.569,172.153,0.661,0.26885,89.803,4.0,1.0,0,2005,harry choates,0
0.551682526,0.352338668,ARAIJG51187B9B97A4,0.0,0,0.0,CafA(c) Quijano,0.0,pop rock,0.994859897,111654,0,0.0,0.0,0.274,1.34614,0.769,0.26658,215.2224,0.211,0.460484845,SOZSPRJ12A8C13EC7C,2.0,0.53,-10.41,0,0.589,202.385,0.595,0.26658,98.185,4.0,0.76,0,2001,cafa(c) quijano,0
0.732603394,0.497050959,ARLR9U31187B9A71AD,42.32807,0,-83.7336,Iggy And The Stooges,0.0,experimental rock,0.840760794,702618,0,0.0,1.0,0.156,0.5819,0.256,0.30634,220.78649,0.0,-1.0,SOZQPHD12AB0183D23,9.0,0.53,-8.943,0,0.454,220.786,0.256,0.30634,231.089,3.0,1.0,1969,1969,iggy and the stooges,0
0.730669502,0.623835201,ARR6LWJ1187FB44C8B,0.0,0,0.0,R.E.M.,0.0,jangle pop,0.908563716,1156,0,0.0,4.0,0.607,0.56315,0.607,0.56315,340.11383,0.571,0.575103501,SOAPQSY12A6310E055,2.0,0.496,-13.692,1,0.47,328.377,0.053,0.56315,153.833,1.0,0.0,0,1982,r.e.m.,0
0.839297678,0.718891456,ARDVZTE1187FB5A0A1,0.0,0,0.0,Bon Jovi,0.0,rock,1.0,241148,0,0.0,1.0,0.003,1.31295,0.596,0.46666,318.09261,0.0,-1.0,SOPZYXX12A8C1316F8,6.0,0.594,-6.182,1,0.582,313.104,0.221,0.25508,141.223,4.0,0.273,0,2008,bon jovi,0
0.680042256,0.449818173,AR6GR981187FB5184A,0.0,0,0.0,Sheek Louch,0.0,gangster rap,0.906182508,598477,0,0.0,0.0,0.568,0.99721,0.944,0.26424,64.65261,0.189,0.589015659,SODNYAB12A8C145644,8.0,0.085,-4.592,1,0.126,57.789,0.251,0.06738,157.696,4.0,1.0,0,2009,sheek louch,0
0.775797363,0.60118606,AR13CXU1187B9AD30A,51.52328,0,-0.21346,The Clash,0.0,new wave,0.951904981,391849,0,0.0,2.0,0.002,0.61843,0.81,0.19155,227.57832,0.0,-1.0,SOCGIWH12A8AE4704F,0.0,0.58,-13.083,1,0.517,227.578,0.446,0.19155,141.004,4.0,0.104,0,1979,the clash,0
0.648925709,0.389350184,ARL43EQ1187FB4D5EC,46.44231,0,-93.36586,Throw The Fight,0.0,alternative metal,0.869498389,275475,0,0.0,0.0,0.217,3.18737,0.0,0.59482,23.87546,0.0,-1.0,SOYWGDU12A8AE46879,0.0,0.0,-16.853,0,0.0,23.875,0.0,0.29301,98.388,7.0,0.0,0,2008,throw the fight,0
0.858677442,0.618219159,AR46CAD1187FB4D84B,34.05349,0,-118.24532,Bad Religion,0.0,hardcore punk,1.0,204348,0,0.0,2.0,0.126,0.66144,0.801,0.28862,141.19138,0.585,0.671871231,SODNUSO12A8C13A9FE,4.0,0.318,-6.393,0,0.4,141.191,0.404,0.10408,161.071,4.0,0.719,0,1995,bad religion,0
0.695283825,0.402583237,ARO9XCZ1187B99C255,48.43434,0,-4.62141,Nolwenn Leroy,0.0,chanson,1.0,309090,0,0.0,0.0,0.544,1.65227,0.254,0.25902,201.22077,0.247,0.459724988,SOWBQRV12A58A7B9A4,1.0,0.031,-7.633,1,0.512,185.742,0.398,0.25902,81.689,4.0,0.793,0,2003,nolwenn leroy,0
0.756063871,0.491468882,AR82DJK1187B991107,34.05349,0,-118.24532,The Pharcyde,0.0,rap,1.0,83579,0,0.0,1.0,0.161,0.301,0.697,0.301,303.46404,0.067,-1.0,SOSTXYN12A6D4F67D4,6.0,0.637,-6.125,1,0.522,299.892,0.594,0.12775,69.573,3.0,0.334,0,1993,the pharcyde,0
0.786212059,0.547609033,ARO2U2Q119B86692A8,0.0,0,0.0,Fleet Foxes,0.0,grunge,1.0,265343,0,0.0,2.0,0.139,0.60072,1.0,0.29986,281.18159,0.072,-1.0,SONMNZJ12CF5F892EE,8.0,0.408,-10.67,1,0.376,259.738,0.448,0.1479,196.022,4.0,0.574,0,2008,fleet foxes,0
0.60425956,0.461023016,AR0CDSK1187FB52ED6,0.0,0,0.0,Asleep At The Wheel,0.0,western swing,1.0,747512,0,0.0,1.0,0.121,0.52359,0.785,0.52359,399.04608,0.235,0.549395783,SOSZDME12AF72AC84F,11.0,0.699,-12.712,0,0.461,391.262,0.237,0.27051,123.401,5.0,0.619,0,1988,asleep at the wheel,0
0.655995346,0.436329934,ARKT5SH1187B9AE8BF,34.09834,0,-118.32674,Murderdolls,0.0,heavy metal,0.985667845,112144,0,0.0,1.0,0.866,0.02938,0.866,0.02938,147.51302,0.09,0.640779216,SOEEWKM12A8C13B9FF,9.0,0.198,-4.063,1,0.313,143.935,0.137,0.02938,195.317,1.0,0.0,0,2002,murderdolls,0
0.419228869,0.296792154,ARNI8K81187FB423C7,0.0,0,0.0,Human Disease,0.0,deathrock,0.754651571,65559,0,0.0,0.0,0.416,0.61109,0.961,0.18661,190.79791,0.0,0.0,SONXOVG12A6D4FC104,9.0,0.908,-6.066,0,0.728,181.0,0.4,0.18661,140.052,4.0,0.725,0,2004,human disease,0
0.645720023,0.543954417,AROY6XW1187B991121,0.0,0,0.0,Steve Vai,0.0,instrumental rock,0.998934632,310447,0,0.0,1.0,0.304,0.77907,0.4,0.06092,69.90322,0.0,0.518340538,SORSIAC12A8C140BD9,3.0,0.051,-7.949,0,0.143,60.889,0.4,0.06092,169.654,4.0,0.896,0,2007,steve vai,0
0.662374026,0.388881954,AR1J7881187B9959D8,37.77916,0,-122.42005,First Blood,0.0,straight edge,0.927311698,480397,0,0.0,0.0,0.233,0.34016,0.421,0.34016,283.48036,0.0,0.746441979,SONXFYD12AAA8C6D44,7.0,0.304,-2.525,1,0.4,259.477,0.487,0.15987,160.589,3.0,0.49,0,2005,first blood,0
0.774037142,0.521726648,ARL3VGT1187FB40E8E,-34.60852,0,-58.37354,Los Fabulosos Cadillacs,0.0,ska,1.0,512225,0,0.0,1.0,0.039,1.36624,1.0,0.30802,137.06404,0.27,0.327736683,SOHBVHN12AB0180BA7,10.0,0.627,-4.695,1,0.366,125.457,1.0,0.03935,118.776,4.0,1.0,0,1990,los fabulosos cadillacs,0
0.908984296,0.562506672,ARBNXYA1187FB51C50,18.22328,0,-66.42889,Daddy Yankee / May-Be,0.0,reggaeton,1.0,12180,0,0.0,1.0,0.022,1.06938,0.096,0.41826,199.47057,0.0,0.471578248,SOXWGYN12A6702067A,9.0,0.693,-6.331,0,0.648,196.632,0.193,0.09107,91.988,4.0,0.933,0,2004,daddy yankee / may-be,0
0.627361447,0.406642649,AR6UVLC1187B9B4D4C,42.33168,0,-83.04792,Suzi Quatro,0.0,glam rock,0.942375899,27598,0,0.0,1.0,0.004,0.83259,0.688,0.37554,301.21751,0.345,-1.0,SOFIHWY12A6D4F98F9,9.0,0.689,-5.308,1,0.579,285.878,0.817,0.15668,131.568,4.0,1.0,0,1995,suzi quatro,0
0.775797363,0.60118606,AR13CXU1187B9AD30A,51.52328,0,-0.21346,The Clash,0.0,new wave,0.951904981,383964,0,0.0,2.0,0.332,0.83311,0.374,0.23963,140.77342,0.0,-1.0,SOXPJYV12A8C146554,9.0,0.0,-8.331,1,0.0,134.641,0.264,0.09108,203.944,3.0,0.329,0,1977,the clash,0
0.500510256,0.414783863,ARWIN9D1187B98E544,0.0,0,0.0,Jason & The Scorchers,0.0,country rock,0.996702165,233801,0,0.0,0.0,0.026,0.19483,0.973,0.19483,154.8273,0.131,0.372530039,SOCTRKD12A8AE47E96,7.0,0.868,-3.471,1,0.727,151.615,0.6,0.19483,175.945,4.0,0.291,0,1985,jason & the scorchers,0
0.701180874,0.466628889,AR7TTS41187B9B42D3,34.36401,0,-89.51877,R.L. Burnside,0.0,delta blues,0.980350471,815268,0,0.0,1.0,1.0,0.12371,1.0,0.12371,196.88444,0.345,-1.0,SOEWLHT12AB0185559,0.0,0.326,-10.426,0,0.306,192.61,0.49,0.12371,107.601,1.0,0.0,0,2001,r.l. burnside,0
0.634785013,0.414404495,ARV91AY1187FB52E52,0.0,0,0.0,Love and Rockets,0.0,dance rock,1.0,189887,0,0.0,0.0,0.01,2.02344,0.0,0.79429,311.19628,0.0,-1.0,SOVOBMR12A8C133961,5.0,0.774,-9.356,1,0.674,286.912,0.225,0.3321,97.036,4.0,1.0,0,1996,love and rockets,0
0.324422217,0.169797033,AR9XPQF1187FB5A693,0.0,0,0.0,The Mystic Moods Orchestra,0.0,space age pop,1.0,684352,0,0.0,0.0,0.063,1.16701,0.435,1.16701,147.33016,3.129,-1.0,SOIKXBJ12AC3DF8048,0.0,0.894,-21.437,1,0.479,147.33,0.067,0.92048,124.508,4.0,0.835,0,1967,the mystic moods orchestra,0
0.749217793,0.544321915,ARNHMFD1187FB3B3F6,40.72023,0,-73.24922,LL Cool J / Amil,0.0,hip hop,0.999864225,32915,0,0.0,1.0,0.019,0.52502,0.917,0.1999,232.14975,0.148,0.345802234,SOASCHQ12A6D4F9091,10.0,0.47,-3.952,0,0.497,218.778,0.868,0.03855,184.15,4.0,0.987,0,2000,ll cool j / amil,0
0.649095051,0.492781168,ARODFDS1187FB57348,0.0,0,0.0,Sergio Mendes,0.0,samba,0.99443687,37637,0,0.0,1.0,0.007,0.44992,0.866,0.44992,322.11546,0.409,0.215080319,SOKWISB12A6D4F8861,4.0,0.175,-13.935,0,0.265,308.918,0.725,0.1611,103.177,3.0,1.0,0,2006,sergio mendes,0
0.616496039,0.399265,ART7R7N1187B9B999C,0.0,0,0.0,GZA/The Genius,0.0,east coast hip hop,0.946669734,23366,0,0.0,1.0,0.304,1.61228,0.325,0.46489,237.34812,0.0,0.558037047,SODXCLM12A6D4F7C97,5.0,0.371,-5.928,0,0.451,237.348,0.659,0.07909,104.013,5.0,0.938,0,2002,gza/the genius,0
0.842423318,0.564855751,ARCP94M1187B9B0F56,42.88544,0,-78.87846,Every Time I Die,0.0,alternative metal,1.0,591825,0,0.0,0.0,0.073,0.31675,0.073,0.31675,124.13342,0.0,0.656917227,SOERDTL12AB018779E,7.0,0.099,-3.988,1,0.452,121.812,0.604,0.04315,114.638,1.0,0.341,0,2009,every time i die,0
0.569988889,0.366816134,ARQY95Q1187FB3E53A,0.0,0,0.0,Melissa Auf der Maur,0.0,post-grunge,0.892010815,775336,0,0.0,1.0,0.132,0.41622,0.948,0.41622,232.6722,5.114,0.249037269,SOYCSXH12AC3A4DF57,4.0,0.026,-6.413,1,0.275,227.724,0.0,0.14325,121.983,4.0,1.0,0,2010,melissa auf der maur,0
0.587768588,0.464547023,AR6HFW21187B9A8922,0.0,0,0.0,Kill The Client,0.0,grindcore,0.998397696,607832,0,0.0,0.0,0.491,0.95962,0.491,0.95962,57.18159,0.0,0.498354612,SOEZZFV12AB0184D09,8.0,0.591,-2.541,0,0.419,57.182,0.074,0.95962,138.207,1.0,0.0,0,2008,kill the client,0
0.601891975,0.38065636,AR1JD6E1187FB5696C,53.07516,0,8.80466,James Last,0.0,orchestra,1.0,47189,0,0.0,3.0,0.013,1.87957,0.445,1.53751,260.12689,6.711,-1.0,SOCEEIT12A6D4FA16A,2.0,0.869,-13.382,1,0.669,242.875,0.0,1.36649,167.832,4.0,0.902,0,1967,james last,0
0.621629436,0.51912008,ARPVMJZ1187FB48D2D,0.0,0,0.0,Willie Colon,0.0,salsa,1.0,265899,0,0.0,1.0,0.806,0.41911,0.806,0.41911,250.06975,0.121,-1.0,SOCEDDF12A8C13C33C,0.0,0.58,-7.818,0,0.467,233.784,1.0,0.22135,128.444,1.0,0.0,0,2001,willie colon,0
0.810696983,0.481975849,ARO5T1P1187B9AC680,40.65507,0,-73.94888,Lou Reed,0.0,glam rock,0.923647517,299049,0,0.0,1.0,0.014,1.01506,0.447,0.2247,211.66975,0.0,-1.0,SOEYFZV12A8C13C4A7,9.0,0.876,-10.906,1,0.723,199.593,0.639,0.2247,154.038,4.0,0.518,0,1974,lou reed,0
0.652801355,0.443098947,ARYG6CU1187FB3852B,0.0,0,0.0,Milk Inc.,0.0,dance pop,0.981028008,27233,0,0.0,0.0,0.822,0.48006,0.822,0.48006,202.10893,0.0,0.460541281,SOESTLI12A6D4F6E53,0.0,0.267,-7.597,1,0.369,197.968,0.448,0.26409,140.017,1.0,0.0,0,2003,milk inc.,0
0.523633032,0.348350022,ARV6QHT1187FB5537A,0.0,0,0.0,Nana Caymmi,0.0,brazilian pop music,1.0,708568,0,0.0,0.0,0.014,0.39227,0.914,0.39227,188.65587,0.334,0.0,SOEWZBO12AB0187F4D,2.0,0.662,-10.449,1,0.532,177.093,0.709,0.11599,110.411,4.0,0.69,0,2001,nana caymmi,0
0.672680593,0.476389109,ARGBR4I1187B99D073,47.60356,0,-122.32944,Mudhoney,0.0,grunge,1.0,622804,0,0.0,1.0,0.37,0.05553,0.0,0.05553,519.13098,0.0,0.514753324,SOFMBEN12AB0180769,0.0,0.434,-6.591,1,0.587,509.73,0.711,0.05553,131.642,3.0,0.687,0,1998,mudhoney,0
0.496043252,0.402627793,AR2VJMU1187B9947AF,36.49905,0,-80.60688,Donna Fargo,0.0,classic country,1.0,651040,0,0.0,0.0,0.069,0.6117,0.409,0.31514,149.62893,0.148,-1.0,SOSQYQG12AB01835EA,11.0,0.849,-9.838,1,0.677,145.502,0.384,0.16686,202.358,4.0,0.0,0,1999,donna fargo,0
0.674519457,0.441559083,AREN1A11187FB527EF,0.0,0,0.0,Roger Creager,0.0,honky tonk,0.967460526,650589,0,0.0,0.0,0.009,1.49986,0.676,0.45914,239.20281,0.623,0.653811413,SOPZATK12A6D4FDDB0,7.0,0.989,-11.084,1,0.168,233.848,0.62,0.19336,115.304,4.0,0.917,0,1998,roger creager,0
0.909957523,0.587916679,AR9C8IE1187B9ACC99,0.0,0,0.0,System of a Down,0.0,alternative metal,0.999922766,402958,0,0.0,3.0,0.006,1.00067,0.341,0.55898,217.59955,6.676,0.734555268,SOYUBHZ12A8C136E79,0.0,0.05,-3.955,1,0.345,208.805,0.485,0.33413,130.867,4.0,0.382,0,2001,system of a down,0
0.655921418,0.578301634,AR9W3X91187FB3994C,0.0,0,0.0,Phil Collins,0.0,soft rock,1.0,40839,0,0.0,2.0,0.115,0.63468,0.953,0.1899,285.98812,0.328,0.82347923,SOYHHHT12A6D4F7F97,3.0,0.997,-11.341,1,0.936,275.749,0.625,0.1899,136.32,4.0,0.903,0,1985,phil collins,0
0.563421563,0.402033856,ARFQ7RR1187FB3CC0A,0.0,0,0.0,Badmarsh & Shri,0.0,breakbeat,0.97912833,31500,0,0.0,0.0,0.081,1.99964,0.392,1.31148,263.31383,3.558,0.579728749,SOGHPTG12A6D4F97CF,6.0,0.432,-6.715,1,0.586,263.314,0.076,0.86301,87.327,3.0,1.0,0,2001,badmarsh & shri,0
0.444437249,0.0,ARDZRMF122988F7633,0.0,0,0.0,Session Americana,0.0,roots rock,1.0,515003,0,0.0,0.0,0.749,0.45203,0.749,0.45203,210.31138,0.223,0.391102505,SOXKKUV12AB01867F9,7.0,0.729,-8.761,1,0.683,204.249,0.651,0.23827,141.872,1.0,0.0,0,2007,session americana,0
0.388546284,0.251895539,ARLOIDN1187B9B060D,0.0,0,0.0,DJ Guy,0.0,turnablism,0.925716364,598642,0,0.0,0.0,0.011,0.79274,0.974,0.3852,237.08689,0.0,-1.0,SOZQQIZ12AC4687EAC,7.0,0.016,-8.202,1,0.252,233.79,1.0,0.18093,146.976,4.0,0.226,0,2009,dj guy,0
0.679793556,0.489458259,AR8CT8U1187FB4D803,52.47859,0,-1.9086,Dexy's Midnight Runners,0.0,folk rock,0.946242348,869,0,0.0,1.0,0.197,0.96372,0.934,0.32368,157.75302,3.727,0.544750913,SONRPGH12A6310D895,8.0,0.512,-7.749,1,0.573,150.709,0.0,0.16367,151.123,4.0,0.554,0,1980,dexy's midnight runners,0
0.449663444,0.284719344,AR3ZV061187FB3C821,0.0,0,0.0,Moving Cloud,0.0,irish folk,1.0,448017,0,0.0,1.0,0.018,8.25652,0.527,7.90388,251.92444,4.899,-1.0,SOWLDPW12AB017ECA0,2.0,0.78,-14.466,1,0.661,241.9,0.065,7.73283,170.61,4.0,0.685,0,2008,moving cloud,0
0.520810396,0.40349028,AR81BPV1187B9AED0E,0.0,0,0.0,The Fire Theft,0.0,chill-out,0.892402753,38725,0,0.0,0.0,0.317,1.25884,0.439,0.38692,223.37261,0.0,0.643470577,SOQIVUY12A6D4F8F74,6.0,0.096,-6.137,1,0.291,208.736,0.0,0.16899,137.614,3.0,0.907,0,2003,the fire theft,0
0.520553746,0.355974359,AR58SJE1187B9A8E4C,31.55379,0,-90.10785,J.B.Lenoir,0.0,chicago blues,0.993447824,567051,0,0.0,0.0,0.175,0.56333,0.86,0.12896,169.22077,0.266,0.0,SOWPJTG12AB01878C0,9.0,0.688,-15.647,1,0.693,163.225,0.735,0.12896,150.59,4.0,0.0,0,1991,j.b.lenoir,0
0.563048689,0.34822673,ARDNW1B1187FB4ABBB,0.0,0,0.0,Africando All Stars,0.0,salsa,1.0,253942,0,0.0,0.0,0.005,0.55037,0.89,0.19718,274.25914,0.354,0.386790177,SOFBWHA12A8C13A6C8,0.0,0.931,-8.04,1,0.655,269.973,0.866,0.02103,167.677,4.0,0.577,0,2003,africando all stars,0
0.498057123,0.281684227,AR9G2A41187B99951A,43.58828,0,-79.64372,Las NiA+-as,0.0,flamenco,1.0,460503,0,0.0,0.0,0.001,0.65139,0.911,0.13043,217.62567,0.183,0.375984302,SOVMVHS12AB018126C,8.0,0.038,-7.008,0,0.17,217.626,0.45,0.13043,115.584,4.0,0.152,0,2003,las nia+-as,0
0.934935267,0.787005469,ARKSZW81187B9B695D,40.71455,0,-74.00712,Mariah Carey,0.0,dance pop,1.0,290264,0,0.0,1.0,0.674,0.51355,1.0,0.03428,652.40771,0.258,-1.0,SOOSBQP12A8C1353B6,2.0,0.508,-7.863,1,0.499,641.091,0.633,0.03428,121.884,4.0,1.0,0,1993,mariah carey,0
0.652860466,0.38355747,ARR2BHS1187B9B8FA7,0.0,0,0.0,Minnie Riperton,0.0,soul jazz,0.965409234,572106,0,0.0,1.0,0.053,1.39334,0.541,0.22173,212.13995,0.154,-1.0,SOUHNOH12AB01889AF,10.0,0.417,-11.799,0,0.327,198.943,0.631,0.22173,109.474,4.0,0.794,0,1970,minnie riperton,0
0.400993687,0.394354684,AR8OSA91187B9B9BA2,0.0,0,0.0,Gunther & the Sunshine Girls,0.0,europop,0.858005196,328380,0,0.0,0.0,0.082,0.20641,1.0,0.20641,240.40444,0.38,0.682230871,SOQYEDW12A6D4F8D64,0.0,0.813,-3.33,1,0.643,236.147,0.662,0.20641,131.991,4.0,0.0,0,2004,gunther & the sunshine girls,0
0.605874049,0.433945514,ARYXJ5A1187B9B9E56,36.69094,0,-6.13487,Los DelinqA1/4entes,0.0,flamenco,1.0,447998,0,0.0,0.0,0.003,1.0154,0.939,0.18967,192.1824,0.136,0.480934213,SOMBVRT12AB0181F49,9.0,0.51,-3.853,1,0.498,182.619,0.628,0.05171,146.64,4.0,0.923,0,2009,los delinqa1/4entes,0
0.559901438,0.401239122,ARUTS6Y1187FB5BDAB,0.0,0,0.0,Twila Paris,0.0,ccm,1.0,209997,0,0.0,0.0,0.292,0.60299,0.842,0.60299,202.70975,0.514,-1.0,SOOPWJR12A8C139502,3.0,0.692,-11.051,1,0.784,192.795,0.667,0.30427,101.998,3.0,0.416,0,2001,twila paris,0
0.643982592,0.406626217,ARM4J201187B9B8B3B,-34.60852,0,-58.37354,Gustavo Santaolalla,0.0,folk,1.0,52382,0,0.0,1.0,0.186,0.51901,0.774,0.51901,117.18485,0.148,0.639248489,SOUKZLZ12A6D4F869D,2.0,0.267,-13.505,1,0.295,110.254,1.0,0.18719,90.463,3.0,1.0,0,2006,gustavo santaolalla,0
0.632608749,0.431854183,AR1HK7B1187FB55747,0.0,0,0.0,TYR,0.0,viking metal,1.0,441470,0,0.0,0.0,0.068,1.03335,0.217,0.14166,293.38077,2.351,-1.0,SOCZFXN12AB017D7AD,0.0,0.73,-6.342,0,0.692,289.936,0.261,0.14166,149.234,4.0,0.473,0,2001,tyr,0
0.587594371,0.468158756,ARLF0QY1187FB4FDCC,0.0,0,0.0,Heavenly,0.0,power metal,0.91461963,216817,0,0.0,0.0,0.089,1.11023,0.0,0.76394,206.18404,0.0,0.433005077,SOAJFUR12A8C13C9CD,7.0,0.202,-11.429,1,0.348,201.967,0.514,0.76394,174.395,4.0,0.0,0,1990,heavenly,0
0.556750823,0.361587942,ARAMIDF1187FB3D8D4,0.0,0,0.0,Alejandro Lerner,0.0,pop rock,0.942781111,346208,0,0.0,0.0,0.344,0.31824,0.344,0.31824,267.31057,0.0,0.579728749,SOYJNHO12AB01856DC,5.0,0.316,-11.947,1,0.49,258.659,0.451,0.31824,128.48,1.0,0.452,0,1998,alejandro lerner,0
0.770040695,0.543681107,AR4WHYC1187B9896E7,0.0,0,0.0,A Tribe Called Quest,0.0,jazz rap,0.921020858,296638,0,0.0,1.0,0.159,2.04997,0.717,0.78503,215.27465,0.0,0.62778538,SOAMYXR12A8C13A8AF,10.0,0.0,-8.089,0,0.0,209.955,0.42,0.47832,95.192,4.0,1.0,0,1996,a tribe called quest,0
0.620027189,0.440370731,AR7NNKG1187FB4AA1C,0.0,0,0.0,Charly GarcAa,0.0,pop rock,0.980514633,346409,0,0.0,0.0,0.004,1.21512,0.483,0.54949,300.14649,0.328,-1.0,SOCCUQS12AB017DB87,4.0,0.194,-15.309,0,0.48,281.182,0.537,0.0498,89.095,4.0,0.49,0,1983,charly garcaa,0
0.507955863,0.360349392,ARQ6QOK1187B9B0A2E,0.0,0,0.0,Kalibas,0.0,grindcore,0.988086725,425825,0,0.0,0.0,0.92,0.61863,0.92,0.61863,164.20526,0.09,0.0,SONICOR12A8C141F52,0.0,0.49,-6.035,0,0.183,160.74,0.129,0.311,93.507,1.0,0.0,0,2003,kalibas,0
0.840963901,0.595069407,ARNDL191187FB51583,0.0,0,0.0,Jimi Hendrix,0.0,blues-rock,0.924265781,740406,0,0.0,3.0,0.422,0.65455,0.422,0.65455,228.91057,0.073,0.645341857,SOOBDVS12AB0188EA4,1.0,0.477,-7.048,1,0.52,224.386,1.0,0.16116,86.104,1.0,0.0,0,2010,jimi hendrix,0
0.40792493,0.375367267,ARXAHU31187B9B1520,51.50632,0,-0.12714,Vex'd,0.0,dubstep,1.0,812979,0,0.0,3.0,0.18,0.53538,1.0,0.11607,243.25179,0.0,0.633809245,SOSRAMK12AB018814F,6.0,0.502,-7.8,0,0.294,235.566,1.0,0.11607,142.212,4.0,0.68,0,2010,vex'd,0
0.630308846,0.488944201,ARPGTHP1187B9AC284,0.0,0,0.0,Temple Of The Dog,0.0,grunge,1.0,15963,0,0.0,1.0,0.038,2.35961,0.805,1.4857,243.9571,1.193,0.849019886,SOUXANT12A6D4FB048,7.0,0.598,-10.847,1,0.664,230.824,0.399,1.26448,137.937,4.0,0.117,0,1991,temple of the dog,0
0.737972528,0.555968804,ARAEX7Y1187FB42D36,0.0,0,0.0,Toni Braxton,0.0,dance pop,0.999854548,294880,0,0.0,1.0,0.048,0.16037,0.836,0.16037,267.2322,0.369,0.507531546,SOZGBWV12A8C137BE5,11.0,0.497,-9.272,1,0.363,258.479,0.822,0.16037,123.755,4.0,1.0,0,1993,toni braxton,0
0.560914045,0.375054446,ARLYOE51187FB36902,0.0,0,0.0,Derek Bailey,0.0,free improvisation,1.0,536027,0,0.0,0.0,0.205,1.66601,0.811,0.66831,237.53098,0.388,-1.0,SOFZLZC12AB017BEDE,1.0,0.141,-13.278,1,0.499,216.288,0.703,0.33574,61.305,5.0,0.777,0,1975,derek bailey,0
0.505099139,0.380917171,ARGF5QG1187B9AC84F,0.0,0,0.0,Geiom,0.0,dubstep,1.0,783141,0,0.0,0.0,0.728,0.39403,0.0,0.39403,365.60934,2.02,0.270775999,SONIPXL12AC4688938,1.0,0.014,-16.691,1,0.309,343.33,0.324,0.10806,119.901,4.0,0.835,0,2001,geiom,0
0.559263502,0.362174491,AR4YY6D1187B9AEC44,0.0,0,0.0,Spooky Tooth / Mike Harrison,0.0,blues-rock,0.941714031,15791,0,0.0,0.0,0.102,2.64646,0.102,2.64646,384.7571,2.717,0.807174434,SOOHPYN12A67020C87,2.0,0.407,-9.947,1,0.446,380.54,0.155,2.42621,134.804,1.0,0.0,0,1970,spooky tooth / mike harrison,0
0.78787777,0.543225521,ARAPH9U1187B9B34F0,0.0,0,0.0,Randy Travis,0.0,country gospel,1.0,615092,0,0.0,1.0,0.001,1.86228,0.959,0.61516,186.3571,0.165,0.705223246,SOCQWMC12A8C1429D1,5.0,0.752,-10.047,1,0.671,177.296,0.711,0.1977,95.866,4.0,0.0,0,1986,randy travis,0
0.614755589,0.396490352,AR0U44O1187B99007C,51.50632,0,-0.12714,Republica,0.0,europop,0.876563824,297039,0,0.0,2.0,0.439,0.60786,1.0,0.17152,264.22812,0.136,0.531722098,SOFZXEV12A8C13A407,5.0,0.572,-3.653,1,0.574,260.377,0.828,0.17152,137.953,4.0,0.43,0,1998,republica,0
0.282317588,0.104101666,AR0JVUH1187B9918B5,0.0,0,0.0,Oscar Lima,0.0,melbourne,0.810860659,604801,0,0.0,0.0,0.473,0.95359,0.761,0.45834,230.3473,0.154,-1.0,SOLVPVO12A58A7B5F4,9.0,0.485,-10.6,1,0.578,221.135,0.714,0.20946,121.739,4.0,1.0,0,2000,oscar lima,0
0.696816892,0.482100019,ARD8JVH1187FB4DA04,0.0,0,0.0,Bad Company,0.0,blues-rock,1.0,503069,0,0.0,1.0,0.206,0.59485,0.459,0.59485,253.02159,0.194,0.407233015,SOAUMHT12AB01839D0,2.0,0.211,-8.885,1,0.396,243.281,0.128,0.36068,131.564,4.0,0.172,0,1979,bad company,0
0.749029875,0.575501205,ARZ96PB1187B98F5C9,36.16778,0,-86.77836,Jars Of Clay,0.0,ccm,0.999345611,430749,0,0.0,1.0,0.023,0.63951,0.874,0.16559,223.89506,0.078,0.53066303,SONTXFB12A8C145C15,11.0,1.0,-6.103,1,0.815,220.595,0.689,0.16559,127.969,4.0,0.23,0,2009,jars of clay,0
0.645022666,0.457711512,ARHIC3Q1187B9B1773,40.65507,0,-73.94888,Big Daddy Kane,0.0,hip hop,1.0,322246,0,0.0,0.0,0.363,1.11217,0.6,0.49636,190.82404,0.0,-1.0,SOPAWON12AAF3B2D3F,11.0,0.429,-9.248,0,0.431,190.824,0.842,0.03793,98.011,4.0,1.0,0,2001,big daddy kane,0
0.704244766,0.497568734,ARRWAD71187FB3FE44,40.71455,0,-74.00712,Martha Wainwright,0.0,folk-pop,1.0,629292,0,0.0,1.0,0.231,6.83217,0.861,0.18511,287.08526,0.072,0.597116703,SOPDRUR12AB0182EC1,10.0,0.513,-11.574,0,0.516,287.085,0.704,0.18511,82.124,7.0,0.74,0,2009,martha wainwright,0
0.498758408,0.358423586,ARELMNO1187FB52929,38.03213,0,-78.47753,Bottom Of The Hudson,0.0,free music,0.837944523,710242,0,0.0,0.0,0.958,0.1782,0.958,0.1782,279.90159,0.316,0.215080319,SOHGILP12A8C132080,4.0,0.214,-6.054,0,0.327,264.69,0.417,0.1782,74.481,1.0,0.0,0,2003,bottom of the hudson,0
0.537844156,0.367243766,ARZ8IPU1187FB38846,0.0,0,0.0,A-Mei,0.0,chinese music,0.998888352,291456,0,0.0,1.0,0.098,0.99057,0.933,0.49854,71.88853,0.154,-1.0,SOTIBYV12A8C135CF7,1.0,0.089,-12.015,1,0.439,71.889,0.384,0.25252,120.232,4.0,0.782,0,2008,a-mei,0
0.88792045,0.647224724,ARN5NHX1187FB4F755,41.88415,0,-87.63241,The Smashing Pumpkins,0.0,alternative rock,0.999975647,10149,0,0.0,2.0,0.468,1.08644,1.0,0.19235,399.98649,0.14,0.577107924,SOOQDTX12A6701F09A,7.0,0.737,-9.272,1,0.682,389.555,1.0,0.19235,66.41,4.0,1.0,0,2001,the smashing pumpkins,0
0.747556581,0.550212244,AR49IQD1187FB37EA7,0.0,0,0.0,Xzibit,0.0,gangster rap,0.946590729,289490,0,0.0,1.0,0.475,0.69572,0.451,0.04345,252.99546,0.0,0.536788886,SOKJUBL12A8C13760D,8.0,0.502,-11.672,0,0.378,236.606,0.89,0.04345,90.998,4.0,0.983,0,1996,xzibit,0
0.676755655,0.543706051,ARVZDOM1187B9B49C9,0.0,0,0.0,Barry Manilow,0.0,soft rock,0.999950696,308768,0,0.0,1.0,0.232,0.78353,0.792,0.32536,209.13587,0.513,-1.0,SOBXWEZ12A8C141D7C,11.0,0.337,-8.852,0,0.429,201.096,0.371,0.09628,123.438,7.0,0.051,0,1976,barry manilow,0
0.86652032,0.766545451,ARXPPEY1187FB51DF4,0.0,0,0.0,Michael Jackson,0.0,motown,0.999971562,289547,0,0.0,4.0,0.427,0.9948,0.632,0.48959,289.38404,0.874,0.639791573,SOGHXZH12A8C1388B9,11.0,0.476,-3.573,1,0.475,276.085,0.0,0.23698,117.362,4.0,1.0,0,2001,michael jackson,0
0.737893872,0.515597568,ARZRR0M1187FB3EE0A,0.0,0,0.0,Sub Focus,0.0,breakbeat,0.996051562,546401,0,0.0,1.0,0.034,1.72276,0.663,0.34734,214.83057,0.0,0.460541281,SOFZBND12AB0182D9A,8.0,0.038,-7.016,1,0.477,207.656,0.656,0.17549,86.991,4.0,0.378,0,2009,sub focus,0
0.41254463,0.35329029,ARKJJZN1187B9AFC88,0.0,0,0.0,Taal,0.0,art rock,0.999527682,763657,0,0.0,0.0,0.619,0.7085,0.236,0.15401,17.73669,0.09,-1.0,SOAPOVV12AB018CFC8,0.0,0.007,-38.148,1,0.171,17.737,0.236,0.15401,219.569,4.0,0.0,0,2000,taal,0
0.558758556,0.397620535,ARO81XD1187FB38096,0.0,0,0.0,Egberto Gismonti,0.0,latin jazz,0.957634585,179843,0,0.0,1.0,0.0,0.0,0.0,0.0,1.2273,0.0,-1.0,SOMUFQB12A81C22FA9,0.0,0.0,-29.106,1,0.0,1.227,0.946,0.02886,0.0,3.0,0.0,0,1981,egberto gismonti,0
0.541917737,0.404157671,ART1R9I1187B9B3324,0.0,0,0.0,Margaret Becker,0.0,ccm,0.992023155,192598,0,0.0,0.0,0.003,0.41356,0.968,0.41356,242.12853,0.351,0.0,SOHGGKC12A8C130BE4,4.0,0.242,-16.69,0,0.293,229.129,0.834,0.13943,110.828,3.0,0.725,0,1993,margaret becker,0
0.76702021,0.6295148,AR16GSC1187B9A6291,0.0,0,0.0,Eagles,0.0,country rock,1.0,136549,0,0.0,2.0,0.766,0.44028,0.766,0.44028,240.97914,0.258,0.279430818,SOHTWIB12A8AE46192,0.0,0.692,-9.328,1,0.637,225.379,0.0,0.06865,90.719,1.0,0.0,0,1974,eagles,0
0.674839436,0.425450614,AR0WGXC1187B9AAC99,0.0,0,0.0,Slum Village,0.0,hip hop,1.0,391309,0,0.0,0.0,0.31,1.91349,0.717,0.63699,225.48853,2.287,0.586776932,SOWAIUP12AB017F90A,1.0,0.31,-4.805,0,0.297,225.489,1.0,0.31897,94.653,4.0,0.744,0,2000,slum village,0
0.602555589,0.389535576,AR567PN1187FB4B4F2,0.0,0,0.0,Moss,0.0,future jazz,0.906283576,731006,0,0.0,0.0,0.047,1.14085,0.929,0.13624,206.57587,0.073,0.504034341,SOOHZIM12A67ADDB09,4.0,0.76,-7.736,0,0.628,201.961,0.516,0.13624,119.947,4.0,0.781,0,2006,moss,0
0.619396933,0.360932335,AR4ZLZI1187B9B72D0,0.0,0,0.0,Luciana Souza,0.0,vocal jazz,1.0,245700,0,0.0,0.0,0.451,0.70945,0.451,0.70945,259.23873,7.245,-1.0,SOVCNIE12A8C133D51,7.0,0.49,-24.424,1,0.561,228.914,0.055,0.51679,161.191,1.0,0.0,0,1998,luciana souza,0
0.701260701,0.418894705,AR8B1WY1187FB38366,0.0,0,0.0,Rakim feat. Tracey Horton,0.0,hip hop,1.0,760553,0,0.0,1.0,0.02,0.49116,0.919,0.1397,291.97016,0.082,0.53922151,SOXPCET12AB018D580,10.0,0.019,-6.342,0,0.41,278.198,0.424,0.1397,168.0,4.0,0.132,0,2009,rakim feat. tracey horton,0
0.731590593,0.498563611,AR198711187B9AD09F,0.0,0,0.0,Simply Red,0.0,pop rock,0.999085472,68099,0,0.0,1.0,0.008,0.56712,0.984,0.24491,302.49751,0.218,0.0,SOLNXKA12A67ADA350,7.0,0.137,-8.589,1,0.44,292.728,1.0,0.08657,190.01,4.0,0.758,0,2007,simply red,0
0.498057123,0.281684227,AR9G2A41187B99951A,43.58828,0,-79.64372,Las NiA+-as,0.0,flamenco,1.0,18349,0,0.0,0.0,0.128,2.65064,0.151,0.51198,183.48363,0.125,0.239629098,SOJMUAU12A67ADBD12,11.0,0.574,-8.794,0,0.568,173.552,1.0,0.16246,112.006,5.0,0.269,0,2005,las nia+-as,0
0.839297678,0.718891456,ARDVZTE1187FB5A0A1,0.0,0,0.0,Bon Jovi,0.0,rock,1.0,14381,0,0.0,1.0,0.171,0.94509,0.74,0.43357,302.28853,0.148,0.717206441,SOUZUPV12A6701E56D,10.0,0.189,-4.621,0,0.035,285.124,0.697,0.18339,120.72,4.0,0.0,0,1985,bon jovi,0
0.616884544,0.343844499,ARZBYDY1187FB46DD7,42.54843,0,2.38596,Cali,0.0,dance pop,1.0,43791,0,0.0,1.0,0.005,0.62763,0.488,0.30988,210.18077,0.287,0.654800662,SOYQDEB12A6D4F8FB4,9.0,0.929,-10.893,0,0.849,194.56,0.469,0.1502,189.859,4.0,1.0,0,2003,cali,0
0.786921231,0.495306693,ARNMWP51187FB3E963,41.88415,0,-87.63241,Curtis Mayfield,0.0,chicago soul,0.948940265,331737,0,0.0,1.0,0.579,0.99592,1.0,0.42831,348.60363,0.2,-1.0,SOQRFEQ12AB017BB66,11.0,0.554,-10.347,1,0.522,338.077,1.0,0.14308,106.507,4.0,0.766,0,1980,curtis mayfield,0
0.460701983,0.40439264,AR8W8DN1187FB35ED0,31.75916,0,-106.48749,The Germs,0.0,rock,1.0,132829,0,0.0,1.0,0.032,0.14181,0.713,0.14181,111.49016,0.148,0.375984302,SONVCGW12A81C23489,9.0,0.396,-8.889,1,0.312,111.49,0.589,0.14181,115.763,4.0,0.0,0,1993,the germs,0
0.754917646,0.507464243,ARWPYQI1187FB4D55A,53.45644,0,-2.63265,Rick Astley,0.0,dance pop,1.0,279028,0,0.0,1.0,0.507,0.90716,0.0,0.222,317.83138,0.784,0.386790177,SOFCPRQ12A8AE483D1,0.0,0.468,-14.989,1,0.575,307.949,0.233,0.05006,174.059,4.0,0.87,0,1991,rick astley,0
0.52875006,0.400221756,AR49A9P1187FB3BBBF,26.27249,0,-80.25306,Saigon Kick,0.0,hard rock,1.0,92091,0,0.0,0.0,0.626,7.61119,0.242,0.39196,368.1171,0.496,0.334706549,SOZZFUI12A8C133D6D,9.0,0.85,-12.157,1,0.562,351.539,0.149,0.13527,58.387,4.0,0.572,0,1993,saigon kick,0
0.730959086,0.481426937,AR2FSX31187B98E3EF,0.0,0,0.0,Ricky Martin,0.0,latin,1.0,284327,0,0.0,1.0,0.268,1.11182,0.584,0.36577,295.33995,0.243,0.66840649,SOBNMQD12A8C134323,11.0,0.649,-5.676,1,0.739,285.292,0.455,0.17926,161.868,4.0,1.0,0,1999,ricky martin,0
0.541404969,0.446445662,ARW0YFZ1187FB442DB,0.0,0,0.0,Markscheider Kunst,0.0,ska punk,0.904356433,805762,0,0.0,1.0,0.007,0.85398,0.942,0.07346,239.0722,0.13,0.460963161,SORXHUD12AB0186030,7.0,0.113,-7.427,1,0.339,235.247,1.0,0.07346,152.887,4.0,0.0,0,2010,markscheider kunst,0
0.577973753,0.368336782,AROLNOH1187FB39845,0.0,0,0.0,Erick Sermon,0.0,hip hop,1.0,295268,0,0.0,1.0,0.83,1.14673,0.0,0.51844,228.44036,0.0,0.450992312,SOBPVNW12A8C135CB5,1.0,0.118,-6.923,1,0.295,212.068,0.099,0.20351,95.932,4.0,1.0,0,2001,erick sermon,0
0.934935267,0.787005469,ARKSZW81187B9B695D,40.71455,0,-74.00712,Mariah Carey,0.0,dance pop,1.0,265319,0,0.0,1.0,0.044,0.78125,1.0,0.31989,273.52771,0.293,-1.0,SONOBCB12A8C1397B9,11.0,0.226,-5.558,0,0.354,258.357,1.0,0.08979,129.991,4.0,0.306,0,2008,mariah carey,0
0.60594723,0.384290228,AR37K6O1187B9AD049,54.31407,0,-2.23001,Savoy Brown,0.0,blues-rock,1.0,86266,0,0.0,1.0,0.094,0.76322,0.902,0.35275,171.62404,0.511,0.375984302,SOYEFJG12A58A7B690,7.0,0.101,-11.212,1,0.439,168.246,0.302,0.15297,150.95,4.0,0.0,0,1989,savoy brown,0
0.772292647,0.542175166,ARTYXQC1187B9ACAB2,0.0,0,0.0,Shaggy / Brian & Tony Gold,0.0,reggae,1.0,23370,0,0.0,1.0,0.062,0.55639,1.0,0.55639,199.94077,0.206,0.634031023,SOTXXBT12A6D4F6B25,11.0,0.698,-6.469,1,0.703,197.265,0.733,0.26188,101.786,4.0,0.553,0,2002,shaggy / brian & tony gold,0
0.588932086,0.349366361,ARWV0Q11187FB4CDCE,0.0,0,0.0,Arc Angels,0.0,blues-rock,1.0,309890,0,0.0,0.0,0.015,1.10127,0.745,0.38229,344.05832,0.0,0.557187768,SOPPTXH12A8C1409BC,7.0,0.745,-10.634,1,0.713,325.538,1.0,0.20328,167.753,4.0,0.535,0,1992,arc angels,0
0.491991164,0.234625314,AR6BIWA1187B9ABAE8,0.0,0,0.0,Jack Orsen feat. Fumanschu_ Justus,0.0,hip hop,1.0,721804,0,0.0,0.0,0.086,0.68424,0.648,0.08198,210.54649,0.0,-1.0,SONXPQC12AB0189A32,11.0,0.124,-3.275,0,0.5,205.351,1.0,0.08198,100.078,4.0,0.917,0,2004,jack orsen feat. fumanschu_ justus,0
0.439100389,0.243238448,ARYBP3U1187B9B3A4C,39.95227,0,-75.16237,Sensations,0.0,rock steady,0.963707351,244650,0,0.0,0.0,0.166,0.47235,0.923,0.13976,165.19791,0.222,-1.0,SOHOQSB12A8C13B61B,2.0,0.088,-8.645,1,0.245,162.696,0.498,0.13976,183.513,4.0,0.0,0,2005,sensations,0
0.687294463,0.517170481,ARK0BT61187B9ACEC2,0.0,0,0.0,Monster Magnet,0.0,stoner metal,0.998534513,16044,0,0.0,0.0,0.002,1.52936,0.398,0.55655,260.17914,0.345,0.515963631,SOVSJCE12A6701E0D9,0.0,0.532,-6.076,1,0.515,236.449,0.694,0.16981,61.593,3.0,0.96,0,1998,monster magnet,0
0.609816403,0.560380805,AR4B3RX1187B9A868A,0.0,0,0.0,Alexandre Desplat,0.0,soundtrack,1.0,365385,0,0.0,1.0,0.586,0.614,0.382,0.10473,81.71057,0.0,0.573063477,SOFEMZZ12AB01886A8,2.0,0.474,-23.465,1,0.589,74.884,0.382,0.10473,244.268,4.0,0.32,0,2008,alexandre desplat,0
0.557875168,0.359324727,AREENKN1187B98F35D,40.71455,0,-74.00712,The Plasmatics,0.0,trip hop,0.885545496,255583,0,0.0,1.0,0.504,1.19907,0.629,0.22657,121.73016,0.0,0.0,SOKPHRH12A8C13C0FC,2.0,0.094,-13.399,1,0.091,121.73,0.301,0.22657,121.47,4.0,1.0,0,2000,the plasmatics,0
0.44208248,0.323320731,ARWOGTM11F4C83E795,0.0,0,0.0,The Small Knives,0.0,melbourne,1.0,485912,0,0.0,0.0,0.214,0.77647,0.984,0.4178,208.16934,0.0,-1.0,SOPXVOR12AB017E16B,7.0,0.628,-5.896,1,0.687,196.975,0.782,0.4178,167.935,4.0,0.053,0,2004,the small knives,0
0.791761696,0.474428173,AROKAO61187FB38105,0.0,0,0.0,Four Tet,0.0,electronic,1.0,707597,0,0.0,1.0,0.075,0.80949,0.644,0.33622,393.84771,0.247,0.704239415,SOZOEYP12AB0188C9D,10.0,0.062,-9.857,1,0.278,379.635,0.156,0.33622,124.043,4.0,0.657,0,2010,four tet,0
0.547228148,0.364787348,ARPLE851187B9B2B7C,0.0,0,0.0,Superchumbo,0.0,progressive house,1.0,245245,0,0.0,0.0,0.182,0.5154,0.082,0.5154,443.37587,0.0,0.244486793,SOQRSPD12A8C133A86,9.0,0.0,-4.28,0,0.0,433.389,0.709,0.27812,85.321,3.0,1.0,0,2001,superchumbo,0
0.537160563,0.382843062,ARJTX7M1187FB4CED3,52.88356,0,-1.97406,Be Bop Deluxe,0.0,art rock,0.984629331,24000,0,0.0,1.0,0.074,0.89317,0.676,0.39765,221.93587,0.09,0.265861049,SOGFWQD12A6D4F6811,4.0,0.529,-13.035,0,0.575,221.936,0.684,0.14989,121.615,4.0,0.986,0,1991,be bop deluxe,0
0.687294463,0.517170481,ARK0BT61187B9ACEC2,0.0,0,0.0,Monster Magnet,0.0,stoner metal,0.998534513,15569,0,0.0,0.0,0.02,0.56821,0.212,0.56821,289.12281,0.0,0.551921515,SOUMDHA12A6701DEB7,0.0,0.819,-6.724,1,0.556,271.192,0.628,0.11884,89.296,5.0,1.0,0,2000,monster magnet,0
0.78787777,0.543225521,ARAPH9U1187B9B34F0,0.0,0,0.0,Randy Travis,0.0,country gospel,1.0,602106,0,0.0,1.0,0.032,1.02885,1.0,1.02885,176.43057,0.688,0.0,SOJTZQO12AC960DB2A,10.0,0.185,-8.504,0,0.326,164.711,0.931,0.74842,112.613,4.0,0.0,0,1996,randy travis,0
0.573612399,0.372251208,AR11NP91187B9901B4,0.0,0,0.0,The Roches,0.0,singer-songwriter,1.0,762408,0,0.0,2.0,0.005,0.81452,0.89,0.40596,295.13098,0.143,0.0,SOHYYEY12AB0185DAD,9.0,0.924,-12.512,1,0.755,284.003,0.704,0.20468,147.087,4.0,0.839,0,1982,the roches,0
0.663229688,0.402167048,AR37XMN1187B9AC408,54.97791,0,-1.61237,Lighthouse Family,0.0,blue-eyed soul,1.0,26319,0,0.0,1.0,0.136,0.80934,0.711,0.41822,241.24036,2.27,0.79398746,SOMFBRG12A6D4F9014,3.0,0.0,-8.077,0,0.306,228.711,0.711,0.41822,153.474,4.0,1.0,0,2001,lighthouse family,0
0.807876868,0.505181616,ARIW1BH1187FB4C94A,-37.81753,0,144.96715,Architecture In Helsinki,0.0,twee pop,0.900542572,409352,0,0.0,1.0,0.104,2.578,0.329,2.09889,210.49424,9.66,-1.0,SOAZWHG12AB01861BA,11.0,0.901,-5.508,1,0.636,192.104,0.103,1.86231,126.294,4.0,0.0,0,2007,architecture in helsinki,0
0.527339184,0.310556083,ARUP17W1187B98CAB9,0.0,0,0.0,Charlie Byrd,0.0,bossa nova,0.969691809,318947,0,0.0,1.0,0.423,0.69251,0.684,0.69251,348.21179,0.252,-1.0,SOYUAZX12A8C144E42,2.0,0.611,-17.722,1,0.758,341.06,0.522,0.37535,94.223,4.0,0.0,0,1997,charlie byrd,0
0.520420053,0.296553691,ARZ0LFY1187FB4FE17,0.0,0,0.0,Orthrelm,0.0,experimental rock,0.994612576,500649,0,0.0,0.0,0.079,0.0784,0.292,0.0784,70.03383,0.0,-1.0,SOWMEYR12AB0182279,9.0,0.155,-4.665,1,0.345,64.824,0.292,0.0784,164.216,4.0,0.909,0,2002,orthrelm,0
0.662670207,0.378969801,AR0V36F1187FB366B1,53.41961,0,-8.24055,The Chieftains,0.0,irish folk,1.0,285462,0,0.0,2.0,0.588,0.43197,0.588,0.43197,217.25995,0.109,-1.0,SOKJZNJ12A8C13294B,8.0,0.535,-19.769,1,0.484,213.008,0.0,0.17206,116.044,1.0,0.0,0,1980,the chieftains,0
0.543061143,0.353364767,ARNHJHU1187B98F79C,4.65637,0,-74.11779,Nightfall,0.0,doom metal,0.92820279,329764,0,0.0,0.0,0.021,3.19214,0.65,2.60686,207.77751,5.642,0.386477291,SOPXZIE12AB017C4D4,7.0,0.047,-5.922,1,0.069,207.778,0.098,2.31127,101.994,4.0,0.273,0,1999,nightfall,0
0.706827671,0.416173065,ARB29H41187B98F0EF,41.88415,0,-87.63241,Terry Callier,0.0,soul jazz,0.985011245,39958,0,0.0,1.0,0.919,0.75772,0.679,0.75772,315.08853,0.653,0.407233015,SOFMEPZ12A6D4F7D9A,7.0,0.667,-12.93,1,0.988,300.292,0.234,0.75772,118.606,4.0,1.0,0,1998,terry callier,0
0.71881021,0.463900095,AR5O6W51187FB46984,51.16418,0,10.45415,SNAP!,0.0,pop rap,0.923736367,61423,0,0.0,2.0,0.01,0.19981,1.0,0.19981,315.03628,0.479,-1.0,SOVNHAU12A6D4F79F5,9.0,0.568,-10.1,1,0.397,309.156,0.896,0.19981,118.175,4.0,0.901,0,1994,snap!,0
0.629301806,0.450779891,ARFFDZU1187FB50682,40.71455,0,-74.00712,Alan Silvestri,0.0,country rock,0.939105287,63904,0,0.0,1.0,0.206,1.57901,0.886,0.07937,77.60934,2.699,0.447784051,SOGYYUL12A6D4FB2CB,5.0,0.267,-17.944,0,0.621,72.15,0.114,0.07937,82.556,4.0,0.789,0,1990,alan silvestri,0
0.472770274,0.349457929,AR0SY101187B9B44BE,0.0,0,0.0,For Squirrels,0.0,post-grunge,0.879487348,282970,0,0.0,0.0,0.036,0.71035,0.992,0.35037,200.07138,0.095,0.48456253,SOMWENG12A8C132D82,9.0,0.67,-4.737,1,0.626,187.826,0.667,0.16407,162.909,4.0,0.724,0,1995,for squirrels,0
0.707839968,0.532445871,ARYML1P1187B9AF39B,0.0,0,0.0,Devo,0.0,rock,1.0,28253,0,0.0,1.0,0.032,0.61465,0.68,0.22262,175.25506,0.0,0.443291312,SOBVTQI12A6D4F80ED,4.0,0.582,-11.951,1,0.345,175.255,0.257,0.22262,152.942,4.0,0.492,0,1993,devo,0
0.505009563,0.310065425,AR3YBMD1187B99F15C,0.0,0,0.0,Frl.Menke,0.0,german pop,0.963242261,757183,0,0.0,0.0,0.099,0.46704,0.0,0.46704,229.51138,0.0,-1.0,SOOZCDR12AB018B6B6,0.0,0.757,-10.685,1,0.703,217.525,0.391,0.46704,156.414,4.0,0.91,0,1982,frl.menke,0
0.818042044,0.638906377,ARD4C1I1187FB4B0C3,0.0,0,0.0,Pink Floyd,0.0,art rock,0.972339201,856,0,0.0,5.0,0.046,0.7825,0.85,0.7825,188.1073,0.73,0.793471188,SOEDPQL12AF72AB07B,9.0,0.378,-9.992,1,0.262,188.107,0.711,0.7825,117.634,4.0,0.525,0,1972,pink floyd,0
0.626208343,0.424271114,ARNG61X1187B98C7DF,0.0,0,0.0,The Blind Boys Of Alabama,0.0,soul blues,0.943676917,10313,0,0.0,1.0,0.011,1.89446,1.0,0.48581,176.40444,0.198,0.345802234,SOHTDBY12A67020981,9.0,0.002,-10.844,1,0.149,165.75,1.0,0.25037,86.366,4.0,0.353,0,2005,the blind boys of alabama,0
0.5623863,0.390361005,ARYC2P31187B9B9AB7,0.0,0,0.0,Seguridad Social,0.0,rumba,0.806943617,17181,0,0.0,0.0,0.015,0.42238,1.0,0.06506,254.53669,0.194,-1.0,SOUFBXS12A67ADD453,9.0,0.984,-6.668,1,0.801,236.089,1.0,0.06506,169.663,4.0,0.0,0,1999,seguridad social,0
0.569131586,0.399492788,ARTHIJ41187FB57411,14.63554,0,-61.02281,Princess Lover,0.0,island music,1.0,386773,0,0.0,0.0,0.349,0.49135,0.878,0.12892,262.45179,0.467,0.0,SOPFVNF12AB017F32E,9.0,0.0,-8.436,1,0.106,253.26,0.933,0.12892,166.029,4.0,0.464,0,2007,princess lover,0
0.909957523,0.609262136,AR9C8IE1187B9ACC99,0.0,0,0.0,System of a Down,0.0,alternative metal,0.999922766,284355,0,0.0,3.0,0.382,0.51024,1.0,0.21589,160.49587,0.206,0.849873124,SOHQAKK12A8C131323,0.0,0.552,-4.173,1,0.479,157.901,0.0,0.06871,196.201,4.0,0.0,0,1996,system of a down,0
0.675919557,0.511054354,ARSHZBZ1187B98A445,0.0,0,0.0,Joe Bonamassa,0.0,blues-rock,0.916254371,602643,0,0.0,1.0,0.407,0.4567,0.714,0.4567,372.76689,0.061,-1.0,SOWPPAT12AB017F666,5.0,0.432,-8.265,0,0.521,363.752,0.644,0.4567,66.366,3.0,0.823,0,2006,joe bonamassa,0
0.583107636,0.343963911,ARZQ6SW1187B9AD3E2,40.14323,0,-74.72671,Antigone Rising,0.0,modern rock,0.933427389,110295,0,0.0,0.0,0.033,0.22022,0.687,0.22022,213.55057,0.0,0.445454526,SOMDNTQ12A8C13D5FD,8.0,0.55,-5.098,1,0.603,208.219,0.607,0.22022,123.944,4.0,0.757,0,2005,antigone rising,0
0.688003349,0.469340374,ARSL3N21187B98DFC5,0.0,0,0.0,Klaus Badelt,0.0,chill-out,0.863630088,29803,0,0.0,3.0,0.07,0.50142,0.569,0.50142,128.62649,2.345,0.703341784,SOUACBM12A6D4F9664,9.0,0.376,-10.297,0,0.475,128.626,0.163,0.50142,138.54,3.0,0.156,0,2003,klaus badelt,0
0.517713211,0.39569983,AR90X8J1187B995250,62.19845,0,17.55142,Caramell,0.0,bubblegum dance,0.824835698,9435,0,0.0,0.0,0.03,0.88602,0.936,0.45166,218.40934,0.2,-1.0,SOZKBLW12A6701D33D,0.0,0.084,-5.426,0,0.321,211.487,0.438,0.23612,137.954,4.0,0.134,0,1999,caramell,0
0.413026885,0.27826354,AR1M7ZD1187B9B0D55,0.0,0,0.0,Winston McAnuff_ The Bazbaz Orchestra,0.0,roots reggae,1.0,554525,0,0.0,0.0,0.026,0.45824,0.494,0.45824,225.04444,0.572,0.0,SOXTPST12A8C137716,1.0,0.771,-7.983,1,0.664,217.797,0.075,0.22648,135.706,4.0,0.848,0,2005,winston mcanuff_ the bazbaz orchestra,0
0.583841122,0.371878155,ARGBG2T1187B9B1670,0.0,0,0.0,Massive TAPne,0.0,pop rap,0.913791195,46777,0,0.0,1.0,0.088,0.0679,0.841,0.0679,220.78649,0.345,0.360370583,SOKWONZ12A8C13ADFE,1.0,1.0,-5.839,1,0.67,217.403,0.71,0.0679,97.054,4.0,1.0,0,2002,massive tapne,0
0.652860466,0.38355747,ARR2BHS1187B9B8FA7,0.0,0,0.0,Minnie Riperton,0.0,soul jazz,0.965409234,572106,0,0.0,1.0,0.01,1.23707,0.782,1.23707,197.69424,2.258,-1.0,SODJBBD12A58A7EC47,3.0,0.332,-10.321,0,0.245,183.385,0.726,1.23707,151.752,4.0,0.52,0,1990,minnie riperton,0
0.576164587,0.43929204,AR898OD1187B9A14BB,0.0,0,0.0,Olga TaA+-A3n,0.0,merengue,1.0,38475,0,0.0,1.0,0.022,1.12685,1.0,0.1919,279.53587,0.119,0.683770112,SOLLTIL12A6D4F970A,8.0,0.08,-5.852,1,0.42,276.544,0.919,0.1919,129.962,4.0,0.334,0,2006,olga taa+-a3n,0
0.681581305,0.479407676,ARODBRG1187FB3FD99,-36.35484,0,146.32611,Nick Cave & The Bad Seeds,0.0,rock,1.0,10148,0,0.0,2.0,0.096,1.36827,0.092,0.49269,202.05669,0.0,0.407233015,SOXAPVV12A67020F8C,7.0,0.828,-10.319,1,0.812,194.473,0.618,0.49269,70.759,3.0,0.88,0,1993,nick cave & the bad seeds,0
0.53813774,0.400387757,ARNTTHK1187B98FF64,0.0,0,0.0,Andy & Lucas,0.0,flamenco,1.0,300223,0,0.0,0.0,0.072,2.79469,0.772,0.23555,208.92689,0.166,-1.0,SOEYEAY12A8C13C49E,9.0,0.653,-7.042,1,0.684,195.634,0.341,0.23555,93.355,5.0,0.685,0,2003,andy & lucas,0
0.625067009,0.401098465,ARHNCQ31187B9915DC,0.0,0,0.0,Mississippi John Hurt,0.0,delta blues,0.958751596,497021,0,0.0,1.0,0.759,0.10747,0.759,0.10747,238.94159,0.241,-1.0,SOHDAZP12AB0185D7F,9.0,0.835,-23.977,1,0.651,230.708,0.545,0.10747,174.23,1.0,0.0,0,1967,mississippi john hurt,0
0.625443262,0.431526919,ARSE6YI1187B9B9CD2,30.2676,0,-97.74298,James Hunter,0.0,blue-eyed soul,1.0,231080,0,0.0,1.0,0.096,0.80081,0.43,0.19974,180.89751,0.0,0.454192988,SOYJZTG12A81C23239,9.0,0.011,-7.279,0,0.249,173.25,1.0,0.19974,101.664,4.0,0.0,0,2008,james hunter,0
0.740796632,0.555741673,ARNRPI31187B9AC699,0.0,0,0.0,The Crystal Method,0.0,big beat,0.948653411,614972,0,0.0,2.0,0.03,0.71302,0.897,0.18866,357.642,0.194,0.632525062,SOHPQKD12A8C143939,11.0,0.031,-10.851,1,0.384,350.79,0.316,0.05741,114.313,4.0,1.0,0,1997,the crystal method,0
0.565624722,0.399090239,ARAAP251187B99DDE0,10.73445,0,-71.63056,Guaco,0.0,salsa,1.0,463162,0,0.0,0.0,0.404,0.04668,0.404,0.04668,265.29914,0.351,0.487378508,SORAWCY12AB0188DDA,0.0,0.644,-10.312,1,0.669,251.298,0.342,0.04668,169.131,1.0,0.0,0,2000,guaco,0
0.666652799,0.554291489,AR06EB01187FB40150,34.05349,0,-118.24532,NOFX,0.0,punk,1.0,297570,0,0.0,3.0,0.243,0.48098,0.868,0.17848,108.12036,0.0,0.596571198,SOLDKKK12A6D4FD12B,0.0,0.772,-4.926,1,0.76,105.198,0.228,0.02722,198.201,4.0,0.0,0,2001,nofx,0
0.691973119,0.396619566,ARCYE581187B9A1482,0.0,0,0.0,Timo Maas featuring MC Chikaboo,0.0,progressive house,0.982258708,152889,0,0.0,1.0,0.003,1.01639,0.691,0.55551,333.87057,0.0,0.683004892,SOZPIUC12A8C13630F,11.0,0.36,-7.135,1,0.393,324.22,0.781,0.32277,130.026,4.0,0.831,0,2002,timo maas featuring mc chikaboo,0
0.581028983,0.348553028,ARIDQH31187B9ACB84,56.65286,0,-3.99667,BMX Bandits,0.0,indie rock,0.99388368,239294,0,0.0,0.0,0.269,0.79451,0.597,0.34079,208.40444,0.073,0.450762242,SOTEVNM12A8C141858,1.0,0.808,-10.223,1,0.73,200.916,0.78,0.1111,127.434,4.0,0.532,0,2007,bmx bandits,0
0.900967634,0.769674279,ARBAW9R1187B98FB6B,51.50632,0,-0.12714,Natasha Bedingfield,0.0,teen pop,1.0,382973,0,0.0,2.0,0.052,0.57869,0.239,0.20676,341.41995,0.0,-1.0,SOWZGGJ12AAF3B583F,7.0,0.91,-8.652,1,0.635,338.936,0.505,0.0245,162.329,4.0,0.896,0,2008,natasha bedingfield,0
0.404105087,0.215272259,AR0B8CT1187B9B2CF3,0.0,0,0.0,Fyah Blaze,0.0,reggae,1.0,464643,0,0.0,0.0,0.145,0.62509,1.0,0.0482,217.25995,0.0,-1.0,SODTAYW12AB01808D1,9.0,0.26,-5.095,0,0.348,209.734,1.0,0.0482,208.299,3.0,1.0,0,2005,fyah blaze,0
0.571422802,0.423356106,ARWI6LR1187FB46E9F,43.57607,0,7.01815,Richard Galliano,0.0,tango,0.979051263,463581,0,0.0,0.0,0.306,0.95718,0.512,0.39904,196.25751,0.2,0.0,SOALCHT12AB0186A53,0.0,0.601,-15.062,1,0.488,193.469,0.0,0.11996,106.153,3.0,1.0,0,1992,richard galliano,0
0.499680423,0.323462287,ARC8S7S1187B98D50B,0.0,0,0.0,Marc Dorsey,0.0,hip hop,1.0,535173,0,0.0,0.0,0.152,2.43044,0.097,1.54991,301.50485,5.172,0.0,SOWIAWZ12AB017C92A,7.0,0.682,-7.006,1,0.699,285.826,0.145,1.33197,137.953,4.0,0.25,0,1999,marc dorsey,0
0.765141418,0.471493227,ARO5P0H1187FB5BAD7,0.0,0,0.0,Pepper,0.0,reggae,1.0,596449,0,0.0,0.0,0.429,1.01926,0.675,0.30018,264.59383,0.112,-1.0,SOWISMK12AC468BBF4,9.0,0.563,-7.762,1,0.327,254.647,0.407,0.12041,165.171,4.0,0.0,0,2007,pepper,0
0.690626256,0.42080185,ARHL8SP1187B98F8A3,40.71455,0,-74.00712,Sick Of It All,0.0,hardcore punk,1.0,610259,0,0.0,2.0,0.05,1.32079,0.791,0.08605,175.41179,0.142,0.523787363,SOLFIHG12A8C1435D3,9.0,0.383,-7.497,1,0.36,172.832,0.895,0.08605,96.703,4.0,0.697,0,1997,sick of it all,0
0.560557984,0.452789477,AR1Y2PT1187FB5B9CE,27.94017,0,-82.32547,John Wesley,0.0,disco,1.0,463504,0,0.0,0.0,0.524,0.73314,0.64,0.37442,246.69995,0.16,0.323112121,SOLVUSB12AB0180607,0.0,0.789,-9.113,1,0.698,246.7,0.66,0.19638,169.193,4.0,0.0,0,1999,john wesley,0
0.786359137,0.420412618,ARVZWQ31187B9B8946,34.05349,0,-118.24532,Liars,0.0,experimental rock,0.953932501,117266,0,0.0,1.0,0.059,1.05537,0.593,0.09888,136.17587,0.107,-1.0,SOXHWKH12AB0184221,4.0,0.195,-5.492,0,0.509,131.93,0.036,0.09888,130.48,4.0,0.813,0,2007,liars,0
0.450361261,0.267757495,ARMSW7X1187FB5B504,34.05349,0,-118.24532,Dave Eggar,0.0,new age,1.0,240382,0,0.0,1.0,0.073,0.74368,0.428,0.34491,225.25342,0.252,0.262308997,SOHQECR12A8C133DDA,2.0,0.007,-27.019,1,0.368,214.674,0.428,0.34491,149.895,4.0,0.74,0,2005,dave eggar,0
0.619260605,0.416935872,ARXW2MN1187B9B8817,0.0,0,0.0,X-ecutioners featuring Tom Tom Club & Biz Markie,0.0,turnablism,0.997036303,400773,0,0.0,2.0,0.003,0.94446,0.875,0.36567,236.43383,0.072,0.518759898,SONVGOV12AB018114E,0.0,0.0,-5.438,0,0.0,231.242,0.675,0.07664,102.643,4.0,1.0,0,2001,x-ecutioners featuring tom tom club & biz markie,0
0.421892529,0.238795251,ARHSMIG1187B99C199,0.0,0,0.0,3 of Hearts,0.0,electro,0.886066193,298783,0,0.0,0.0,0.187,2.22979,0.544,1.63079,224.07791,3.245,-1.0,SOAQFSL12A8C13C2C4,0.0,0.231,-8.811,0,0.359,211.859,0.566,1.33483,101.684,4.0,0.47,0,2001,3 of hearts,0
0.44974084,0.374375168,ARNJCYH11C8A42AC5F,0.0,0,0.0,Ciaran Byrne,0.0,downtempo,1.0,648611,0,0.0,0.0,0.064,2.74033,0.602,0.44842,150.282,0.0,0.0,SOFKRNR12AB01861AE,0.0,0.334,-14.305,1,0.473,142.414,0.594,0.20987,73.314,7.0,0.991,0,2006,ciaran byrne,0
0.618002715,0.349476327,ARU9KWP1187B98B2A7,0.0,0,0.0,Busdriver,0.0,alternative hip hop,0.871237163,355376,0,0.0,1.0,0.042,0.5537,0.907,0.05633,125.77914,0.136,-1.0,SOGAMCD12AB01803F7,1.0,0.481,-7.117,1,0.41,117.307,0.332,0.05633,242.7,4.0,0.0,0,2004,busdriver,0
0.768004235,0.560819769,ARHRY5S1187B99B96F,32.61436,0,-86.68073,Static-X,0.0,industrial metal,1.0,7830,0,0.0,2.0,0.873,4.68492,0.525,1.82297,98.89914,0.0,0.791520553,SOSBPUO12A58291CF2,0.0,0.541,-3.805,0,0.488,98.899,0.263,1.47005,85.466,5.0,1.0,0,2003,static-x,0
0.830252262,0.507965802,ARYO9BU1187B9ADA88,0.0,0,0.0,Porcupine Tree,0.0,experimental rock,1.0,124129,0,0.0,4.0,0.05,0.36976,0.88,0.36976,441.88689,0.0,0.863477374,SOCXOJF12A6D4FCD91,7.0,0.705,-5.94,1,0.532,420.513,0.531,0.18051,154.24,3.0,0.909,0,2002,porcupine tree,0
0.604282094,0.407539019,AR2VROU1187FB532D7,40.65507,0,-73.94888,The Token,0.0,doo-wop,0.940541331,759049,0,0.0,0.0,0.001,0.78057,1.0,0.26536,128.1824,0.496,0.237578097,SOMJGXB12AB0184386,10.0,0.695,-6.515,1,0.66,128.182,0.874,0.26536,124.283,4.0,0.408,0,1994,the token,0
0.698291624,0.453850265,ARSQDUN1187B98D7D7,0.0,0,0.0,EPMD,0.0,hip hop,1.0,564388,0,0.0,1.0,0.018,0.39341,0.207,0.39341,291.16036,0.0,-1.0,SOWACWC12AB01876FA,9.0,0.193,-3.349,1,0.226,283.103,0.355,0.21596,180.469,4.0,0.82,0,1992,epmd,0
0.732603394,0.497050959,ARLR9U31187B9A71AD,42.32807,0,-83.7336,Iggy And The Stooges,0.0,experimental rock,0.840760794,685503,0,0.0,1.0,0.056,0.39097,0.903,0.03135,347.53261,0.16,-1.0,SOUTNUJ12AC46861D4,9.0,0.415,-8.502,0,0.541,347.533,0.535,0.03135,165.81,4.0,0.565,0,1996,iggy and the stooges,0
0.605115789,0.446459238,AR60C3O1187FB46737,0.0,0,0.0,Kurtis Blow,0.0,pop rap,0.887235611,47192,0,0.0,0.0,0.022,0.73854,1.0,0.18185,220.83873,0.3,-1.0,SOUWJGL12AF72A4ED8,7.0,0.613,-12.637,1,0.539,207.557,0.253,0.04198,107.373,4.0,0.113,0,1990,kurtis blow,0
0.693327979,0.419408141,ARHRKTK1187B99E1D5,42.33168,0,-83.04792,Jackie Wilson,0.0,chicago soul,0.887425414,604354,0,0.0,1.0,0.096,5.09135,1.0,0.35079,182.49098,0.195,0.334706549,SOLNLFG12AC468806E,11.0,0.023,-12.007,1,0.289,175.438,0.151,0.35079,67.56,7.0,0.721,0,1993,jackie wilson,0
0.806364125,0.512455643,AREMPZY1187B9B8FF3,0.0,0,0.0,David Banner,0.0,crunk,0.94721879,275254,0,0.0,0.0,0.003,0.96603,0.693,0.23821,72.4371,0.0,-1.0,SOCWCQL12AF72A3A5A,3.0,0.159,-11.576,0,0.576,68.261,0.571,0.23821,167.018,4.0,0.789,0,2008,david banner,0
0.622030972,0.409518728,ARAA88L1187B9A29C1,0.0,0,0.0,Bodies In the Gears of the Apparatus,0.0,grindcore,1.0,223464,0,0.0,0.0,0.873,0.80753,0.0,0.11318,126.17098,0.282,0.443919914,SOVHTXW12A8C141298,6.0,0.22,-6.551,1,0.258,119.211,0.592,0.11318,88.053,4.0,0.678,0,2005,bodies in the gears of the apparatus,0
0.64783484,0.472451772,ARXI7WU1187FB4D75E,17.57975,0,-3.99883,Tinariwen,0.0,blues-rock,0.960857676,368997,0,0.0,1.0,0.155,0.88426,0.765,0.30917,336.32608,0.0,0.563755208,SOBIIYZ12A8C13ED05,9.0,0.048,-12.328,1,0.033,326.502,0.864,0.02482,105.981,4.0,1.0,0,2003,tinariwen,0
0.680620248,0.440326073,ART5IUL1187B9B0143,0.0,0,0.0,Lady Saw,0.0,dancehall,0.988005314,130773,0,0.0,0.0,0.076,0.72684,0.277,0.72684,218.40934,0.0,0.0,SOHUJJI12A67ADA394,1.0,0.544,-11.496,1,0.541,209.676,0.607,0.18849,67.137,3.0,0.422,0,1996,lady saw,0
0.639165318,0.443395585,ARY02GH1187B99B223,0.0,0,0.0,Zombie Girl,0.0,electro,1.0,529445,0,0.0,1.0,0.287,0.17153,1.0,0.17153,273.34485,0.241,-1.0,SOGXQSQ12AF729F79A,1.0,0.0,-7.184,1,0.0,260.011,0.244,0.17153,123.004,4.0,0.161,0,2007,zombie girl,0
0.548882424,0.386243701,ARNUIBF1187FB4A28F,0.0,0,0.0,Ray Lynch,0.0,space music,0.757859338,462656,0,0.0,0.0,0.003,1.43055,0.966,0.28741,283.74159,8.94,0.547952942,SOWPYIK12AB0184395,6.0,0.538,-16.715,1,0.568,274.338,0.312,0.01569,122.895,4.0,0.784,0,1998,ray lynch,0
0.817635146,0.564005986,AR40GSU1187FB3AA01,0.0,0,0.0,Neil Diamond,0.0,soft rock,0.948105577,282377,0,0.0,1.0,0.036,4.92552,0.903,4.0736,224.57424,4.766,-1.0,SOALARU12A8C131632,0.0,0.956,-15.849,1,0.854,220.665,0.903,4.0736,139.487,4.0,0.0,0,1984,neil diamond,0
0.577232155,0.431448035,ARH09RT1187FB4A843,0.0,0,0.0,OV7,0.0,ballad,0.985292043,449723,0,0.0,1.0,0.023,1.8884,0.836,0.74959,164.33587,0.34,0.43483809,SOBRVEP12AC468E74B,4.0,0.077,-6.231,1,0.435,156.52,0.742,0.46512,105.976,4.0,1.0,0,2000,ov7,0
0.674839436,0.425450614,AR0WGXC1187B9AAC99,0.0,0,0.0,Slum Village,0.0,hip hop,1.0,260078,0,0.0,0.0,0.979,1.81123,0.307,0.53277,84.47955,0.172,0.611454434,SOVIKHZ12A58A787E1,4.0,0.065,-12.75,0,0.39,79.47,1.0,0.20988,93.352,4.0,1.0,0,1997,slum village,0
0.583989842,0.473636665,ARCEOW71187B9A5A71,51.50632,0,-0.12714,Big Audio Dynamite,0.0,dance rock,0.879547101,282383,0,0.0,1.0,0.109,1.85811,1.0,1.85811,424.22812,2.386,0.215080319,SOKUCKC12A8C1315C4,1.0,0.87,-16.6,1,0.758,416.386,0.283,1.85811,125.038,4.0,1.0,0,1986,big audio dynamite,0
0.606011003,0.487202995,ARF3HEO1187B9AF2F4,0.0,0,0.0,Donnie McClurkin,0.0,urban,0.932657919,535346,0,0.0,0.0,0.227,0.7409,0.605,0.35107,302.36689,0.0,0.392008772,SOXECRP12AB017EADA,5.0,0.664,-8.004,1,0.562,297.152,0.141,0.15267,150.117,4.0,0.408,0,2000,donnie mcclurkin,0
0.63752105,0.404798068,ARYYCVC1187B9A8510,35.04644,0,-85.30946,Bessie Smith,0.0,chicago blues,0.873406417,142937,0,0.0,0.0,0.758,0.29889,0.758,0.29889,187.03628,0.206,-1.0,SOCLRHR12A8C134808,10.0,0.052,-19.27,1,0.342,181.133,0.689,0.29889,70.746,1.0,0.0,0,1991,bessie smith,0
0.752318643,0.540157744,ARROQSO1187B9AEB80,0.0,0,0.0,Talking Heads,0.0,dance rock,0.950970894,34149,0,0.0,1.0,0.254,2.15576,0.726,2.15576,355.73506,2.74,0.304169503,SOSMFPM12A6D4F8577,5.0,0.241,-9.306,1,0.267,342.808,0.064,2.15576,113.142,4.0,0.983,0,1986,talking heads,0
0.851073009,0.590449277,AROBHK51187B9AD82B,0.0,0,0.0,Funeral For A Friend,0.0,post-hardcore,0.999214993,1106,0,0.0,1.0,0.012,0.79217,0.479,0.38979,164.54485,0.0,0.665749175,SOSSQKN12A6310F224,6.0,0.195,-10.897,1,0.501,154.912,0.0,0.1886,148.045,4.0,0.0,0,2003,funeral for a friend,0
0.82785377,0.517328584,ARPKK761187FB4D53C,40.10216,0,-85.67869,The Ataris,0.0,pop punk,0.930853525,165208,0,0.0,1.0,0.888,0.07849,0.888,0.07849,99.49995,0.27,0.538422403,SOEWUWF12A8C13D27A,7.0,0.391,-5.301,1,0.601,99.5,0.446,0.07849,228.637,1.0,0.0,0,1997,the ataris,0
0.772958317,0.464518005,ARJ45SE1187FB44AD1,0.0,0,0.0,Winds Of Plague,0.0,death metal,1.0,739252,0,0.0,1.0,0.373,1.01959,0.556,0.54145,270.13179,6.177,0.677997958,SOATIOL12A8C13604E,11.0,0.189,-3.225,0,0.089,265.747,0.149,0.30118,126.182,3.0,0.979,0,2008,winds of plague,0
0.617870116,0.36366811,ARNVH8S1187FB52F86,18.11526,0,-77.27348,Heavy D,0.0,pop rap,0.892334368,328275,0,0.0,0.0,0.405,0.47558,1.0,0.09257,212.24444,0.0,0.430962673,SOZLTQI12AB018143A,2.0,0.088,-6.791,1,0.431,206.292,1.0,0.09257,153.058,4.0,0.943,0,2008,heavy d,0
0.713274972,0.377593082,ARNF6401187FB57032,40.79086,0,-73.96644,Sophie B. Hawkins,0.0,ballad,0.891101304,287312,0,0.0,0.0,0.014,0.09901,0.661,0.09901,316.76036,0.0,-1.0,SOIJCNT12A8C133677,11.0,0.337,-11.76,1,0.378,297.302,0.153,0.09901,98.406,3.0,0.752,0,1992,sophie b. hawkins,0
0.84219335,0.550422825,AR1OBRC1187FB59AD4,0.0,0,0.0,Behemoth,0.0,black metal,0.999934256,163978,0,0.0,2.0,0.17,1.02739,0.695,0.52755,146.46812,0.326,0.558441747,SOWMVSQ12A8C13E1DC,2.0,0.0,-5.497,1,0.0,139.517,0.197,0.27395,126.154,4.0,0.0,0,2000,behemoth,0
0.576568766,0.412528052,ARJR7S11187FB36A2A,40.65507,0,-73.94888,The Forms,0.0,indie rock,1.0,152934,0,0.0,0.0,0.035,0.78654,0.911,0.23199,145.08363,2.757,0.440826441,SOPJFDO12A8C139B94,3.0,0.067,-9.098,0,0.475,133.555,0.546,0.23199,108.888,5.0,1.0,0,2007,the forms,0
0.614282263,0.399377232,ARJ1YJV1187B9955DA,41.88415,0,-87.63241,Crucial Conflict,0.0,hip hop,1.0,225137,0,0.0,0.0,0.065,0.77381,1.0,0.36516,230.5824,0.328,0.518759898,SOMPKZM12A8C13F8B4,6.0,0.42,-5.79,0,0.482,223.951,1.0,0.16236,147.99,4.0,0.643,0,2008,crucial conflict,0
0.794331285,0.650665868,ARQRQRA12131B4B5A8,0.0,0,0.0,Cake,0.0,post-grunge,1.0,282089,0,0.0,1.0,0.275,0.72419,0.0,0.35781,91.32363,0.0,0.764419569,SOCXBQG12AF72A7CBD,9.0,0.523,-9.558,0,0.316,87.626,0.63,0.17462,157.992,4.0,0.249,0,2001,cake,0
0.699262056,0.47594129,AR2SMD91187B9B0582,0.0,0,0.0,The Mighty Mighty Bosstones,0.0,ska punk,1.0,47197,0,0.0,1.0,0.455,0.64459,0.61,0.26856,196.10077,0.0,0.601686244,SOYDTJN12AF72A86B9,9.0,0.458,-7.467,1,0.471,196.101,0.624,0.26856,160.138,4.0,0.529,0,1994,the mighty mighty bosstones,0
0.58907282,0.392659213,ARCPY7O1187FB5C0B7,30.2676,0,-97.74298,RIDDLIN' KIDS,0.0,power pop,0.948868704,291849,0,0.0,0.0,0.019,1.58017,1.0,1.58017,195.65669,1.53,0.676548906,SOGVVLP12A8C1363F1,6.0,0.363,-3.044,0,0.368,193.312,0.327,1.58017,144.721,4.0,0.419,0,2004,riddlin' kids,0
0.558916244,0.392579878,ARZH0R61187FB422AE,38.62774,0,-90.19951,Fontella Bass,0.0,northern soul,1.0,14582,0,0.0,1.0,0.007,1.22858,0.0,0.27136,175.38567,2.316,0.547952942,SOQBJNU12A6701DFF5,7.0,0.517,-6.754,1,0.542,160.723,0.485,0.03527,124.826,4.0,0.518,0,2006,fontella bass,0
0.566024302,0.384601686,AR0AVIB1187FB37D01,0.0,0,0.0,Regina Belle,0.0,vocal jazz,0.932742729,282384,0,0.0,0.0,0.072,0.63058,0.455,0.63058,225.33179,0.0,0.431432873,SOMGNHX12A8C131BB0,10.0,0.203,-7.991,1,0.401,210.083,0.0,0.41336,135.985,4.0,0.517,0,1995,regina belle,0
0.490611414,0.391574164,ARG1UAO1187FB55E50,0.0,0,0.0,Sammi Cheng,0.0,cantonese pop,0.998536832,43091,0,0.0,1.0,0.263,0.80209,0.713,0.80209,255.76444,0.0,-1.0,SOKGATR12A6D4F9015,2.0,0.843,-10.75,1,0.867,245.592,0.0,0.49844,98.485,4.0,0.937,0,2004,sammi cheng,0
0.594866646,0.382846902,ARE36MM1187B991E50,31.1689,0,-100.07715,Blind Lemon Jefferson,0.0,country blues,0.950349624,183909,0,0.0,1.0,0.098,0.50705,0.751,0.50705,175.15057,0.56,-1.0,SOJBKMX12A8AE47E72,4.0,0.18,-19.239,1,0.112,166.522,0.225,0.50705,101.676,3.0,0.607,0,1926,blind lemon jefferson,0
0.510301323,0.352976472,ARW45YR1187FB3DE95,0.0,0,0.0,Pierre Perret,0.0,chanson,0.964319421,594668,0,0.0,0.0,0.015,1.70868,0.784,0.53588,238.10567,0.148,-1.0,SOPCQZO12AB018596A,4.0,0.64,-10.987,0,0.724,228.026,0.558,0.22942,108.241,4.0,0.611,0,1975,pierre perret,0
0.73537015,0.61999595,ARO4WQR1187B9B9825,0.0,0,0.0,Kenny Rogers,0.0,country rock,1.0,357083,0,0.0,2.0,0.251,0.55964,0.685,0.55964,258.89914,0.285,-1.0,SOFCTSL12AB0181111,2.0,0.958,-15.835,1,0.793,246.851,0.173,0.36596,156.507,3.0,0.0,0,1999,kenny rogers,0
0.814829656,0.776037656,ARFCUN31187B9AD578,51.50632,0,-0.12714,The Rolling Stones,0.0,blues,0.999983058,629288,0,0.0,4.0,0.142,1.18224,0.436,0.7225,242.20689,0.0,-1.0,SOJAVUK12AB017EC7E,5.0,0.842,-3.237,1,0.623,242.207,0.281,0.4932,130.372,4.0,0.0,0,1981,the rolling stones,0
0.625067009,0.401098465,ARHNCQ31187B9915DC,0.0,0,0.0,Mississippi John Hurt,0.0,delta blues,0.958751596,651236,0,0.0,1.0,0.084,1.14266,0.0,0.0558,198.76526,0.0,-1.0,SOUQADA12AB0184E60,1.0,0.082,-12.818,0,0.654,194.241,0.522,0.0558,111.722,5.0,1.0,0,1966,mississippi john hurt,0
0.7087354,0.542289933,AR4GAFY1187B9B639D,0.0,0,0.0,B.B. King,0.0,blues-rock,0.903831242,194746,0,0.0,1.0,0.848,0.23491,0.848,0.23491,170.68363,0.415,-1.0,SOAXXGD12A8C134182,3.0,0.269,-6.555,1,0.235,164.612,0.396,0.23491,103.859,1.0,0.373,0,1956,b.b. king,0
0.872536599,0.611117503,AR12F2S1187FB56EEF,0.0,0,0.0,Aerosmith,0.0,blues-rock,0.898816207,289322,0,0.0,1.0,0.253,1.6467,0.539,0.38666,241.8673,0.0,0.566226761,SOUMBKO12A8C135722,9.0,0.994,-12.328,1,0.542,236.124,1.0,0.38666,94.423,3.0,1.0,0,1979,aerosmith,0
0.840409662,0.840462688,AR6XZ861187FB4CECD,53.40977,0,-2.97848,The Beatles / Tony Sheridan,0.0,merseybeat,0.930327339,804505,0,0.0,7.0,0.655,0.35101,0.655,0.35101,130.95138,0.224,0.74556417,SOHLPTB12AF72A6B20,1.0,0.605,-7.455,0,0.526,127.663,0.645,0.16306,159.437,1.0,0.0,0,1964,the beatles / tony sheridan,0
0.547040707,0.345109487,ARSJ46X1187FB4A62A,0.0,0,0.0,Various Production,0.0,grime,1.0,449267,0,0.0,0.0,0.017,0.74546,0.812,0.27999,239.90812,0.0,-1.0,SOUJGOR12A58A7BD21,1.0,0.374,-16.775,1,0.348,220.073,0.661,0.27999,151.992,4.0,0.0,0,2009,various production,0
0.774037142,0.521726648,ARL3VGT1187FB40E8E,-34.60852,0,-58.37354,Los Fabulosos Cadillacs,0.0,ska,1.0,509842,0,0.0,1.0,0.529,0.45906,0.529,0.45906,151.92771,0.0,0.467574948,SOFGZBJ12AB01890B0,0.0,0.8,-4.468,1,0.728,146.019,0.798,0.26256,149.767,1.0,0.0,0,1988,los fabulosos cadillacs,0
0.787098356,0.634412385,ARDIBRT1187B9AF176,0.0,0,0.0,Led Zeppelin,0.0,blues-rock,0.998128657,171807,0,0.0,6.0,0.075,0.10085,0.578,0.10085,145.05751,2.223,1.0,SOAAXAK12A8C13C030,11.0,0.717,-10.544,1,0.613,140.132,0.388,0.10085,150.569,3.0,1.0,0,1970,led zeppelin,0
0.67529547,0.44269672,AR2EO6H1187B9A3B92,0.0,0,0.0,Brian Tyler,0.0,soundtrack,1.0,67868,0,0.0,1.0,0.084,0.94398,0.226,0.44719,128.54812,0.229,-1.0,SOEZMXF12A67ADB0F8,11.0,0.071,-13.85,1,0.473,124.651,0.73,0.11955,122.653,3.0,0.105,0,2007,brian tyler,0
0.801989216,0.580345271,AR74Q3R1187B9B24C3,0.0,0,0.0,Nightwish,0.0,sympho black metal,0.999713741,133610,0,0.0,5.0,0.215,2.18714,0.218,0.50484,238.54975,0.067,-1.0,SODWJQR12A8C138C30,2.0,0.119,-12.967,0,0.294,205.473,0.218,0.50484,139.482,5.0,0.359,0,2004,nightwish,0
0.662670207,0.378969801,AR0V36F1187FB366B1,53.41961,0,-8.24055,The Chieftains,0.0,irish folk,1.0,295494,0,0.0,2.0,0.046,0.69239,0.0,0.35268,185.86077,2.293,0.517148973,SOCQVYX12A8C1389E1,2.0,0.771,-14.344,1,0.658,175.961,0.252,0.18241,175.711,4.0,0.0,0,1971,the chieftains,0
0.510243089,0.350749839,ARVCCEM11F4C83DD74,31.1689,0,-100.07715,D.R.S.,0.0,rap,1.0,229899,0,0.0,0.0,0.313,0.56403,1.0,0.20139,237.16526,0.351,-1.0,SOHNCST12A8151AF91,5.0,0.621,-22.258,0,0.499,225.768,0.612,0.20139,165.168,3.0,0.862,0,1993,d.r.s.,0
0.690492032,0.458987258,ARRNO111187B9B3FC9,0.0,0,0.0,Galactic,0.0,jazz funk,1.0,280637,0,0.0,1.0,0.106,1.53193,0.796,0.29505,21.39383,0.171,-1.0,SOJSIAL12AF72A275E,5.0,0.539,-30.249,1,0.342,21.394,0.143,0.08284,102.841,3.0,0.681,0,1998,galactic,0
0.411421048,0.338414819,ARINEWW1187FB5577E,0.0,0,0.0,Perrey And Kingsley,0.0,easy listening,0.947930118,492999,0,0.0,0.0,0.684,0.66969,0.684,0.66969,119.64036,0.0,-1.0,SOFVUDX12AB017E4BB,5.0,0.723,-12.12,1,0.492,108.147,1.0,0.42753,140.638,1.0,0.0,0,1988,perrey and kingsley,0
0.843322339,0.554564302,ARG8DXO1187B9AF743,0.0,0,0.0,Less Than Jake,0.0,ska punk,0.999656278,864,0,0.0,0.0,0.468,0.45268,0.468,0.45268,125.28281,0.0,0.640799205,SOPVOHK12A6310D84C,2.0,0.635,-4.285,1,0.534,125.283,0.399,0.22287,133.05,1.0,0.0,0,1996,less than jake,0
0.449323615,0.343281882,ARLWR721187B9A03C9,35.82213,0,-88.91599,T.G. Sheppard,0.0,country rock,0.998410062,200689,0,0.0,0.0,0.282,0.57847,0.632,0.20216,210.75546,0.143,-1.0,SOSFRGF12A8C13667A,7.0,0.643,-18.261,1,0.758,188.999,0.689,0.20216,157.968,4.0,0.701,0,1992,t.g. sheppard,0
0.58547954,0.364384925,ARW63KF1187B98AC48,46.71067,0,1.71819,Julien Clerc,0.0,chanson,1.0,28667,0,0.0,1.0,0.475,1.19859,0.543,0.57732,266.29179,0.0,-1.0,SOBWDGC12A6D4F8AFC,8.0,0.125,-12.623,1,0.448,266.292,0.074,0.27215,97.007,4.0,0.352,0,1994,julien clerc,0
0.750621598,0.498497973,ARBFQ7L1187B9ACD48,0.0,0,0.0,The Velvet Underground,0.0,experimental rock,1.0,241409,0,0.0,2.0,0.134,0.29708,0.542,0.29708,170.89261,0.256,0.782868999,SOUZIIN12AB017FB85,0.0,0.491,-15.591,1,0.609,162.482,0.505,0.29708,112.48,4.0,0.0,0,1985,the velvet underground,0
0.541611591,0.345637314,AR04KTB1187B99B6B7,37.27188,0,-119.27023,The Disposable Heroes Of Hiphoprisy,0.0,hip hop,1.0,205,0,0.0,1.0,0.628,0.07356,0.571,0.07356,241.52771,4.18,0.508984608,SOZGCTW12A6310E84F,2.0,0.057,-18.454,1,0.15,217.13,0.314,0.07356,108.616,4.0,0.876,0,1992,the disposable heroes of hiphoprisy,0
0.793708084,0.58985618,ARCJKV91187FB46210,0.0,0,0.0,KT Tunstall,0.0,folk-pop,0.999761965,21604,0,0.0,1.0,0.083,0.19561,0.463,0.19561,216.5024,0.0,0.694453546,SOLMCFH12A58A7FACE,7.0,0.0,-9.911,1,0.286,205.752,0.0,0.19561,142.121,3.0,0.661,0,2004,kt tunstall,0
0.655921418,0.578301634,AR9W3X91187FB3994C,0.0,0,0.0,Phil Collins,0.0,soft rock,1.0,40838,0,0.0,2.0,0.369,1.33313,0.414,0.67313,346.5922,0.293,-1.0,SOBXWUS12A58A7DF5C,3.0,0.778,-15.018,1,0.769,339.336,0.838,0.34123,89.921,4.0,0.473,0,1993,phil collins,0
0.839297678,0.718891456,ARDVZTE1187FB5A0A1,0.0,0,0.0,Bon Jovi / Ray Davies,0.0,rock,1.0,343181,0,0.0,1.0,0.211,1.56214,0.396,0.66065,336.84853,4.377,-1.0,SOCMIGC12A6702090E,6.0,0.896,-5.158,1,0.688,323.715,0.126,0.44473,130.281,4.0,0.283,0,2002,bon jovi / ray davies,0
0.691973119,0.396619566,ARCYE581187B9A1482,0.0,0,0.0,Timo Maas,0.0,progressive house,0.982258708,16695,0,0.0,1.0,0.001,1.12374,1.0,0.16211,232.38485,0.142,0.488289876,SOZYPNV12A6701E3B8,11.0,0.175,-5.797,0,0.539,229.756,1.0,0.16211,124.995,4.0,1.0,0,2005,timo maas,0
0.585735488,0.383845367,ARZO73F1187FB4BF23,39.95227,0,-75.16237,Bill Cosby,0.0,comedy,0.971617021,673040,0,0.0,0.0,0.073,0.61708,0.561,0.61708,157.43955,0.0,0.0,SOLCUUN12AB0187AE7,5.0,0.337,-13.915,1,0.238,151.417,0.556,0.33596,109.516,5.0,0.891,0,1967,bill cosby,0
0.804523521,0.586433379,AR6892W1187B9AC71B,0.0,0,0.0,Placebo,0.0,british pop,0.999766449,347,0,0.0,3.0,0.087,0.7505,0.643,0.31457,237.94893,2.995,-1.0,SOPJOQM12A6310F137,10.0,0.707,-6.519,1,0.449,222.314,0.151,0.09661,136.957,4.0,1.0,0,1999,placebo,0
0.747556581,0.550212244,AR49IQD1187FB37EA7,0.0,0,0.0,Xzibit,0.0,gangster rap,0.946590729,283789,0,0.0,1.0,0.414,1.82932,0.721,0.572,213.78567,0.0,0.480934213,SOMNDNZ12A8C133640,10.0,0.3,-6.065,0,0.336,204.614,0.778,0.25226,96.57,4.0,0.987,0,2000,xzibit,0
0.510993042,0.379222861,ARKQN8X1187B99221C,40.73197,0,-74.17418,Joe Rogan,0.0,comedy,0.82150099,72446,0,0.0,0.0,0.043,20.79169,0.684,1.30957,183.97995,2.728,0.533155192,SOGLHIC12A6BD56BBF,10.0,0.005,-9.689,0,0.14,181.563,0.533,0.40929,58.165,4.0,0.604,0,2007,joe rogan,0
0.698452539,0.502974636,ARHD3RX1187FB3A7DA,0.0,0,0.0,Steel Pulse,0.0,roots reggae,1.0,62232,0,0.0,1.0,0.578,0.42977,0.67,0.42977,266.05669,0.0,0.591291373,SOBFZKC12A6D4FC1F7,11.0,1.0,-10.762,0,1.0,253.527,0.838,0.2461,153.264,4.0,0.0,0,1982,steel pulse,0
0.704994472,0.504855154,ARKNOZU1187FB5A371,0.0,0,0.0,Phil Vassar,0.0,country rock,0.917000712,295332,0,0.0,0.0,0.122,0.89346,0.657,0.40142,265.24689,0.451,0.512253654,SOGAIRT12A58291E2D,9.0,0.936,-8.387,1,0.742,256.023,0.368,0.40142,131.458,3.0,0.547,0,2000,phil vassar,0
0.548674175,0.305093198,ARCLBZ01187B98D025,0.0,0,0.0,Crematorium,0.0,death core,1.0,633211,0,0.0,0.0,0.415,1.89422,0.473,0.47267,198.26893,0.0,0.334706549,SOCIDHY12AB017ED4E,6.0,0.0,-5.428,0,0.221,195.454,0.468,0.11443,84.913,4.0,0.474,0,2005,crematorium,0
0.595645309,0.426009301,AR6EVQA1187B9AA1DF,0.0,0,0.0,Cocoa Tea,0.0,dancehall,0.962247474,700068,0,0.0,0.0,0.174,0.40127,0.352,0.02901,225.54077,0.0,0.0,SOLZXTN12AC468E040,4.0,0.78,-5.75,1,0.457,218.622,0.702,0.02901,160.022,4.0,0.291,0,2008,cocoa tea,0
0.58078835,0.0,ARF1NWV1187FB39A97,0.0,0,0.0,Najoua Belyzel,0.0,europop,0.876518278,679132,0,0.0,0.0,0.0,1.23853,1.0,0.17612,237.71383,0.131,0.471578248,SOHABTD12AB0186D83,6.0,0.0,-7.881,0,0.075,229.959,1.0,0.17612,112.965,4.0,0.542,0,2009,najoua belyzel,0
0.70441147,0.469425908,ARD0FN11187B9B25CD,40.85715,0,-73.85678,Bobby Darin,0.0,brill building pop,1.0,138028,0,0.0,2.0,0.012,0.11542,0.986,0.11542,155.6371,0.322,0.38293509,SOGOLHP12A8AE47A0D,0.0,0.118,-15.437,1,0.468,146.204,1.0,0.11542,108.462,4.0,0.732,0,2003,bobby darin,0
0.609181992,0.509243099,ARYXOV81187B99831D,0.0,0,0.0,Seventh Day Slumber,0.0,christian rock,0.926219624,400019,0,0.0,0.0,0.321,0.85543,0.909,0.35227,265.82159,0.127,0.635630038,SOPBEBP12AB0181527,5.0,0.558,-5.742,1,0.606,261.05,0.63,0.18538,118.62,4.0,0.85,0,2009,seventh day slumber,0
0.369354253,0.305024582,ARSRCI71187FB59188,0.0,0,0.0,David Rose & His Orchestra,0.0,orchestra,1.0,577075,0,0.0,0.0,0.035,0.27949,0.805,0.27949,179.98322,0.0,0.0,SOWBDLD12A58A80B1A,10.0,0.227,-16.877,1,0.259,165.837,0.176,0.27949,84.688,4.0,1.0,0,2004,david rose & his orchestra,0
0.590816514,0.376066362,AR3NPVS1187FB5108F,48.85692,0,2.34121,Les Rythmes Digitales feat. Nik Kershaw,0.0,big beat,0.931986653,59548,0,0.0,1.0,0.138,1.19085,0.94,0.2211,297.45587,0.206,0.699913603,SOJMXIM12A6D4FB4FC,2.0,0.011,-4.249,1,0.311,292.659,1.0,0.2211,123.829,4.0,0.395,0,1999,les rythmes digitales feat. nik kershaw,0
0.65103938,0.434976032,ARMH10M1187FB4184F,0.0,0,0.0,Firehouse,0.0,glam metal,0.849958662,282908,0,0.0,0.0,0.131,0.61911,0.817,0.11645,278.12526,0.0,-1.0,SOYPMHZ12AF72A31BD,1.0,0.633,-7.352,1,0.634,275.615,0.933,0.11645,119.423,4.0,1.0,0,1992,firehouse,0
0.70549178,0.393457111,ARB0WNP1187B9AC4AB,0.0,0,0.0,Samy Deluxe,0.0,hip hop,1.0,109905,0,0.0,2.0,0.058,0.27457,0.383,0.27457,237.19138,0.275,0.521659258,SOQXAGF12A58A7BB46,1.0,0.658,-5.129,0,0.462,233.529,0.383,0.27457,164.041,4.0,0.919,0,2004,samy deluxe,0
0.665322162,0.394217199,ARRJNTE1187FB44E12,0.0,0,0.0,Casiotone For The Painfully Alone,0.0,trip hop,0.877629027,234413,0,0.0,1.0,0.367,0.52152,0.804,0.52152,188.94322,0.0,0.639248489,SOAJVDQ12A6D4FA38B,7.0,0.698,-7.549,1,0.715,183.542,0.0,0.22285,99.077,4.0,1.0,0,2003,casiotone for the painfully alone,0
0.638614023,0.601436483,AR4L4WQ1187FB51996,0.0,0,0.0,The Prodigy,0.0,hardcore techno,0.999816813,281047,0,0.0,6.0,0.148,0.13465,0.206,0.13465,225.09669,0.0,0.829983257,SOHHJYE12A8AE47599,4.0,0.437,-6.504,0,0.397,225.097,0.007,0.13465,94.234,5.0,1.0,0,1996,the prodigy,0
0.814506224,0.584836889,AR9W3X91187FB3994C,0.0,0,0.0,Phil Collins,0.0,soft rock,1.0,1792,0,0.0,2.0,0.011,1.06883,0.0,0.3637,392.82893,1.031,-1.0,SOFSRCP12CF5CFD696,1.0,0.0,-5.295,1,0.0,381.991,0.478,0.1873,85.083,4.0,0.824,0,2002,phil collins,0
0.630382334,0.454231157,AR7G5I41187FB4CE6C,0.0,0,0.0,Adam Ant,0.0,pop rock,0.988583863,588902,0,0.0,1.0,0.028,1.0467,1.0,0.31403,226.5073,0.117,-1.0,SODKGGR12A58A7DCB2,0.0,0.258,-12.108,1,0.367,223.527,1.0,0.31403,82.048,4.0,0.569,0,1998,adam ant,0
0.510691872,0.443245313,AR8SBT41187B9A5FD9,40.99471,0,-77.60454,Total Fucking Destruction,0.0,experimental rock,0.898865075,780952,0,0.0,0.0,0.06,0.4904,0.474,0.14933,132.17914,0.0,-1.0,SOWOSFZ12AC468E52A,0.0,0.321,-5.021,1,0.269,132.179,0.0,0.14933,178.249,4.0,0.0,0,2007,total fucking destruction,0
0.298409678,0.215021295,ARQB8PN1187B98E6C4,0.0,0,0.0,Tresenlesen,0.0,comedy,1.0,758046,0,0.0,0.0,0.624,0.56414,0.624,0.56414,513.61914,0.0,0.0,SORHXWL12A6D4FB86E,9.0,0.185,-9.31,0,0.257,510.108,0.742,0.23764,111.756,1.0,0.727,0,1995,tresenlesen,0
0.725974866,0.463979514,AR1CD5Z1187B98F2C2,38.91391,0,-94.37517,Pat Metheny,0.0,free jazz,0.999572414,367592,0,0.0,1.0,0.171,0.30682,0.527,0.30682,338.02404,0.274,0.569451035,SOZKSGN12A81C20649,9.0,0.562,-26.862,0,0.506,325.381,0.337,0.30682,103.562,4.0,1.0,0,1979,pat metheny,0
0.665964145,0.45195769,ARXVADV12086C1203C,0.0,0,0.0,Gary Go,0.0,british pop,0.877332806,556794,0,0.0,0.0,0.102,0.88991,1.0,0.22458,217.86077,0.177,-1.0,SOTGMJA12AB0180F21,0.0,0.599,-4.182,1,0.574,214.721,1.0,0.22458,159.164,5.0,1.0,0,2009,gary go,0
0.744873719,0.505012392,AR6CFZ71187B99AE5B,34.23497,0,-77.94599,He Is Legend,0.0,southern rock,0.936602981,45048,0,0.0,1.0,0.029,1.81866,0.592,0.59596,207.12444,0.077,-1.0,SOATSTU12AF72A64DF,7.0,0.517,-6.808,1,0.51,207.124,0.542,0.13713,97.969,4.0,0.542,0,2006,he is legend,0
0.837947909,0.740373516,ARZENOX1187B98A645,0.0,0,0.0,John Mayer,0.0,rock,1.0,733646,0,0.0,0.0,0.052,2.05074,0.0,1.05526,38.3473,0.938,-1.0,SOKHEQY12AC468B3F9,7.0,0.066,-16.739,0,0.452,38.347,0.408,1.05526,121.915,4.0,0.0,0,1976,john mayer,0
0.656727793,0.468511467,ARA7YDA1187B9A5776,0.0,0,0.0,PATSY CLINE & WILLIE NELSON,0.0,country rock,0.991567722,274696,0,0.0,1.0,0.017,0.46245,0.253,0.46245,175.41179,0.0,-1.0,SOKPJHH12A8159E967,2.0,0.082,-6.939,1,0.445,166.15,0.716,0.05918,98.988,4.0,0.125,0,1991,patsy cline & willie nelson,0
0.655359115,0.405031298,ARY80281187FB3E380,56.65286,0,-3.99667,Sandi Thom,0.0,british pop,0.912323738,308610,0,0.0,1.0,0.033,0.8455,1.0,0.35638,425.19465,0.583,-1.0,SOWKKCU12A8C13EDEA,11.0,0.647,-4.163,0,0.605,420.328,1.0,0.11059,121.982,4.0,0.971,0,2006,sandi thom,0
0.572338427,0.368252039,AR7IYVY1187B9A2648,69.65102,0,18.95574,bel canto,0.0,trip hop,0.87225507,203228,0,0.0,0.0,0.006,1.60894,0.429,0.44816,78.49751,0.113,0.345802234,SOBEHXG12A8C138D22,7.0,0.136,-17.795,1,0.471,73.985,0.46,0.16395,106.936,4.0,1.0,0,1996,bel canto,0
0.681090692,0.488536125,ARN2ZKL1187FB3972B,37.16793,0,-95.84502,The Distillers,0.0,grunge,0.980946877,7851,0,0.0,0.0,0.027,1.68645,0.488,0.41893,129.59302,0.0,0.360370583,SOGDAUG12A6701F302,9.0,0.078,-3.698,0,0.455,120.076,0.997,0.10034,95.075,7.0,0.573,0,2003,the distillers,0
0.537849447,0.364191244,ARKVD621187B9B95FC,0.0,0,0.0,Remy Shand,0.0,neo soul,0.931802902,345794,0,0.0,0.0,0.031,0.70244,0.708,0.35668,250.77506,0.0,-1.0,SOCISDR12A58A7EBF3,10.0,0.46,-6.188,0,0.558,246.404,0.438,0.35668,177.963,4.0,0.917,0,2002,remy shand,0
0.508440336,0.405143447,ARWRS4D1187FB3FCD4,0.0,0,0.0,Elakelaiset,0.0,parody,0.997904459,179978,0,0.0,2.0,0.393,0.42875,0.393,0.42875,67.3171,0.0,-1.0,SOVBLUQ12A81C20920,9.0,0.768,-2.421,0,0.594,67.317,0.04,0.16492,116.338,1.0,0.0,0,1995,elakelaiset,0
0.664924362,0.496381146,ARN0DMU1187FB5B63A,0.0,0,0.0,Daryl Hall & John Oates,0.0,pop rock,1.0,305508,0,0.0,0.0,0.181,2.32541,0.624,2.32541,216.34567,3.901,-1.0,SOOTBSZ12A8C140223,10.0,0.0,-5.745,1,0.0,216.346,0.072,2.1558,178.825,4.0,0.244,0,1976,daryl hall & john oates,0
0.760152293,0.491835806,ARF1Q9B1187B9ADCC7,33.6671,0,-117.76505,Lit,0.0,post-grunge,1.0,295538,0,0.0,0.0,0.033,1.20968,0.338,0.30426,246.80444,0.0,0.721487046,SORRGXW12A8C139847,10.0,0.573,-3.93,1,0.463,231.631,0.488,0.07725,135.021,4.0,0.365,0,1999,lit,0
0.467411428,0.261981713,AR61JEC1187FB54A9F,0.0,0,0.0,Ai Ai Ai,0.0,rumba,1.0,557711,0,0.0,0.0,0.115,1.06185,0.0,0.41398,253.98812,2.374,-1.0,SOKTWWO12AB01841C2,5.0,0.371,-12.896,0,0.264,247.333,0.208,0.088,91.97,4.0,0.082,0,1994,ai ai ai,0
0.620027189,0.440370731,AR7NNKG1187FB4AA1C,0.0,0,0.0,Charly Garcia,0.0,pop rock,0.980514633,29458,0,0.0,0.0,0.032,1.40567,0.08,0.4246,162.71628,0.0,0.401486711,SOJKWAA12A6D4F8CAF,7.0,0.018,-10.257,0,0.342,162.716,0.0,0.18005,126.948,4.0,0.631,0,2003,charly garcia,0
0.535473243,0.273643479,ARXSABR11E8A2E29BF,46.44231,0,-93.36586,Pictures of Then,0.0,experimental rock,0.811679528,731936,0,0.0,0.0,0.023,0.68846,0.738,0.31979,182.83057,0.0,-1.0,SOFFKLF12A58A78E0F,4.0,0.784,-6.865,1,0.535,176.286,0.781,0.13591,163.959,4.0,0.249,0,2009,pictures of then,0
0.881694731,0.568201422,ART4QZC1187FB51612,0.0,0,0.0,Janet Jackson Featuring Kanye West,0.0,dance pop,1.0,43052,0,0.0,1.0,0.028,0.59122,0.821,0.27704,257.14893,0.0,0.634481618,SOSGKJE12A6D4F7920,2.0,0.569,-6.946,0,0.569,250.329,0.926,0.12034,191.406,4.0,0.575,0,2004,janet jackson featuring kanye west,0
0.616752865,0.370725818,AR2OPWW1187B9A5057,0.0,0,0.0,Schoolyard Heroes,0.0,horror punk,0.968862401,191749,0,0.0,0.0,0.0,1.20897,0.959,0.18065,202.00444,0.096,0.462379946,SOTETYU12A8C1330E3,0.0,0.728,-12.826,1,0.592,191.263,0.854,0.18065,117.58,4.0,0.583,0,2007,schoolyard heroes,0
0.540971095,0.37190048,AR8L3QV1187FB4C0BB,-34.60852,0,-58.37354,Bruno Sanfilippo,0.0,chill-out,0.888990889,80910,0,0.0,0.0,0.228,1.88227,0.58,0.23994,291.082,2.403,-1.0,SODEFVL12A6D4F668A,7.0,0.004,-23.779,0,0.301,281.995,0.087,0.23994,146.008,5.0,0.807,0,1991,bruno sanfilippo,0
0.63340119,0.458549176,ARODHHS1187FB37814,0.0,0,0.0,The Last Vegas,0.0,stoner rock,0.959959641,641616,0,0.0,0.0,0.257,0.27162,0.366,0.27162,237.11302,0.0,0.557187768,SOXYAJK12AB0182B59,9.0,0.342,-3.492,1,0.502,233.355,0.566,0.11115,179.001,4.0,0.349,0,2009,the last vegas,0
0.720212052,0.47630019,AR60KPK1187B9A7552,0.0,0,0.0,Beneath The Sky,0.0,death core,0.975926778,128152,0,0.0,0.0,0.084,0.63287,0.084,0.63287,275.9571,0.0,0.584417646,SOJBELS12A6D4FCE9A,8.0,0.277,-3.996,1,0.411,271.569,0.141,0.15433,84.159,1.0,0.363,0,2007,beneath the sky,0
0.899934952,0.604666876,ARH6W4X1187B99274F,0.0,0,0.0,Radiohead,0.0,british pop,0.99997276,257676,0,0.0,5.0,0.905,0.24821,0.905,0.24821,198.47791,0.183,-1.0,SOHGJUI12AF72A724F,5.0,0.779,-5.636,0,0.645,196.058,0.688,0.24821,149.492,1.0,0.526,0,2003,radiohead,0
0.415140368,0.249739671,ARWNGWU124207838D7,0.0,0,0.0,Free,0.0,lovers rock,0.962061351,10223,0,0.0,0.0,0.196,0.59147,1.0,0.22898,229.56363,0.202,-1.0,SOQBAQW12AAF3B35B8,2.0,0.5,-11.68,1,0.484,224.467,0.887,0.22898,165.904,4.0,0.0,0,1972,free,0
0.475730978,0.365841574,ARDMPZU1187B99A472,51.50632,0,-0.12714,Light Of The World,0.0,jazz funk,0.956622787,596889,0,0.0,0.0,0.093,1.69941,0.519,0.66521,247.74485,0.0,-1.0,SOQBCSM12AC4687CDE,0.0,0.14,-13.546,1,0.378,236.466,0.921,0.66521,120.444,4.0,0.609,0,1980,light of the world,0
0.654039351,0.390624708,ARFN4JN1187B98C627,-22.96566,0,18.48617,Bedrock,0.0,progressive house,1.0,699533,0,0.0,0.0,0.957,0.89503,1.0,0.43242,501.86404,0.0,-1.0,SOKMTOP12AC468980A,6.0,0.041,-14.442,1,0.343,487.004,1.0,0.20169,129.988,4.0,0.607,0,2004,bedrock,0
0.617438461,0.392977289,ARLWDC31187B9B4D71,0.0,0,0.0,Radio Birdman,0.0,garage rock,0.960948398,539843,0,0.0,2.0,0.048,0.64912,0.023,0.34427,174.28853,0.0,0.266955186,SOGAWLI12AB017E8AB,11.0,0.059,-5.469,0,0.374,160.955,0.549,0.18912,197.631,4.0,0.0,0,2006,radio birdman,0
0.61071322,0.425126208,ARVLIVA1187B991590,0.0,0,0.0,Zeca Baleiro,0.0,brazilian pop music,1.0,609304,0,0.0,0.0,0.681,1.26953,0.594,0.5116,364.72118,0.0,-1.0,SOPCZSP12A8C13F03A,9.0,0.62,-10.202,1,0.518,361.343,0.066,0.24399,80.062,4.0,0.823,0,2002,zeca baleiro,0
0.550032444,0.417745326,AREFFEC1187B98E12F,0.0,0,0.0,Digital Mystikz,0.0,dubstep,1.0,626957,0,0.0,0.0,0.071,0.86559,0.444,0.43995,299.49342,0.0,0.63802267,SOMJFAX12AB017FAE6,11.0,0.913,-6.304,0,0.704,294.568,0.405,0.23134,143.01,4.0,0.798,0,2006,digital mystikz,0
0.683341036,0.468246836,ARGPFYP1187B98F5CB,39.75911,0,-84.19444,The Highwaymen,0.0,folk-pop,1.0,18408,0,0.0,0.0,0.067,1.53292,0.88,0.42435,282.33098,0.299,-1.0,SOEYFOZ12A67ADF3F4,2.0,0.967,-9.851,1,0.748,265.822,0.797,0.14302,111.532,3.0,1.0,0,1995,the highwaymen,0
0.680263753,0.397517216,ARPUBU61187B98A4E6,53.26265,0,-2.13468,John Mayall,0.0,blues-rock,1.0,47227,0,0.0,1.0,1.0,0.60764,0.0,0.03341,193.12281,2.595,-1.0,SOFRTDY12A6D4F662E,4.0,0.0,-12.098,1,0.0,187.246,0.07,0.03341,209.955,4.0,0.483,0,1970,john mayall,0
0.543971487,0.358685666,ARWF1KM1187B9908CA,0.0,0,0.0,Spliff,0.0,pop rock,0.976627409,292085,85555,0.0,1.0,0.007,1.41017,0.406,1.41017,264.41098,8.899,0.575319688,SOVQYSA12A8C139616,11.0,0.285,-18.576,0,0.303,257.701,0.221,1.41017,107.965,4.0,0.222,0,1982,spliff,85555
0.821697317,0.601729756,ARXSABJ1187FB3C336,0.0,0,0.0,Deftones,0.0,rap metal,0.948416824,812391,0,0.0,2.0,0.741,2.81236,0.741,2.81236,188.26404,7.715,0.627531467,SOZWCKB12AB0186C5B,8.0,0.544,-4.365,1,0.424,188.264,0.045,2.81236,153.713,1.0,1.0,0,2010,deftones,0
0.626803106,0.405234691,ARJ9DSA1187B990E00,0.0,0,0.0,John Mayall,0.0,blues-rock,0.97665497,521596,0,0.0,2.0,0.271,0.89748,0.95,0.18748,262.79138,0.171,0.0,SOZLAER12A58A7CA05,5.0,0.161,-5.549,0,0.423,250.032,0.939,0.18748,172.909,4.0,0.785,0,2002,john mayall,0
0.749029875,0.575501205,ARZ96PB1187B98F5C9,36.16778,0,-86.77836,Jars Of Clay,0.0,ccm,0.999345611,574824,0,0.0,1.0,0.065,0.55063,0.0,0.077,191.81669,0.485,0.345802234,SOUNGLM12AB0187A31,2.0,0.544,-4.888,1,0.48,179.821,0.655,0.077,128.018,3.0,0.395,0,2006,jars of clay,0
0.495502207,0.322482578,ARP06GY1187B98B0F0,42.33168,0,-83.04792,Yami Bolo,0.0,roots reggae,0.940422952,646698,0,0.0,0.0,0.198,0.38262,0.35,0.38262,219.402,0.0,0.260506007,SORDRVY12AB0184281,0.0,0.647,-9.07,1,0.168,219.402,1.0,0.38262,85.811,4.0,0.449,0,2000,yami bolo,0
0.627970753,0.455884679,ARMDBW21187FB37126,16.85576,0,-69.46854,Grandmaster Flash,0.0,hip hop,1.0,774160,0,0.0,1.0,0.845,0.08375,0.261,0.08375,190.17098,0.0,0.266955186,SOPPWBB12AB0190513,7.0,0.095,-15.494,0,0.192,170.475,0.812,0.08375,117.535,4.0,0.653,0,1987,grandmaster flash,0
0.613464932,0.412115554,ARQ3VBJ1187FB3FE55,0.0,0,0.0,Dario Marianelli,0.0,symphony,0.833441351,78310,0,0.0,1.0,0.129,0.30116,0.0,0.30116,227.99628,8.028,0.355285536,SOZZUJY12A6D4F5786,5.0,0.291,-22.074,1,0.685,212.904,0.041,0.30116,126.615,3.0,0.417,0,2007,dario marianelli,0
0.579424109,0.386441097,AR7AOEJ1187FB3D279,33.35303,0,-90.59005,Little Milton,0.0,electric blues,0.940027818,746186,0,0.0,0.0,0.258,2.6977,0.625,2.21243,175.82975,2.966,-1.0,SOEJLYX12AC468C212,10.0,0.0,-11.798,0,0.0,168.304,0.345,1.96919,110.3,4.0,0.594,0,1994,little milton,0
0.752365974,0.440107997,ARV1ALU1187FB4D77E,33.6671,0,-117.76505,Eighteen Visions,0.0,alternative metal,0.980767933,715942,0,0.0,0.0,0.432,0.83194,0.0,0.26231,171.12771,0.0,-1.0,SOZJGIC12AB018937D,6.0,0.115,-6.076,1,0.485,166.597,0.476,0.07674,109.44,3.0,0.0,0,1997,eighteen visions,0
0.594047504,0.47136205,AR69GPS1187B99E556,44.00118,0,-71.6342,SUMO,0.0,gabba,0.887581005,509547,0,0.0,0.0,0.054,1.50508,1.0,0.36473,127.05914,0.165,0.487112195,SOWDRKM12AB01838C7,7.0,0.283,-5.454,1,0.443,127.059,0.452,0.08322,105.434,4.0,0.0,0,1987,sumo,0
0.837872047,0.532803542,ARVBRGZ1187FB4675A,0.0,0,0.0,Gwen Stefani,0.0,rock,1.0,106348,0,0.0,1.0,0.024,0.79715,1.0,0.31695,294.19057,0.287,-1.0,SOXPWVH12A8C13B68E,0.0,0.278,-6.805,1,0.396,284.549,1.0,0.07565,124.517,4.0,0.0,0,2006,gwen stefani,0
0.487445648,0.383140731,ARYV1OT1187B9B4C8E,0.0,0,0.0,Commander Cody And His Lost Planet Airmen,0.0,country rock,0.957775785,34539,0,0.0,1.0,1.0,0.22896,1.0,0.22896,161.88036,0.194,0.0,SONDXDP12A6D4F866C,2.0,0.859,-3.471,1,0.767,156.462,0.968,0.0495,166.531,1.0,0.0,0,1975,commander cody and his lost planet airmen,0
0.485792919,0.332870567,ARFZNR41187B990AF7,0.0,0,0.0,Sunnyland Slim,0.0,piano blues,0.961874769,175615,0,0.0,0.0,0.029,0.97092,1.0,0.63886,246.04689,0.519,0.265861049,SOVXEVL12A6D4FBF1D,7.0,0.566,-18.679,1,0.531,238.51,0.133,0.63886,186.511,4.0,0.784,0,1994,sunnyland slim,0
0.50904767,0.308058363,ARYJA8S1187B9AA816,0.0,0,0.0,The Zebras,0.0,disco,0.995299585,493633,0,0.0,0.0,0.0,0.41616,0.0,0.41616,131.68281,1.16,0.379523324,SOYHFNB12AB0180890,4.0,0.295,-6.583,1,0.403,121.922,0.545,0.21747,151.199,1.0,0.0,0,2006,the zebras,0
0.560351641,0.365026438,AROSW2I1187FB44866,0.0,0,0.0,Sonora Carruseles,0.0,salsa,1.0,230683,0,0.0,0.0,0.05,2.37533,0.946,0.12078,264.07138,0.229,-1.0,SOLDPJU12A81C2281E,1.0,0.361,-5.878,1,0.583,259.065,0.776,0.12078,80.672,7.0,0.638,0,2000,sonora carruseles,0
0.871010615,0.879236745,ARTH9041187FB43E1F,0.0,0,0.0,Eminem,0.0,hip hop,1.0,14297,0,0.0,2.0,0.722,5.72876,0.437,0.82051,242.62485,0.0,0.74302504,SOGRSAV12A6701FBBD,1.0,0.315,-2.198,1,0.403,236.495,0.476,0.34039,90.18,4.0,0.93,0,1998,eminem,0
0.679748141,0.458595403,AR1ZYLH1187B98C159,0.0,0,0.0,Naughty By Nature,0.0,gangster rap,0.999296643,426096,0,0.0,1.0,0.199,0.21802,0.17,0.21802,236.95628,0.0,0.463489662,SOESBKZ12A8C1445DA,7.0,0.693,-6.774,1,0.54,224.374,0.605,0.21802,142.82,5.0,1.0,0,1999,naughty by nature,0
0.517306574,0.455495289,AR3YJMO11C8A42B348,60.3907,0,5.33275,Vulture Industries,0.0,avantgarde metal,1.0,699988,0,0.0,0.0,0.618,1.37751,0.49,0.79833,379.29751,0.0,-1.0,SOAHRTY12AC468AF45,7.0,0.435,-3.738,0,0.455,379.298,0.427,0.49154,100.078,4.0,1.0,0,2007,vulture industries,0
0.674519457,0.441559083,AREN1A11187FB527EF,0.0,0,0.0,Roger Creager,0.0,honky tonk,0.967460526,229049,0,0.0,0.0,0.016,2.09031,1.0,0.61493,277.55057,0.188,0.33888672,SOZPDYY12A6D4FE551,0.0,0.822,-9.776,1,0.867,264.597,1.0,0.25196,80.975,4.0,0.313,0,2003,roger creager,0
0.765357013,0.755149913,ARGVJPK1187B9909EA,0.0,0,0.0,Josh Groban,0.0,pop rock,0.958328388,79578,0,0.0,1.0,0.35,3.34055,0.0,0.2889,152.0322,0.0,0.540786009,SOIUUCE12A6D4F7E2B,1.0,0.602,-15.95,1,0.632,135.697,0.0,0.2889,91.087,5.0,0.866,0,2006,josh groban,0
0.75504135,0.458592025,ARE0OLY1187B9AD19F,40.79263,0,-73.80817,Jesse Malin,0.0,urban folk,0.849336217,312553,0,0.0,1.0,0.053,1.48379,0.862,0.11043,238.52363,0.0,0.496175336,SOFVUCF12A8C141ABB,2.0,0.006,-8.14,1,0.346,233.506,1.0,0.11043,88.011,4.0,0.26,0,2008,jesse malin,0
0.595811747,0.387113765,AR9RTS51187B996CC8,19.59009,0,-155.43414,Bitty McLean,0.0,lovers rock,0.938730721,220083,0,0.0,1.0,0.009,1.4043,1.0,0.4598,216.21506,0.177,0.212045406,SOOGNRN12A8C13C8E0,0.0,0.942,-10.172,1,0.897,203.558,0.835,0.2228,127.601,4.0,0.985,0,1995,bitty mclean,0
0.614887588,0.377828215,ARV2X851187FB41A78,42.31256,0,-71.08868,Open Hand,0.0,post-grunge,1.0,717115,0,0.0,0.0,0.194,0.0508,0.194,0.0508,278.56934,0.0,-1.0,SOCNBNA12A58A79C7E,10.0,0.538,-4.842,1,0.659,275.818,0.852,0.0508,156.581,1.0,0.0,0,2000,open hand,0
0.448892805,0.398442224,ARKJKVO1187FB49D0A,0.0,0,0.0,"MichA""le Bernard",0.0,chanson,1.0,371969,0,0.0,0.0,0.66,0.73149,0.51,0.73149,136.98567,0.0,-1.0,SOBIQZV12A8C14345A,1.0,0.322,-14.293,0,0.644,124.865,0.588,0.1164,64.958,4.0,0.67,0,2008,"micha""le bernard",0
0.675919557,0.511054354,ARSHZBZ1187B98A445,0.0,0,0.0,Joe Bonamassa,0.0,blues-rock,0.916254371,703040,0,0.0,1.0,0.285,0.58388,0.382,0.58388,356.04853,0.0,0.270775999,SORCBTO12A8C13F22B,4.0,0.404,-9.159,0,0.415,356.049,0.034,0.23066,85.401,3.0,1.0,0,2009,joe bonamassa,0
0.830642317,0.54605418,ARXBOZ01187FB38261,44.80171,0,-68.77077,Howie Day,0.0,singer-songwriter,1.0,292313,0,0.0,0.0,0.008,0.96667,0.674,0.3113,277.002,0.078,-1.0,SOXAOZI12A8C139BB1,10.0,0.598,-12.316,1,0.637,268.011,0.696,0.14746,180.073,4.0,0.882,0,2003,howie day,0
0.657826886,0.458730806,ARS4KT21187B9B9438,0.0,0,0.0,Fito Paez,0.0,rock 'n roll,0.916230687,32993,0,0.0,0.0,0.017,2.88638,0.565,1.67953,284.26404,3.193,0.450762242,SOZEWXT12A6D4F9917,7.0,0.506,-7.107,1,0.361,269.137,0.077,1.52714,97.865,4.0,1.0,0,1990,fito paez,0
0.740796616,0.555741673,ARNRPI31187B9AC699,0.0,0,0.0,The Crystal Method,0.0,big beat,0.948653411,614972,0,0.0,2.0,0.056,1.35153,0.64,0.20768,341.08036,0.183,0.756814801,SOCWZCV12A58A7AB87,7.0,0.792,-9.276,1,0.604,336.742,0.688,0.20768,188.018,5.0,1.0,0,1995,the crystal method,0
0.518442304,0.422033836,ARZCNRW11F50C4A630,0.0,0,0.0,Groundhogs,0.0,blues-rock,1.0,613074,0,0.0,1.0,0.092,0.9054,0.518,0.1234,1023.86893,0.0,0.558022089,SOWRXNC12A8C1443EA,4.0,0.327,-13.806,1,0.274,1017.353,0.0,0.1234,126.57,3.0,0.555,0,1968,groundhogs,0
0.515033584,0.372356588,ARW9DSD1187B9A0345,0.0,0,0.0,Los Chunguitos,0.0,flamenco,1.0,167040,0,0.0,0.0,0.001,1.47523,0.919,0.31812,215.32689,0.271,-1.0,SOIXCZJ12A8C140279,1.0,0.488,-5.55,1,0.329,199.303,1.0,0.17387,103.886,4.0,0.161,0,2001,los chunguitos,0
0.3793712,0.272926797,ARCZN5K1187FB42CF8,31.1689,0,-100.07715,Joe Lopez,0.0,blues,1.0,1749,0,0.0,0.0,0.332,0.46721,1.0,0.09374,199.36608,0.229,0.358976526,SOCCFVI12A6D4F9646,0.0,0.65,-7.434,1,0.525,195.21,0.374,0.09374,161.979,3.0,0.246,0,2004,joe lopez,0
0.592472073,0.420627401,AR2HXXS1187B9AF3E2,0.0,0,0.0,Jesus Jones,0.0,dance rock,1.0,72070,0,0.0,1.0,0.154,2.04696,0.158,1.13474,201.16853,0.566,0.456949544,SOTMVUQ12A6BD53721,2.0,0.459,-13.419,1,0.427,189.835,0.386,0.56988,66.246,3.0,0.583,0,1990,jesus jones,0
0.640757317,0.451219237,ARMSL551187FB3F4B0,0.0,0,0.0,K's Choice,0.0,post-grunge,1.0,290001,0,0.0,0.0,0.159,1.47709,0.54,0.43736,183.09179,0.0,-1.0,SOONMNI12A8C134D2D,1.0,0.831,-14.469,1,0.804,174.991,0.535,0.17603,87.679,3.0,0.293,0,1998,k's choice,0
0.535702528,0.384986117,ARCID1N1187FB51DA0,0.0,0,0.0,Carlos NuA+-ez,0.0,flamenco,0.807502753,290201,0,0.0,0.0,0.166,0.57779,0.625,0.21346,213.89016,3.233,-1.0,SOUBXDE12A8C136133,7.0,0.584,-8.295,0,0.357,207.192,0.13,0.21346,162.442,4.0,0.709,0,2003,carlos nua+-ez,0
0.483243067,0.324430892,ARH4N0N1187FB3E1F1,0.0,0,0.0,Malkit Singh,0.0,broken beat,0.969921695,540372,0,0.0,1.0,0.416,0.92703,0.416,0.92703,430.94159,0.0,-1.0,SOEBQYQ12AB0183F46,5.0,0.536,-10.743,1,0.419,419.161,0.33,0.3927,56.886,1.0,0.0,0,2007,malkit singh,0
0.571681627,0.54000775,AR3FE581187FB3F90A,0.0,0,0.0,Fabolous,0.0,gangster rap,0.972556871,9045,0,0.0,1.0,0.392,0.76333,0.704,0.09537,319.92118,0.0,0.670675085,SOFMJHO12A58A7C148,1.0,0.6,-4.636,1,0.434,303.462,1.0,0.09537,90.086,4.0,1.0,0,2004,fabolous,0
0.865970006,0.59473386,ARJA1841187FB3A029,51.50632,0,-0.12714,David Bowie,0.0,dance rock,1.0,53426,0,0.0,3.0,0.186,0.13837,0.034,0.13837,243.06893,1.019,0.270583473,SOGDJWU12A58A7DA10,0.0,0.588,-10.502,1,0.561,239.52,0.034,0.13837,141.816,3.0,0.312,0,1982,david bowie,0
0.597531865,0.0,AR1PNWN1187FB4A404,29.76045,0,-95.36978,El Gran Combo De Puerto Rico,0.0,boogaloo,1.0,508013,0,0.0,0.0,0.171,0.97641,0.263,0.34635,271.64689,0.0,0.53465524,SOXZVOF12AB0185AF0,7.0,0.355,-7.537,0,0.444,267.865,0.591,0.18844,192.417,4.0,0.797,0,2006,el gran combo de puerto rico,0
0.405502993,0.0,AR8OA0X1187FB4FE50,0.0,0,0.0,Bobby Valentin,0.0,boogaloo,1.0,725685,0,0.0,1.0,0.029,0.80605,0.311,0.32678,177.50159,0.0,-1.0,SOULTFJ12AB018BE7B,0.0,0.732,-9.054,1,0.589,174.237,0.211,0.16783,126.202,4.0,0.0,0,1970,bobby valentin,0
0.552704815,0.387008322,AR9A5TK1187B9AD07F,0.0,0,0.0,fIREHOSE,0.0,alternative rock,0.980447258,86066,0,0.0,0.0,0.021,0.51283,0.761,0.51283,61.83138,0.191,0.537503904,SOZFZDT12A6D4F7646,5.0,0.065,-21.439,1,0.029,56.697,0.989,0.20906,76.354,4.0,0.0,0,1989,firehose,0
0.639165318,0.443395585,ARY02GH1187B99B223,0.0,0,0.0,Zombie Girl,0.0,electro,1.0,818242,0,0.0,1.0,0.047,0.86115,0.593,0.36316,256.73098,0.0,0.425124658,SOOKYPR12AB018AD0C,11.0,0.207,-7.479,0,0.548,245.412,0.847,0.03172,120.103,4.0,1.0,0,2009,zombie girl,0
0.631442224,0.448840338,ARS03Y81187B98E6ED,0.0,0,0.0,Life In Your Way,0.0,melodic hardcore,0.896554511,246006,0,0.0,0.0,0.153,2.95861,0.33,0.28781,198.05995,0.0,0.457447167,SOCRCJB12A8C1340CD,5.0,0.818,-4.62,1,0.698,198.06,0.831,0.12443,90.356,7.0,0.764,0,2005,life in your way,0
0.593240644,0.4642775,AR1NJEP1187FB4F4C1,0.0,0,0.0,22-20s,0.0,blues-rock,0.925814481,10180,0,0.0,1.0,0.616,0.71351,0.0,0.26113,317.46567,0.0,0.681755339,SODWQCV12A6701F288,6.0,0.413,-6.806,0,0.453,303.09,0.228,0.26113,133.325,4.0,0.982,0,2004,22-20s,0
0.478804445,0.312827767,ARW74FW1187FB554AD,0.0,0,0.0,Cookies,0.0,cantonese pop,0.970502702,671562,0,0.0,0.0,0.023,0.63685,0.655,0.16096,193.69751,6.792,0.375984302,SOMKHUF12AB0180C5E,6.0,0.833,-5.583,0,0.625,193.698,0.295,0.16096,125.971,4.0,0.541,0,2005,cookies,0
0.831197177,0.776167742,AR633SY1187B9AC3B9,0.0,0,0.0,Weezer,0.0,pop rock,0.999988619,676528,0,0.0,3.0,1.0,0.1519,1.0,0.1519,172.14649,0.084,0.715792637,SOBNCYQ12AB01876B5,6.0,0.733,-6.088,1,0.772,161.994,0.984,0.1519,104.115,1.0,0.0,0,2004,weezer,0
0.525475742,0.372393097,AROC6N61187FB40B14,0.0,0,0.0,Steven Halpern,0.0,meditation,1.0,600607,0,0.0,0.0,0.077,0.98,0.746,0.34638,223.73832,0.0,-1.0,SOLXXZC12A58A7B02D,9.0,0.742,-20.879,1,0.847,208.718,0.746,0.34638,205.204,4.0,0.227,0,2001,steven halpern,0
0.4152809,0.284260943,ARC3WPR1187B9A183E,0.0,0,0.0,Non Stop DJs,0.0,electro,1.0,598147,0,0.0,0.0,0.079,2.87235,0.314,0.27514,222.24934,0.0,-1.0,SOXMFQR12AC4686E84,1.0,0.419,-7.379,1,0.37,218.72,0.647,0.27514,123.975,5.0,1.0,0,2004,non stop djs,0
0.505644262,0.351210537,AROI96Z1187B9A5304,0.0,0,0.0,Mish Mash,0.0,vocal house,0.934236172,345570,0,0.0,0.0,0.018,1.1651,0.0,0.21793,211.90485,2.223,0.334706549,SODKCCT12A67ADA321,0.0,0.895,-7.963,1,0.52,201.747,0.156,0.21793,124.043,4.0,1.0,0,2006,mish mash,0
0.281714298,0.0,ARX83ZF1187FB3B66A,0.0,0,0.0,Helen Hobson,0.0,soundtrack,1.0,448651,0,0.0,0.0,0.173,0.43549,0.54,0.43549,176.97914,2.032,-1.0,SOTXCIT12AB0180723,8.0,0.665,-24.633,1,0.624,167.079,0.206,0.43549,107.537,7.0,0.738,0,1996,helen hobson,0
0.404823303,0.288050285,AR7LIU31187B98EF11,0.0,0,0.0,Rita Chiarelli,0.0,blues,1.0,238124,0,0.0,0.0,0.017,0.2699,0.769,0.2699,252.682,0.346,0.0,SOEFKLQ12A8C140047,7.0,0.787,-11.482,0,0.682,245.772,0.0,0.2699,89.919,3.0,1.0,0,1992,rita chiarelli,0
0.716101705,0.514523378,AR6I54S1187FB48C6B,0.0,0,0.0,Patty Griffin,0.0,folk-pop,0.999909218,696967,0,0.0,1.0,0.931,0.20139,0.931,0.20139,256.39138,0.146,0.490904201,SOVTZPG12AC468E907,9.0,0.403,-14.966,1,0.529,243.525,0.937,0.20139,56.184,1.0,0.0,0,2010,patty griffin,0
0.604479007,0.390489535,ARNLW7H1187B99EC9D,0.0,0,0.0,Trick Trick / Obie Trice,0.0,bass music,0.876083939,312458,0,0.0,0.0,0.068,0.57915,0.874,0.24484,266.78812,0.206,0.286560084,SOYJNAI12A8C14150D,10.0,0.055,-6.858,0,0.199,262.229,0.535,0.0781,180.02,4.0,0.856,0,2005,trick trick / obie trice,0
0.60027491,0.413159859,ARSSR8L1187B990BC5,50.67109,0,-1.32524,Joey Negro,0.0,deep house,0.956217151,208420,0,0.0,1.0,0.036,1.27571,0.0,0.34578,535.69261,2.026,0.224314282,SOKDVVW12A67ADD8AD,1.0,0.629,-6.983,1,0.573,525.549,0.536,0.11154,128.319,4.0,0.809,0,2005,joey negro,0
0.827776802,0.537799608,ARI7DOB1187FB37AA4,0.0,0,0.0,Bloc Party,0.0,indie rock,0.999962862,428920,0,0.0,2.0,0.094,2.47883,0.444,0.23084,247.97995,0.0,-1.0,SOTLQAD12A8C1432B4,6.0,0.355,-9.237,1,0.485,238.283,0.181,0.23084,160.26,7.0,0.969,0,2008,bloc party,0
0.843322339,0.554564302,ARG8DXO1187B9AF743,0.0,0,0.0,Less Than Jake,0.0,ska punk,0.999656278,230653,0,0.0,0.0,0.267,0.3613,0.267,0.3613,82.65098,0.0,-1.0,SOIXLNS12A8C146E42,9.0,0.765,-12.558,1,0.628,73.636,0.245,0.3613,192.239,1.0,0.095,0,1995,less than jake,0
0.635757022,0.379436972,AR0X3JJ1187FB3A9A7,0.0,0,0.0,Hank Locklin,0.0,honky tonk,1.0,692436,0,0.0,0.0,0.0,0.20253,0.0,0.20253,150.282,0.404,-1.0,SOVIMXL12AB01860DE,7.0,0.776,-12.804,1,0.678,144.44,0.877,0.20253,116.279,1.0,0.0,0,1995,hank locklin,0
0.791465542,0.477889304,ARRJ3UC1187FB579D7,0.0,0,0.0,Wyclef Jean,0.0,hip hop,1.0,521655,0,0.0,1.0,0.002,1.01476,0.0,0.59377,68.49261,0.43,0.407233015,SOPDTXH12A8C1411BD,7.0,0.345,-12.919,1,0.4,66.374,0.0,0.59377,142.666,4.0,0.695,0,2004,wyclef jean,0
0.608824806,0.428650989,ARONPP01187B995FB5,52.88356,0,-1.97406,Cockney Rejects,0.0,oi,0.97011454,610778,0,0.0,1.0,0.001,0.95181,0.847,0.20057,250.01751,0.543,0.450992312,SOKCJMY12A8C1449C1,9.0,0.367,-5.569,0,0.386,235.938,0.882,0.20057,165.621,4.0,0.0,0,1987,cockney rejects,0
0.679654239,0.380756416,ARXG6L11187FB5695E,52.47859,0,-1.9086,Swami,0.0,downtempo,1.0,627899,53431,0.0,1.0,0.028,0.42,0.81,0.42,259.91791,0.177,0.46238712,SOGTAFY12AB017CF0D,11.0,0.771,-6.066,1,0.587,256.714,0.868,0.20205,91.988,5.0,0.943,0,2009,swami,53431
0.664924362,0.496381146,ARN0DMU1187FB5B63A,0.0,0,0.0,Hall & Oates,0.0,pop rock,1.0,627878,0,0.0,0.0,0.595,0.33612,0.595,0.33612,170.29179,0.252,-1.0,SOATQEU12AB017BD60,8.0,0.541,-11.314,1,0.58,162.644,0.508,0.14447,153.802,1.0,0.0,0,1972,hall & oates,0
0.549353377,0.417124584,ARVQZNK11E2835CDAC,0.0,0,0.0,Archie Bell and The Drells,0.0,r&b,0.918689904,109026,0,0.0,1.0,0.225,0.65333,1.0,0.06321,193.95873,0.345,0.0,SOXBVUJ12A8C13CB38,6.0,0.827,-14.477,1,0.645,183.316,0.503,0.06321,100.922,4.0,0.364,0,2004,archie bell and the drells,0
0.557651997,0.348230027,ARYAEI81187FB3822D,0.0,0,0.0,Airto Moreira,0.0,latin jazz,1.0,35154,0,0.0,0.0,0.125,0.19298,0.471,0.19298,312.99873,0.0,-1.0,SOAZKKM12A6D4F7D9D,1.0,0.402,-12.589,0,0.394,305.505,0.527,0.19298,164.33,4.0,0.0,0,2003,airto moreira,0
0.609294155,0.373060493,AROGAPH1187B98CF9C,0.0,0,0.0,Benabar,0.0,chanson,1.0,299016,0,0.0,2.0,0.158,0.3195,0.364,0.3195,235.02322,0.0,-1.0,SOUYOSU12A8C139214,6.0,0.217,-6.711,1,0.352,235.023,0.235,0.10727,140.407,4.0,0.0,0,2001,benabar,0
0.724864482,0.524449471,ARX2DLI1187FB4DD03,0.0,0,0.0,The Presets,0.0,dance rock,0.999880965,30908,0,0.0,1.0,0.008,2.62008,0.66,2.16831,281.0771,2.705,0.488289876,SOFHZSP12A58A79004,9.0,0.039,-11.403,1,0.252,275.54,0.908,2.16831,132.946,4.0,1.0,0,2005,the presets,0
0.518743959,0.341288723,ARY4M3J1187B9AC94C,53.79449,0,-1.54658,John Sebastian,0.0,folk rock,0.994543804,620022,0,0.0,1.0,0.15,2.422,0.415,0.79197,284.00281,0.0,-1.0,SOXWTYQ12A58A7BDAD,9.0,0.712,-13.452,1,0.523,267.993,0.489,0.51006,71.952,3.0,0.646,0,2001,john sebastian,0
0.800295713,0.5457307,ARAKARO1187B9A1EB6,0.0,0,0.0,George Michael,0.0,rock,1.0,292560,0,0.0,2.0,0.332,0.62257,0.0,0.15553,266.94485,1.048,-1.0,SOXZAGF12CF5827515,10.0,0.113,-6.694,0,0.341,254.578,0.169,0.15553,128.407,4.0,0.814,0,2004,george michael,0
0.259632927,0.347104738,ARGAHPJ11F4C83E988,0.0,0,0.0,Tilman Sillescu,0.0,video game music,1.0,601529,0,0.0,0.0,0.18,0.80199,0.605,0.33757,123.24526,0.206,0.409876612,SOJDEBD12AB018512D,3.0,0.542,-10.844,0,0.522,109.912,0.261,0.33757,120.381,4.0,0.854,0,2008,tilman sillescu,0
0.392710303,0.311789406,ARO6WZY1187FB3A86E,0.0,0,0.0,Sonic Subjunkies,0.0,jungle music,0.991696732,505430,0,0.0,0.0,0.165,1.26205,0.774,0.40546,266.34404,0.392,0.0,SOOYJKF12AB0183217,1.0,0.61,-6.31,1,0.647,260.487,0.492,0.19378,143.267,3.0,0.973,0,1994,sonic subjunkies,0
0.630630038,0.417499645,ARMJAGH1187FB546F3,35.14968,0,-90.04892,The Box Tops,0.0,blue-eyed soul,1.0,300828,0,0.0,1.0,1.0,0.34026,1.0,0.34026,142.36689,0.183,-1.0,SOMLMFQ12A8C13C834,4.0,0.56,-11.669,1,0.206,135.564,1.0,0.34026,93.773,1.0,0.0,0,1968,the box tops,0
0.585161207,0.367071449,ARH8HRR1187FB5CBE8,0.0,0,0.0,Sharon Shannon,0.0,celtic rock,0.880581008,270410,0,0.0,2.0,0.072,0.50492,0.62,0.24915,191.92118,3.204,0.38293509,SOPFGRC12A81C220E1,3.0,0.794,-10.001,1,0.871,175.09,0.13,0.12126,234.334,4.0,0.0,0,2007,sharon shannon,0
0.520002445,0.460875113,ARH312K1187FB3F1D4,0.0,0,0.0,Beogradski Sindikat,0.0,hip hop,1.0,634063,0,0.0,0.0,0.521,0.68785,0.0,0.09258,415.50322,0.514,0.215080319,SOGAGGI12AB0183FC6,9.0,0.659,-7.763,0,0.502,402.303,0.208,0.09258,100.017,4.0,0.957,0,2002,beogradski sindikat,0
0.42739879,0.322717856,ARM2D2V1187B9AEB4F,0.0,0,0.0,The Reverend Peyton's Big Damn Band,0.0,delta blues,0.942686799,602681,0,0.0,0.0,0.001,0.83239,1.0,0.32465,179.46077,0.531,0.459724988,SOZMKSN12AC96186C4,0.0,0.039,-6.988,1,0.376,174.602,1.0,0.06695,118.167,4.0,0.709,0,2006,the reverend peyton's big damn band,0
0.507110849,0.385567523,ARWQ2DR1187B98FF28,32.46292,0,-84.98763,Ma Rainey,0.0,classic female blues,1.0,750556,0,0.0,0.0,0.889,1.52658,0.693,0.1111,179.61751,0.403,-1.0,SODPFQN12AB0182AE2,10.0,0.794,-16.358,1,0.788,175.914,0.411,0.1111,85.506,4.0,0.405,0,2005,ma rainey,0
0.830252262,0.507965802,ARYO9BU1187B9ADA88,0.0,0,0.0,Porcupine Tree,0.0,experimental rock,1.0,194440,0,0.0,4.0,0.463,2.33815,0.463,2.33815,162.06322,1.449,0.777828025,SOJNQAS12A8C134963,5.0,0.016,-25.745,1,0.508,152.276,0.137,1.66829,44.816,1.0,0.0,0,1991,porcupine tree,0
0.442334764,0.387350751,ARZ5T871187B9A03F3,24.55439,0,-81.80045,Stargarden,0.0,chill-out,0.906152852,485511,0,0.0,0.0,0.099,0.6831,0.485,0.22428,423.70567,0.142,0.0,SOEYLBU12AB017F771,9.0,0.947,-19.877,0,0.798,392.562,0.096,0.22428,131.85,5.0,0.861,0,2004,stargarden,0
0.57763315,0.439843854,ARU3YYC1187FB43FEE,-34.60852,0,-58.37354,Luis Alberto Spinetta,0.0,rock 'n roll,0.915657661,217025,0,0.0,0.0,0.006,0.36452,0.959,0.36452,191.60771,0.299,-1.0,SOXYIJD12A8C13DB7C,8.0,0.46,-20.009,0,0.378,176.663,0.914,0.0968,113.096,4.0,0.462,0,1983,luis alberto spinetta,0
0.626567713,0.443847739,ARVADXJ1187B99AA96,0.0,0,0.0,Ace Frehley,0.0,hard rock,1.0,596089,0,0.0,0.0,0.16,1.90261,0.0,1.24274,379.32363,4.696,0.606807293,SOGLLEM12AB0188E6E,7.0,0.776,-10.519,1,0.654,368.141,0.128,0.80356,89.965,3.0,0.657,0,2009,ace frehley,0
0.592472073,0.420627401,AR2HXXS1187B9AF3E2,0.0,0,0.0,Jesus Jones,0.0,dance rock,1.0,13857,0,0.0,1.0,0.114,0.19279,0.0,0.19279,203.65016,0.0,0.424090811,SOJLZWC12A6701EB67,0.0,0.914,-14.897,0,0.785,196.354,0.0,0.19279,195.824,4.0,0.586,0,1993,jesus jones,0
0.679519208,0.491828704,ARBM57Q1187B9AF97C,34.05349,0,-118.24532,James Horner,0.0,rock,1.0,314742,0,0.0,2.0,0.005,3.03585,0.319,2.11895,197.38077,7.454,-1.0,SOZCBCO12A8C142714,0.0,0.596,-29.407,1,0.555,190.868,0.031,2.11895,129.237,4.0,0.297,0,2000,james horner,0
0.550968916,0.336124425,ARR035B1187B99EF11,49.38426,0,-84.75627,Leeroy Stagger,0.0,folk rock,0.893940131,322686,0,0.0,0.0,0.227,3.26867,0.918,0.82222,304.22159,0.304,0.0,SORATLR12AAF3B3E19,5.0,0.691,-14.809,1,0.616,293.558,0.831,0.37186,75.487,4.0,0.305,0,2005,leeroy stagger,0
0.551565176,0.371302547,ARPEUYM1187FB4A97A,30.4951,0,-91.25276,Slim Harpo,0.0,harmonica blues,0.950365058,46489,0,0.0,0.0,0.453,0.65851,0.453,0.65851,153.67791,0.409,0.0,SOHDREN12A6D4F89EC,10.0,0.719,-14.234,1,0.652,146.042,0.219,0.23992,93.77,1.0,0.0,0,1993,slim harpo,0
0.525905072,0.343026179,AR6HLKR1187B9A735A,34.05349,0,-118.24532,Stimulator,0.0,hard trance,1.0,153610,0,0.0,0.0,0.012,0.83723,1.0,0.34901,213.55057,0.322,-1.0,SOUNBZQ12A8C1366A3,10.0,0.06,-5.279,0,0.333,208.057,0.993,0.1049,123.044,4.0,0.354,0,2004,stimulator,0
0.64651813,0.468462557,ARX134S1187FB46E56,0.0,0,0.0,Scott Matthews,0.0,folk rock,0.973231426,109988,0,0.0,1.0,0.029,0.2472,0.608,0.2472,299.72853,0.0,-1.0,SOKODRA12A8C13B4B5,4.0,0.7,-16.253,0,0.643,286.598,0.125,0.2472,173.945,4.0,0.563,0,2006,scott matthews,0
0.57328982,0.343772476,ARL6AH81187FB3B12A,0.0,0,0.0,Stephen Pearcy,0.0,glam metal,0.850894911,195226,0,0.0,0.0,0.109,1.13163,0.886,0.21274,216.63302,0.177,-1.0,SORXFQI12A8C132FAC,6.0,0.581,-2.456,1,0.591,204.934,1.0,0.21274,130.28,4.0,0.572,0,2002,stephen pearcy,0
0.821697317,0.601729756,ARXSABJ1187FB3C336,0.0,0,0.0,Deftones,0.0,rap metal,0.948416824,20137,0,0.0,2.0,0.194,1.05953,0.41,0.33991,334.75873,0.0,0.658851938,SONCELS12A58A7D2A7,11.0,0.006,-6.893,0,0.386,310.578,1.0,0.16008,166.03,4.0,0.0,0,2005,deftones,0
0.714201447,0.496123346,ARJVTRE1187B9959C0,40.71455,0,-74.00712,Foghat,0.0,blues-rock,0.946598075,62347,0,0.0,0.0,0.026,0.13358,1.0,0.13358,300.14649,0.072,0.265861049,SOJLMEY12A6D4FB027,6.0,0.548,-5.693,0,0.581,288.311,0.871,0.13358,137.804,4.0,0.862,0,1980,foghat,0
0.569481834,0.371935265,ARJ7BVZ1187B9A845F,0.0,0,0.0,DJ DLG feat. MC Flipside,0.0,tech house,0.935963672,503103,0,0.0,0.0,0.319,0.22105,0.844,0.22105,377.62567,0.0,0.212045406,SOCEPXD12AB01829AA,11.0,0.083,-5.98,1,0.339,358.905,0.594,0.22105,128.007,3.0,0.133,0,2006,dj dlg feat. mc flipside,0
0.690893776,0.566138398,AR8B7SK1187FB5322E,0.0,0,0.0,Pat Green,0.0,country rock,0.96963165,25159,0,0.0,1.0,0.238,0.77047,0.853,0.17862,295.75791,4.36,0.499445835,SOFRINM12A6D4F7B10,9.0,0.685,-7.867,1,0.723,276.12,0.078,0.17862,97.683,4.0,0.488,0,2001,pat green,0
0.798645179,0.552413346,AR6G4V01187B9AD086,0.0,0,0.0,Queens Of The Stone Age,0.0,stoner metal,0.920686051,14318,0,0.0,3.0,0.221,0.57745,0.294,0.57745,155.61098,0.0,0.671294134,SOKESRD12A6701E91C,1.0,0.583,-2.321,0,0.508,146.831,0.437,0.24831,88.889,4.0,0.628,0,2002,queens of the stone age,0
0.645192339,0.458738221,AR3THYK1187B999F1F,0.0,0,0.0,JoAPSo Gilberto,0.0,brazilian jazz,0.997881314,793013,0,0.0,2.0,0.625,2.29731,0.092,0.93998,153.70404,0.518,-1.0,SOKGCRN12AC468D603,0.0,0.42,-14.963,0,0.346,146.959,0.485,0.60024,91.493,4.0,0.258,0,1959,joapso gilberto,0
0.791465542,0.477889304,ARRJ3UC1187FB579D7,0.0,0,0.0,Wyclef Jean,0.0,hip hop,1.0,290113,0,0.0,1.0,0.094,0.06508,0.774,0.06508,7.13098,0.0,0.0,SOMZIHP12AC9E12A87,1.0,0.0,-13.558,1,0.0,7.131,0.774,0.06508,195.208,5.0,0.0,0,2002,wyclef jean,0
0.840432467,0.64298222,ARW1MUW1187FB4D5A1,0.0,0,0.0,3 Doors Down,0.0,post-grunge,0.919399761,216616,0,0.0,1.0,0.283,1.8064,0.752,0.2332,203.2322,0.0,-1.0,SOHGPEC12A8C13BBE8,6.0,0.0,-4.995,0,0.106,203.232,0.29,0.2332,151.8,5.0,0.676,0,2007,3 doors down,0
0.532742443,0.408424888,ARVBG53119B8668924,40.71455,0,-74.00712,Sub Swara,0.0,dubstep,1.0,598738,0,0.0,0.0,0.273,0.18918,0.565,0.18918,343.35302,0.171,-1.0,SOHQKEZ12AC46875E9,7.0,0.007,-9.822,1,0.296,317.62,0.703,0.18918,94.648,3.0,1.0,0,2008,sub swara,0
0.705876402,0.62220896,ARNZ70R1187B9A4824,0.0,0,0.0,Joe Satriani,0.0,instrumental rock,1.0,774391,0,0.0,1.0,0.295,1.87452,0.705,0.66892,415.4771,2.682,-1.0,SOQRIGO12AB018A90E,4.0,0.66,-8.531,1,0.447,409.832,0.147,0.66892,98.428,3.0,0.134,0,1998,joe satriani,0
0.447167953,0.321854069,ARTQ6AP1187B998A84,0.0,0,0.0,NG3,0.0,jungle music,0.832873482,65938,0,0.0,0.0,0.01,0.71127,1.0,0.18435,240.50893,0.107,-1.0,SOWETKI12A67ADC802,2.0,0.396,-3.304,1,0.278,237.43,0.378,0.18435,106.019,4.0,0.808,0,2003,ng3,0
0.498834975,0.379960767,AR9OLFX1187B9A5762,31.30757,0,-96.63166,Bob Willis,0.0,western swing,1.0,341483,0,0.0,0.0,0.0,0.42417,0.0,0.42417,146.72934,1.106,-1.0,SOUNVEQ12AB018630C,9.0,0.537,-9.599,1,0.368,138.739,0.497,0.18747,125.309,1.0,0.0,0,1993,bob willis,0
0.787098356,0.634412385,ARDIBRT1187B9AF176,0.0,0,0.0,Led Zeppelin,0.0,blues-rock,0.998128657,168737,0,0.0,6.0,0.129,1.44905,0.0,0.19765,330.78812,1.023,-1.0,SOUNPPV12A8C13F5D3,4.0,0.33,-8.852,0,0.183,324.232,0.08,0.19765,143.239,5.0,1.0,0,2007,led zeppelin,0
0.899934952,0.675887011,ARH6W4X1187B99274F,0.0,0,0.0,Radiohead,0.0,british pop,0.99997276,257658,0,0.0,5.0,0.183,0.25299,0.869,0.25299,249.93914,0.183,-1.0,SOAOPCG12AC468D27E,5.0,0.486,-11.637,0,0.541,229.82,0.592,0.25299,122.831,4.0,0.627,0,2000,radiohead,0
0.59249498,0.350628947,AR1VCLT1187FB4C8AC,0.0,0,0.0,Tum Tum,0.0,dirty south rap,0.936138181,113008,0,0.0,0.0,0.064,0.92516,0.0,0.09124,231.33995,0.258,-1.0,SOYIGVZ12A8C13C73D,11.0,0.663,-3.048,0,0.514,225.541,0.994,0.09124,144.412,4.0,0.524,0,2007,tum tum,0
0.550862755,0.323984055,AR7S6JV11A348F0C69,0.0,0,0.0,Vuneny,0.0,dub,1.0,466366,0,0.0,1.0,0.456,0.08482,0.446,0.08482,263.41832,0.0,0.340922756,SOMOFTZ12AB0182A54,8.0,0.06,-7.966,1,0.342,244.965,1.0,0.08482,133.297,3.0,0.411,0,2006,vuneny,0
0.941896455,0.598596745,ARY53RR1187B9AE485,44.16104,0,-77.3819,Avril Lavigne,0.0,teen pop,0.950349317,397470,0,0.0,2.0,0.214,0.86208,0.996,0.12101,260.44036,2.049,-1.0,SOEFXUF12AB018418B,2.0,0.352,-4.377,1,0.417,250.95,0.262,0.12101,162.025,3.0,0.454,0,2001,avril lavigne,0
0.878811344,0.653897217,AR8V1WA1187B9AD9E9,42.33168,0,-83.04792,The White Stripes,0.0,blues-rock,0.939101413,190662,0,0.0,2.0,0.011,1.7608,0.672,1.35509,160.31302,6.513,0.972386891,SOMKGQN12A8C1339D2,1.0,0.704,-9.385,1,0.521,156.479,0.074,1.35509,152.785,4.0,0.76,0,2005,the white stripes,0
0.422103043,0.340523827,AR0FGL21187FB56301,0.0,0,0.0,Ras Michael and the Sons of Negus,0.0,roots reggae,0.958633392,99128,0,0.0,1.0,0.258,0.05226,1.0,0.05226,243.98322,0.374,-1.0,SOYMWXX12A8C139730,8.0,0.47,-8.258,1,0.389,237.0,1.0,0.05226,162.618,4.0,0.212,0,1978,ras michael and the sons of negus,0
0.604586044,0.397850323,AR7UBXR1187B9AA0FB,52.47859,0,-1.9086,Musical Youth,0.0,reggae,1.0,202030,0,0.0,1.0,1.0,0.27035,1.0,0.27035,183.01342,0.578,0.542898743,SOTBDQJ12A8C136EAF,7.0,0.685,-8.972,1,0.749,171.392,1.0,0.27035,85.776,1.0,0.0,0,1982,musical youth,0
0.701441759,0.504307726,AR0O3AV1187FB4D030,40.71455,0,-74.00712,Agnostic Front,0.0,hardcore punk,0.999836752,504863,0,0.0,1.0,0.55,0.37419,0.55,0.37419,158.32771,0.085,0.425278331,SOQAZYX12AB0182724,4.0,0.288,-3.495,0,0.36,151.307,0.639,0.13978,87.872,1.0,0.0,0,2002,agnostic front,0
0.70549178,0.393457111,ARB0WNP1187B9AC4AB,0.0,0,0.0,Samy Deluxe,0.0,hip hop,1.0,114404,0,0.0,2.0,0.185,0.569,0.501,0.569,282.38322,0.0,0.425124658,SOIXZBS12A8C13DAFB,10.0,0.307,-6.022,0,0.405,280.189,0.452,0.24848,94.31,3.0,0.694,0,2006,samy deluxe,0
0.833590335,0.556477415,ARY55LO1187B9A3F17,0.0,0,0.0,Three 6 Mafia,0.0,dirty south rap,0.999717508,282489,0,0.0,0.0,0.383,0.43208,0.0,0.0462,190.74567,2.119,0.519448582,SOIRCEO12A8C134D85,6.0,0.713,-5.718,0,0.701,181.748,0.5,0.0462,155.08,4.0,0.846,0,2003,three 6 mafia,0
0.597113363,0.376556981,AR82GTS1187FB5662F,53.41961,0,-8.24055,Mary Black,0.0,country rock,0.950485156,209913,0,0.0,1.0,0.104,1.32373,1.0,0.32209,245.73342,0.247,0.427446572,SOOWJBD12A8C139450,7.0,0.528,-8.997,1,0.615,230.534,0.726,0.07101,120.172,4.0,0.905,0,1993,mary black,0
0.595645309,0.426009301,AR6EVQA1187B9AA1DF,0.0,0,0.0,Cocoa Tea,0.0,dancehall,0.962247474,263344,0,0.0,0.0,0.156,2.00169,0.447,0.42377,243.17342,0.195,0.424090811,SOIULKI12A58A7D8CD,11.0,0.144,-8.081,0,0.407,229.959,0.537,0.05969,110.706,5.0,0.992,0,1993,cocoa tea,0
0.747815369,0.459189195,ARTWPGO1187FB52DC3,0.0,0,0.0,Elephant Man,0.0,dancehall,1.0,124639,0,0.0,1.0,0.092,0.96944,0.327,0.30118,233.58649,0.0,-1.0,SONUXDT12A6D4FD8B7,6.0,0.892,-7.473,1,0.449,222.308,0.334,0.08681,80.521,3.0,1.0,0,2003,elephant man,0
0.662250484,0.410053623,ARNZPLV1187FB3DF5D,0.0,0,0.0,Capleton,0.0,dancehall,0.946977244,110108,0,0.0,1.0,0.372,0.72312,0.779,0.1359,223.39873,2.032,-1.0,SOBDGBW12A8C13D50B,8.0,0.45,-14.472,0,0.586,215.226,0.0,0.1359,102.399,4.0,1.0,0,1991,capleton,0
0.644478695,0.495729359,AR9SU0S1187FB53D0F,37.27188,0,-119.27023,Easy Star All-Stars,0.0,roots reggae,0.900223527,415336,0,0.0,1.0,0.375,0.8867,0.627,0.23574,196.23138,0.0,0.454042766,SOAGBCW12AB0183D8F,4.0,0.212,-9.311,1,0.253,189.417,0.503,0.23574,183.048,4.0,0.0,0,2009,easy star all-stars,0
0.56412895,0.397775654,AR14CJ91187FB3A994,35.52069,0,-84.36354,Eddy Arnold,0.0,honky tonk,1.0,341026,0,0.0,0.0,0.001,0.96082,1.0,0.45908,183.50975,0.358,-1.0,SOHUBRB12AB017E617,0.0,0.786,-16.968,1,0.677,175.369,1.0,0.45908,120.423,4.0,0.572,0,1956,eddy arnold,0
0.54768466,0.437050558,ARHXIOW1187FB3AF67,37.4876,0,139.83829,The Mad Capsule Markets,0.0,hard rock,0.94989837,166699,0,0.0,0.0,0.315,0.62209,0.663,0.27232,161.01832,2.27,-1.0,SOLPKNI12A8C13CA50,5.0,0.676,-4.279,1,0.452,161.018,0.127,0.10312,170.94,4.0,0.818,0,2004,the mad capsule markets,0
0.71401985,0.529258741,ARPNY981187B9ACB75,0.0,0,0.0,Eluveitie,0.0,death metal,1.0,212513,0,0.0,1.0,0.167,1.20014,0.592,0.56617,259.02975,2.85,-1.0,SOYOQSV12CF582753D,11.0,0.755,-2.731,0,0.618,252.97,0.209,0.09009,94.996,4.0,0.488,0,2008,eluveitie,0
0.62799739,0.365339653,ARILV5E1187B9959C8,0.0,0,0.0,Boogie Pimps,0.0,hard house,0.877277288,128803,0,0.0,1.0,0.161,0.99616,0.822,0.28974,333.89669,0.0,-1.0,SOCFPEQ12A6D4FC241,11.0,0.542,-7.269,0,0.536,297.767,1.0,0.05505,85.325,5.0,0.946,0,2007,boogie pimps,0
0.749796959,0.551552455,AR9YWMS1187FB43A34,0.0,0,0.0,Dinosaur Jr,0.0,indie rock,1.0,46122,0,0.0,1.0,0.097,0.82884,0.339,0.38889,298.57914,3.129,0.607036691,SOWQSUC12A6D4F969C,4.0,0.23,-5.899,1,0.37,287.126,0.151,0.16891,135.314,4.0,0.118,0,1991,dinosaur jr,0
0.691850737,0.467885511,ARFNJ4O1187B9A204B,52.47859,0,-1.9086,Broadcast,0.0,dream pop,0.961938144,533415,0,0.0,1.0,0.855,0.19268,0.855,0.19268,237.00853,0.131,0.612844603,SOEILXI12AB017CBA6,7.0,0.49,-9.664,1,0.553,232.24,0.679,0.19268,85.744,1.0,1.0,0,2005,broadcast,0
0.562090337,0.387146502,ARLT4N91187FB533DB,0.0,0,0.0,Low Millions,0.0,pop rock,0.994675929,154282,0,0.0,0.0,0.69,0.74152,0.69,0.74152,193.38404,0.0,-1.0,SOLIQRN12A8C1391A6,5.0,0.606,-6.016,1,0.575,182.938,1.0,0.47574,112.897,1.0,0.201,0,2004,low millions,0
0.541077953,0.304547713,ARGC7FQ1187FB409CC,40.71455,0,-74.00712,Stew,0.0,cabaret,0.964134923,140708,0,0.0,0.0,0.172,1.08906,0.711,0.45818,569.20771,0.0,0.0,SOJZKQG12A8C131DDC,3.0,0.05,-17.647,1,0.317,562.364,0.333,0.13498,96.598,7.0,0.667,0,2002,stew,0
0.58547954,0.364384925,ARW63KF1187B98AC48,46.71067,0,1.71819,Julien Clerc,0.0,chanson,1.0,514440,0,0.0,1.0,0.313,0.7209,0.0,0.39779,207.20281,0.0,-1.0,SOFLYRR12AB0181D04,1.0,0.0,-12.682,0,0.221,199.982,1.0,0.39779,193.426,4.0,0.0,0,1971,julien clerc,0
0.686452083,0.517259283,ARMD6JB1187FB3B0E7,0.0,0,0.0,Die Fantastischen Vier,0.0,pop rap,0.980635536,809638,0,0.0,2.0,0.087,0.28284,0.762,0.28284,316.55138,0.239,0.600471581,SODJEJR12AB018A460,10.0,0.0,-7.43,1,0.246,312.436,0.438,0.11804,95.863,4.0,0.932,0,2010,die fantastischen vier,0
0.631979086,0.399579658,AR3J4WZ1187B9B17ED,48.85692,0,2.34121,Gall_ France,0.0,chanson,1.0,211868,0,0.0,3.0,0.448,1.09616,0.0,0.11789,162.79465,2.577,0.392008772,SOGIMLG12A8C13A2C8,4.0,0.566,-9.18,1,0.176,152.253,0.326,0.11789,131.612,4.0,0.0,0,2006,gall_ france,0
0.606193496,0.407344288,AR2MEUK1187B992D1B,0.0,0,0.0,Jeff Scott Soto,0.0,symphonic rock,0.844147123,103106,0,0.0,0.0,0.03,1.09853,0.661,0.53155,281.70404,0.212,-1.0,SOMCLSH12AF72A5CA4,0.0,0.412,-8.061,0,0.615,269.415,0.965,0.24762,105.837,4.0,0.477,0,2004,jeff scott soto,0
0.506126774,0.350787891,AR5GLIU1187FB4638A,0.0,0,0.0,Memphis Jug Band,0.0,country blues,0.989090743,765209,0,0.0,0.0,1.0,1.61514,1.0,1.61514,184.52853,1.565,-1.0,SOAECCP12AB0186ADB,3.0,0.413,-27.737,0,0.29,179.206,0.641,1.61514,94.853,1.0,0.0,0,2005,memphis jug band,0
0.291673535,0.447199722,ARXUCPO12086C169A4,0.0,0,0.0,Frank Sinatra,0.0,bossa nova,0.947629481,360271,0,0.0,0.0,0.012,0.84788,0.853,0.84788,166.05995,0.442,-1.0,SOXRFSL12A58A78723,9.0,0.481,-18.197,0,0.562,155.881,0.233,0.56769,107.597,4.0,0.0,0,1967,frank sinatra,0
0.839962768,0.541888972,ARMAC4T1187FB3FA4C,40.82624,0,-74.47995,The Dillinger Escape Plan,0.0,math-core,0.944381208,240656,0,0.0,1.0,0.067,12.61236,0.251,0.72021,144.01261,0.0,0.652097591,SOZXTKD12A8C13FC43,9.0,0.28,-4.527,0,0.304,140.754,0.0,0.26885,71.707,5.0,0.38,0,1999,the dillinger escape plan,0
0.700446614,0.528795206,AR0XSOO1187B9B9E88,51.50632,0,-0.12714,Buzzcocks,0.0,new wave,0.958450854,986,0,0.0,2.0,0.094,0.84195,0.92,0.15947,135.23546,0.432,0.304169503,SOPYTWT12A6310EEF5,6.0,0.237,-7.324,0,0.486,124.68,0.534,0.15947,177.551,5.0,0.632,0,2008,buzzcocks,0
0.618002715,0.349476327,ARU9KWP1187B98B2A7,0.0,0,0.0,Busdriver,0.0,alternative hip hop,0.871237163,506022,0,0.0,1.0,0.455,0.71176,0.4,0.34563,311.11791,0.0,0.489174002,SOEENRO12AB01859DF,4.0,0.082,-6.818,0,0.0,304.141,0.209,0.16854,164.946,4.0,0.521,0,2009,busdriver,0
0.75738997,0.51676403,AR5OB9M1187FB52F29,0.0,0,0.0,Darryl Worley,0.0,soft rock,1.0,46454,0,0.0,0.0,0.094,0.55527,1.0,0.07062,226.2722,0.276,0.255077873,SOCJWPN12A6D4FB3C5,4.0,0.22,-9.344,1,0.336,219.028,0.833,0.07062,124.693,4.0,0.805,0,2002,darryl worley,0
0.623154284,0.429353515,ARBFDJW1187B9AD27A,30.2676,0,-97.74298,The Fabulous Thunderbirds,0.0,blues-rock,1.0,609807,0,0.0,0.0,0.189,1.53787,0.685,0.50712,154.53995,0.0,0.327736683,SOTQWQL12A58A78E4F,7.0,0.548,-6.923,1,0.512,150.018,0.531,0.33683,118.02,4.0,0.039,0,1979,the fabulous thunderbirds,0
0.13818761,0.31781096,ARL6XZC1187FB3936E,0.0,0,0.0,Solistiyhtye Suomi,0.0,german pop,1.0,303678,0,0.0,1.0,0.329,0.60794,1.0,0.16476,164.98893,0.334,-1.0,SOUDYBG12A8C13FD4D,10.0,0.417,-9.4,0,0.387,161.57,0.64,0.16476,134.48,4.0,0.066,0,2002,solistiyhtye suomi,0
0.488206851,0.271250596,ARYB42B1187FB37B01,0.0,0,0.0,Les Malpolis,0.0,chanson,1.0,449692,0,0.0,1.0,0.015,0.9804,0.413,0.61788,156.02893,0.0,-1.0,SOHNPLG12AB0182004,5.0,0.329,-7.943,0,0.411,152.648,0.299,0.44014,169.333,4.0,0.255,0,2003,les malpolis,0
0.567313224,0.580013183,ARAIABB1187B9AC6E2,0.0,0,0.0,Seal,0.0,dance pop,1.0,135662,0,0.0,2.0,0.173,2.17944,0.56,1.70437,828.05506,2.293,0.383733535,SOQJDEK12A8AE45E7A,2.0,0.859,-6.223,1,0.552,823.496,0.053,1.46859,128.45,4.0,0.081,0,2001,seal,0
0.59194061,0.405672136,ARYFAT91187B99FEF5,51.48126,0,-3.18067,Tigertailz,0.0,glam rock,0.862502936,743830,0,0.0,1.0,0.04,0.82615,0.176,0.35762,309.18485,0.0,-1.0,SOSIDUF12AC468D60B,2.0,0.33,-6.334,1,0.565,303.711,0.274,0.35762,134.056,4.0,0.497,0,2007,tigertailz,0
0.625190485,0.500946376,ARWC1WN1187FB516CE,0.0,0,0.0,Eric B. & Rakim,0.0,hip hop,1.0,247,0,0.0,1.0,0.954,0.70895,0.608,0.06412,282.04363,0.328,-1.0,SOLWCYO12A5829149B,7.0,0.0,-12.314,1,0.22,273.932,0.625,0.06412,94.499,4.0,1.0,0,1987,eric b. & rakim,0
0.638640406,0.460843483,ARW071B1187B9A603C,0.0,0,0.0,Unwritten Law,0.0,post-grunge,1.0,129275,0,0.0,1.0,0.052,0.73071,0.484,0.14761,183.74485,0.0,-1.0,SOXPWTF12A81355824,8.0,0.692,-4.26,0,0.669,169.401,1.0,0.14761,103.142,4.0,0.821,0,2005,unwritten law,0
0.545787042,0.348755668,ARIGAOX1187B9B21C8,0.0,0,0.0,C.L. Smooth,0.0,hip hop,1.0,228234,0,0.0,0.0,0.719,0.78144,0.664,0.78144,185.18159,0.276,-1.0,SOXLGIE12A6D4FD624,8.0,0.336,-13.91,1,0.303,185.182,0.979,0.48,100.552,4.0,0.329,0,2006,c.l. smooth,0
0.484463044,0.342537003,AR126G61187B9B88A6,0.0,0,0.0,Candy Lo,0.0,chinese music,0.940824497,542670,0,0.0,1.0,0.402,0.13347,0.497,0.13347,202.57914,0.456,0.349166902,SOJDFOK12AB018211B,3.0,0.609,-8.374,1,0.57,198.676,0.0,0.13347,124.019,4.0,0.0,0,2001,candy lo,0
0.661506487,0.533885537,ARCHKD91187B9A0A42,40.71455,0,-74.00712,The Ronettes,0.0,brill building pop,0.967826946,55322,0,0.0,1.0,1.0,0.25058,1.0,0.25058,182.83057,0.212,-1.0,SONSCMZ12A6D4F6EE9,2.0,0.879,-6.172,1,0.803,169.929,1.0,0.25058,106.671,1.0,0.0,0,1964,the ronettes,0
0.452483438,0.406198748,ARIEIJW1187B98F6DD,0.0,0,0.0,Oliver Kalkofe,0.0,comedy,1.0,335319,0,0.0,2.0,0.077,0.7046,0.787,0.40195,549.3024,0.334,0.215080319,SOQFMJN12AB0181D3D,6.0,0.262,-14.165,0,0.383,549.302,0.787,0.40195,258.677,4.0,0.866,0,2008,oliver kalkofe,0
0.675919557,0.511054354,ARSHZBZ1187B98A445,0.0,0,0.0,Joe Bonamassa,0.0,blues-rock,0.916254371,777947,0,0.0,1.0,0.065,1.78864,0.976,0.19394,258.7424,0.136,0.806399867,SOACMGG12AB0189F0D,7.0,0.735,-7.355,1,0.632,249.481,1.0,0.19394,75.064,3.0,0.741,0,2010,joe bonamassa,0
0.604258728,0.461023016,AR0CDSK1187FB52ED6,0.0,0,0.0,Asleep At The Wheel,0.0,western swing,1.0,71368,0,0.0,1.0,0.099,1.20975,0.815,0.23578,238.21016,0.067,0.580704293,SOFCCRW12A6D4FA064,11.0,0.046,-9.02,1,0.407,233.935,0.356,0.23578,122.166,4.0,0.738,0,2002,asleep at the wheel,0
0.70549178,0.393457111,ARB0WNP1187B9AC4AB,0.0,0,0.0,Samy Deluxe,0.0,hip hop,1.0,109835,0,0.0,2.0,0.479,1.13291,0.688,0.43164,235.98975,0.0,0.620581548,SOLPFAE12A8C13AF2D,1.0,0.554,-7.557,1,0.637,233.72,0.899,0.08057,85.865,4.0,0.651,0,2001,samy deluxe,0
0.915823253,0.655283798,ARBEOHF1187B9B044D,0.0,0,0.0,Madonna,0.0,dance pop,1.0,589241,0,0.0,3.0,0.023,0.77082,1.0,0.28157,269.58322,0.198,0.725984188,SOMNXCC12AB0187BE7,5.0,0.153,-3.579,0,0.38,259.802,1.0,0.03755,121.948,4.0,0.303,0,1986,madonna,0
0.804838889,0.457841156,AR0CANF1187B9AF35F,34.05349,0,-118.24532,Dilated Peoples Featuring Black Thought,0.0,turnablism,0.952586371,26034,0,0.0,1.0,0.744,0.25377,0.677,0.25377,236.72118,0.0,-1.0,SOWWOFM12A6D4F82F0,7.0,0.714,-5.265,1,0.565,222.801,0.629,0.25377,87.326,4.0,1.0,0,2001,dilated peoples featuring black thought,0
0.769687318,0.518399162,ARW9LQ31187FB4336D,41.52493,0,-88.08459,Drop Dead_ Gorgeous,0.0,screamo,1.0,264107,0,0.0,0.0,0.568,0.18526,0.568,0.18526,96.10404,0.0,-1.0,SOBPQVV12A8C13BE51,0.0,1.0,-3.973,0,0.802,92.34,0.568,0.18526,200.289,1.0,0.936,0,2006,drop dead_ gorgeous,0
0.844085061,0.71366982,ARM7EDF1187B9B3FA1,0.0,0,0.0,Guns N' Roses,0.0,heavy metal,0.938552196,15555,0,0.0,3.0,0.041,2.32913,0.437,1.81744,402.36363,0.0,0.502211221,SOSBXWX12A6701D235,6.0,0.741,-5.454,1,0.82,402.364,0.062,1.81744,122.838,4.0,0.554,0,1988,guns n' roses,0
0.0,0.399098558,ARWHVAC123E29C221D,0.0,0,0.0,Willie Isz,0.0,dirty south rap,0.836233555,476059,0,0.0,0.0,0.851,0.99269,0.851,0.99269,338.72934,0.0,0.385950835,SOXVMZV12A8C142488,1.0,0.0,-6.988,1,0.089,331.564,0.166,0.48037,83.573,1.0,1.0,0,2009,willie isz,0
0.51638034,0.405360801,AR6KNZ01187B9A35D1,34.05349,0,-118.24532,Justo Almario,0.0,latin jazz,0.948706389,446698,0,0.0,0.0,0.118,0.66902,0.301,0.0945,243.43465,0.345,0.37011948,SOPLYEI12AB0181C03,7.0,0.768,-8.864,1,0.657,227.515,0.82,0.0945,216.557,7.0,1.0,0,1995,justo almario,0
0.612837504,0.482298832,AR4IWYN1187FB47DF6,37.28848,0,-121.94486,Strata,0.0,post-grunge,1.0,631067,0,0.0,0.0,0.0,0.37215,0.838,0.37215,201.27302,0.346,0.755262765,SOKASWV12AB01857B5,5.0,0.426,-3.892,0,0.544,192.557,0.257,0.13631,125.562,4.0,1.0,0,2007,strata,0
0.535702528,0.384986117,ARCID1N1187FB51DA0,0.0,0,0.0,Carlos NuA+-ez,0.0,flamenco,0.807502753,441344,0,0.0,0.0,0.24,1.00561,0.0,0.1025,179.64363,2.473,0.327736683,SOYQKLT12AB01841BC,11.0,0.79,-10.375,1,0.732,174.597,0.095,0.1025,131.986,5.0,0.285,0,2007,carlos nua+-ez,0
0.647769063,0.40886172,ARY8LJ11187FB4019B,37.59791,0,69.86799,Floyd Cramer,0.0,instrumental pop,1.0,296910,0,0.0,0.0,0.239,1.83101,0.871,0.36669,117.4722,0.293,0.0,SOQLKYX12A8C13A7AB,2.0,0.186,-16.438,1,0.293,114.596,0.493,0.18623,83.724,4.0,0.0,0,1964,floyd cramer,0
0.652860466,0.38355747,ARR2BHS1187B9B8FA7,0.0,0,0.0,Minnie Riperton,0.0,soul jazz,0.965409234,696912,0,0.0,1.0,0.249,2.39307,0.421,0.44166,224.67873,0.402,-1.0,SOSJSMZ12AB0187EB3,9.0,0.296,-13.895,1,0.471,215.522,0.241,0.19512,122.832,5.0,1.0,0,1974,minnie riperton,0
0.724284927,0.501360613,AREGV3K1187B9AF614,0.0,0,0.0,MAPtley CrA1/4e,0.0,heavy metal,1.0,25838,0,0.0,1.0,0.181,0.84605,0.537,0.35044,201.40363,0.0,0.623235993,SONBMJI12A6D4F82B7,7.0,0.279,-7.606,0,0.482,192.824,0.936,0.10386,121.691,3.0,0.922,0,1981,maptley cra1/4e,0
0.565089892,0.448593803,AR1DLF21187FB3CBF0,0.0,0,0.0,4Him,0.0,ccm,1.0,575275,0,0.0,0.0,0.057,0.24803,0.834,0.24803,270.28853,0.194,-1.0,SOODKXT12AB01838B6,2.0,0.479,-12.922,1,0.559,256.151,0.806,0.24803,120.077,4.0,0.818,0,2000,4him,0
0.655888669,0.409729379,AR97V5X1187FB4AE98,0.0,0,0.0,Deep Blue Something,0.0,post-grunge,1.0,15535,0,0.0,1.0,0.47,0.72028,0.0,0.33873,199.3922,3.274,-1.0,SONQTUE12B0B80BA5A,0.0,0.429,-7.335,1,0.454,186.839,0.108,0.14651,158.244,4.0,0.927,0,1995,deep blue something,0
0.599464763,0.392747311,ARRSIQ11187B98F216,34.05349,0,-118.24532,Kevin Max,0.0,ccm,0.965021377,479760,0,0.0,0.0,0.901,1.70404,1.0,0.33016,219.01016,2.339,0.595926916,SONZEZC12A8C14580B,9.0,0.493,-6.968,1,0.519,202.548,0.168,0.33016,88.002,4.0,0.331,0,2008,kevin max,0
0.542299884,0.350928271,ARD4LQ61187FB470F1,33.53584,0,-92.82984,Little Willie John,0.0,soul jazz,0.924319864,322043,0,0.0,0.0,0.679,0.36066,0.679,0.36066,147.25179,0.0,0.460484845,SOVZNGE12AAF3B1E2A,8.0,0.681,-10.978,1,0.516,140.696,0.921,0.07734,105.653,1.0,0.0,0,1991,little willie john,0
0.749796959,0.551552455,AR9YWMS1187FB43A34,0.0,0,0.0,Dinosaur Jr.,0.0,indie rock,1.0,251204,0,0.0,1.0,0.527,0.08976,0.527,0.08976,198.53016,0.374,0.587426507,SOOAMWT12A8C13B479,0.0,0.456,-5.233,1,0.649,189.98,0.525,0.08976,185.452,1.0,0.0,0,1985,dinosaur jr.,0
0.737972528,0.555968804,ARAEX7Y1187FB42D36,0.0,0,0.0,Toni Braxton Featuring Babyface,0.0,dance pop,0.999854548,298352,0,0.0,1.0,0.021,0.488,0.603,0.488,240.61342,0.311,0.319565987,SOIRKJL12A8C13A2AA,10.0,0.0,-4.225,0,0.039,227.149,0.788,0.05368,103.832,4.0,0.986,0,2003,toni braxton featuring babyface,0
0.89185378,0.548228209,ARH9HS41187FB5BC6F,0.0,0,0.0,New Found Glory,0.0,pop punk,0.9999704,401052,0,0.0,0.0,0.326,0.62565,0.792,0.3139,208.27383,0.113,0.663193968,SOPHMRL12AB017E87B,4.0,0.662,-3.301,1,0.658,191.28,0.505,0.15255,192.07,4.0,0.937,0,2009,new found glory,0
0.341513855,0.25706292,ARFILWJ1187B9ADDBF,0.0,0,0.0,MarAa Elena Walsh,0.0,lullaby,1.0,509775,0,0.0,0.0,0.18,0.36967,0.343,0.36967,150.09914,0.0,-1.0,SOQEKJO12AB0188E78,0.0,0.526,-12.517,1,0.571,138.896,0.0,0.14075,131.552,3.0,1.0,0,2000,maraa elena walsh,0
0.764287183,0.576294651,ARKZXSQ1187B9AC9F3,0.0,0,0.0,Joy Division,0.0,alternative,0.992280518,242839,0,0.0,4.0,0.005,0.05878,0.781,0.05878,141.08689,0.0,-1.0,SOLHMRA12A8C13234A,2.0,0.239,-6.021,1,0.139,136.115,1.0,0.05878,150.04,4.0,1.0,0,1978,joy division,0
0.582034796,0.469055976,AR0ILWV1187FB47CAA,39.75911,0,-84.19444,Mouth Of The Architect,0.0,doom metal,0.995405934,780921,111,0.0,0.0,0.278,1.58596,0.366,0.56699,475.21914,0.0,0.690970954,SOQSJJL12AC46874BC,3.0,0.0,-8.316,1,0.29,455.593,0.265,0.31592,124.562,3.0,0.989,0,2006,mouth of the architect,111
0.772230439,0.511576783,ARJGQJD1187B997A00,0.0,0,0.0,It Dies Today,0.0,post-hardcore,1.0,479604,0,0.0,0.0,0.248,0.77426,0.858,0.16984,179.40853,0.0,-1.0,SOFOBSK12A8C1447C4,11.0,0.06,-4.027,1,0.396,179.409,0.278,0.16984,98.377,3.0,0.991,0,2006,it dies today,0
0.63939648,0.430942043,ARI4S0E1187B9B06C0,35.83073,0,-85.97874,David Arkenstone,0.0,celtic,0.992985879,149791,0,0.0,1.0,0.01,1.63812,0.345,1.63812,314.5922,3.895,0.360370583,SOBUUYV12A58A7DA27,9.0,0.658,-14.881,1,0.648,296.153,0.147,1.63812,141.975,4.0,0.659,0,1996,david arkenstone,0
0.722570574,0.499826314,AR4C6V01187FB3BAF4,39.55792,0,-7.84481,Moonspell,0.0,sympho black metal,0.999765395,691752,0,0.0,1.0,0.46,0.87991,0.719,0.44279,386.19383,0.177,0.594079585,SOLXXPY12A67ADABA0,7.0,0.374,-8.087,1,0.54,386.194,0.224,0.22262,140.185,4.0,0.099,0,1998,moonspell,0
0.511663445,0.409778998,AR9JLBU1187B9AAEC4,-33.96243,0,25.62326,Danny Williams,0.0,ballad,0.915417212,41649,0,0.0,1.0,0.103,1.63576,0.936,0.07692,168.01914,0.403,0.334706549,SOAYONI12A6D4F85C8,8.0,0.223,-14.517,1,0.398,163.463,0.604,0.07692,77.072,3.0,0.597,0,1998,danny williams,0
0.609181992,0.509243099,ARYXOV81187B99831D,0.0,0,0.0,Seventh Day Slumber,0.0,christian rock,0.926219624,64501,0,0.0,0.0,0.054,1.20349,0.749,0.40494,209.73669,0.125,0.780311604,SOFAOMI12A6D4FA2D8,2.0,0.315,-5.324,0,0.406,193.167,0.71,0.20535,150.575,4.0,0.317,0,2005,seventh day slumber,0
